cokey,chkey,compname,taxorder,ph,texture,drainage,moisture,organic_matter,soil_compaction,water_retention,soil_color,sand_pct,clay_pct,silt_pct,om_pct
14175226,40767011,Humphreys,Alfisols,5.3,silty,good,dry,moderate,moderate,moderate,dark brown,27.1,18.5,54.4,3.0
14175227,40767014,Decatur,Ultisols,5.3,silty,good,dry,low,moderate,high,red,26.3,21.0,52.7,1.25
14175228,40767017,Ennis,Inceptisols,5.3,silty,good,dry,moderate,moderate,moderate,brown,27.1,18.5,54.4,2.0
14175229,40767019,Dickson,Ultisols,5.0,silty,moderate,moderate,low,moderate,high,red,11.4,20.5,68.1,1.25
14175230,40767023,Lax,Ultisols,5.5,silty,moderate,moderate,low,moderate,high,red,13.8,16.5,69.7,1.25
14175231,40767027,Brandon,Ultisols,5.0,silty,good,wet,moderate,moderate,high,red,11.6,19.5,68.9,2.5
14175232,40767030,Saffell,Ultisols,5.0,loamy,good,dry,moderate,moderate,low,red,46.0,10.0,44.0,1.5
14175233,40767034,Dickson,Ultisols,5.0,silty,moderate,moderate,low,moderate,high,red,11.4,20.5,68.1,1.25
14175234,40767038,Emory,Inceptisols,5.6,silty,good,dry,moderate,moderate,high,brown,6.7,27.0,66.3,2.5
14175235,40767042,Guthrie,Ultisols,4.6,silty,poor,wet,moderate,moderate,high,red,13.6,17.5,68.9,1.5
14175236,40767045,Dickson,Ultisols,5.0,silty,moderate,moderate,low,moderate,high,red,11.4,20.5,68.1,1.25
14175237,40767049,Taft,Ultisols,5.0,silty,poor,wet,moderate,moderate,high,red,13.6,17.5,68.9,3.5
14175238,40767053,Bodine,Ultisols,4.6,silty,good,dry,moderate,moderate,moderate,red,30.4,14.0,55.6,1.5
14175239,40767056,Fullerton,Ultisols,5.0,silty,good,dry,low,moderate,moderate,red,26.3,21.0,52.7,1.25
14175240,40767061,Bewleyville,Ultisols,5.5,silty,good,wet,moderate,moderate,high,red,11.3,21.0,67.7,2.0
14175241,40767062,Chenneby,Inceptisols,5.3,silty,poor,wet,moderate,moderate,moderate,brown,11.6,19.5,68.9,1.75
14175242,40767065,Fullerton,Ultisols,5.0,silty,good,dry,low,moderate,moderate,red,26.3,21.0,52.7,1.25
14175243,40767068,Smithdale,Ultisols,5.0,sandy-loam,good,dry,low,moderate,moderate,red,69.7,8.5,21.8,1.25
14175244,40767071,Pruitton,Inceptisols,5.3,silty,good,dry,moderate,unknown,high,dark brown,27.0,19.0,54.0,3.0
14175245,40767074,Lobelville,Inceptisols,5.3,silty,moderate,moderate,moderate,moderate,moderate,brown,27.1,18.5,54.4,2.0
14175246,40767079,Mimosa,Alfisols,5.3,silty,good,dry,moderate,moderate,moderate,brown,18.1,31.0,50.9,2.0
14175247,40767081,Mimosa,Alfisols,5.3,silty,good,dry,moderate,moderate,moderate,brown,15.7,31.0,53.3,2.0
14175248,40767085,Bodine,Ultisols,4.6,silty,good,dry,moderate,moderate,moderate,red,30.4,14.0,55.6,1.5
14175249,40767088,Dickson,Ultisols,5.0,silty,moderate,moderate,low,moderate,high,red,11.4,20.5,68.1,1.25
14175250,40767092,Dickson,Ultisols,5.0,silty,moderate,moderate,low,moderate,high,red,11.4,20.5,68.1,1.25
14175251,40767097,Fullerton,Ultisols,5.0,silty,good,dry,low,moderate,moderate,red,26.3,21.0,52.7,1.25
14175252,40767099,Bewleyville,Ultisols,5.5,silty,good,wet,moderate,moderate,high,red,11.3,21.0,67.7,2.0
14175253,40767102,Sunlight,Ultisols,5.0,silty,good,dry,moderate,moderate,moderate,red,27.1,18.5,54.4,1.5
14175254,40767106,Minvale,Ultisols,5.0,silty,good,dry,low,moderate,moderate,red,22.4,22.5,55.1,1.25
14175255,40767109,Townley,Ultisols,4.6,silty,good,dry,low,moderate,moderate,red,27.1,18.5,54.4,1.25
14175256,40767116,Nauvoo,Ultisols,5.3,sandy-loam,good,dry,low,moderate,moderate,red,67.2,17.5,15.3,1.25
14175257,40767117,Allen,Ultisols,5.0,loamy,good,dry,moderate,moderate,moderate,red,44.0,15.5,40.5,1.75
14175258,40767121,Tasso,Ultisols,5.0,silty,good,dry,low,moderate,high,red,29.1,17.5,53.4,1.25
14175259,40767124,Wax,Ultisols,5.3,loamy,moderate,moderate,moderate,moderate,moderate,red,42.4,19.5,38.1,2.0
14175260,40767127,Nauvoo,Ultisols,5.3,sandy-loam,good,dry,low,moderate,moderate,red,67.2,17.5,15.3,1.25
14175261,40767131,Minvale,Ultisols,5.0,silty,good,dry,low,moderate,moderate,red,22.4,22.5,55.1,1.25
14175262,40767134,Mooreville,Inceptisols,5.0,silty,moderate,moderate,low,moderate,moderate,brown,29.7,16.0,54.3,1.25
14175263,40767137,Townley,Ultisols,4.6,loamy,good,dry,low,moderate,moderate,red,43.0,18.5,38.5,1.25
14175264,40767141,Quitman,Ultisols,5.0,loamy,poor,wet,moderate,moderate,high,red,46.0,10.0,44.0,2.0
14175265,40767144,Townley,Ultisols,4.6,silty,good,dry,low,moderate,moderate,red,27.1,18.5,54.4,1.25
14175266,40767148,Nella,Ultisols,5.0,sandy-loam,good,dry,moderate,moderate,moderate,red,66.5,18.5,15.0,1.75
14175267,40767151,Choccolocco,Ultisols,5.3,loamy,good,dry,moderate,moderate,moderate,red,41.7,16.0,42.3,2.0
14175268,40767154,Quitman,Ultisols,5.0,loamy,poor,wet,moderate,moderate,high,red,46.0,10.0,44.0,2.0
14175269,40767157,Sterrett,Alfisols,5.3,silty,poor,wet,moderate,moderate,moderate,brown,30.9,12.5,56.6,2.0
14175270,40767161,Minvale,Ultisols,5.0,loamy,good,dry,low,moderate,moderate,red,39.8,22.5,37.7,1.25
14175271,40767165,Townley,Ultisols,4.6,silty,good,dry,low,moderate,moderate,red,27.1,18.5,54.4,1.25
14175272,40767168,Minvale,Ultisols,5.0,loamy,good,dry,low,moderate,moderate,red,39.8,22.5,37.7,1.25
14175273,40767171,Bodine,Ultisols,4.6,loamy,good,dry,moderate,moderate,moderate,red,44.8,14.0,41.2,1.5
14175274,40767174,Gaylesville,Alfisols,4.8,silty,poor,wet,low,moderate,high,brown,20.5,25.0,54.5,1.25
14175275,40767177,Tanyard,Alfisols,5.6,silty,moderate,moderate,low,moderate,high,brown,29.1,17.5,53.4,1.25
14175276,40767182,Choccolocco,Ultisols,5.3,silty,good,dry,moderate,moderate,moderate,red,13.9,16.0,70.1,2.0
14175277,40767184,Wax,Ultisols,5.3,loamy,moderate,moderate,moderate,moderate,moderate,red,42.4,19.5,38.1,2.0
14175278,40767187,Mooreville,Inceptisols,5.0,silty,moderate,moderate,low,moderate,moderate,brown,29.7,16.0,54.3,1.25
14175279,40767190,Allen,Ultisols,5.0,sandy-loam,good,dry,moderate,moderate,moderate,red,68.4,15.5,16.1,1.75
14175280,40767193,Townley,Ultisols,4.6,silty,good,dry,low,moderate,moderate,red,27.1,18.5,54.4,1.25
14175281,40767197,Hanceville,Ultisols,5.5,sandy-loam,good,dry,low,moderate,moderate,red,66.5,19.5,14.0,1.25
14175283,40767202,Gorgas,Ultisols,5.5,sandy-loam,good,dry,low,compacted,moderate,red,67.9,12.5,19.6,1.25
14175284,40767205,Hanceville,Ultisols,5.5,sandy-loam,good,dry,low,moderate,moderate,red,66.5,19.5,14.0,1.25
14175285,40767209,Sullivan,Inceptisols,6.2,silty,good,dry,moderate,moderate,moderate,brown,26.1,21.5,52.4,2.0
14175286,40767211,Montevallo,Inceptisols,5.3,silty,good,dry,low,moderate,moderate,brown,29.3,17.0,53.7,1.25
14175287,40767214,Gorgas,Ultisols,5.5,sandy-loam,good,dry,low,compacted,moderate,red,67.9,12.5,19.6,1.25
14175288,40767217,Allen,Ultisols,5.0,sandy-loam,good,dry,moderate,moderate,moderate,red,68.4,15.5,16.1,1.75
14175289,40767220,Leesburg,Ultisols,5.0,sandy-loam,good,dry,low,moderate,moderate,red,65.7,11.5,22.8,1.25
14175290,40767224,Nauvoo,Ultisols,5.3,sandy-loam,good,dry,low,moderate,moderate,red,68.1,17.5,14.4,1.25
14175291,40767228,Nauvoo,Ultisols,5.3,sandy-loam,good,dry,low,moderate,moderate,red,68.1,17.5,14.4,1.25
14175292,40767232,Ellisville,Inceptisols,5.3,silty,good,dry,moderate,unknown,moderate,brown,6.9,25.0,68.1,1.75
14175293,40767234,Altavista,Ultisols,5.1,loamy,moderate,moderate,moderate,moderate,moderate,red,43.3,17.0,39.7,1.75
14175294,40767237,Osier,Entisols,4.8,sandy,poor,wet,moderate,moderate,low,dark brown,78.1,5.5,16.4,3.5
14175295,40767240,Cahaba,Ultisols,5.3,sandy-loam,good,dry,low,moderate,moderate,red,68.3,12.0,19.7,1.25
14175296,40767243,Ellisville,Inceptisols,5.3,silty,good,dry,moderate,unknown,moderate,brown,6.9,25.0,68.1,1.75
14175297,40767245,Bibb,Entisols,4.6,silty,poor,wet,moderate,moderate,high,brown,32.9,10.0,57.1,2.0
14175298,40767249,Altavista,Ultisols,5.1,loamy,moderate,moderate,moderate,moderate,moderate,red,43.3,17.0,39.7,1.75
14175299,40767250,Adaton,Alfisols,5.0,silty,poor,wet,moderate,moderate,high,brown,14.3,13.0,72.7,2.0
14175300,40767252,Dundee,Alfisols,5.3,silty,poor,wet,low,moderate,high,brown,11.4,20.0,68.6,0.75
14175301,40767255,Falkner,Alfisols,5.3,silty,poor,wet,moderate,moderate,high,brown,20.8,11.5,67.7,1.75
14175302,40767258,Cahaba,Ultisols,5.3,sandy-loam,good,dry,low,moderate,moderate,red,68.3,12.0,19.7,1.25
14175303,40767261,Cahaba,Ultisols,5.3,sandy-loam,good,dry,low,moderate,moderate,red,68.3,12.0,19.7,1.25
14175304,40767265,Choccolocco,Ultisols,5.3,silty,good,dry,moderate,moderate,moderate,red,13.9,16.0,70.1,2.0
14175305,40767267,Mantachie,Inceptisols,5.0,loamy,poor,wet,moderate,moderate,high,brown,44.8,14.0,41.2,2.0
14175306,40767269,Bama,Ultisols,5.3,sandy-loam,good,dry,low,moderate,moderate,red,69.2,14.5,16.3,0.75
14175307,40767273,Greenville,Ultisols,5.3,loamy,good,dry,moderate,moderate,moderate,red,39.8,22.5,37.7,2.0
14175308,40767274,Bama,Ultisols,5.3,sandy-loam,good,dry,low,moderate,moderate,red,69.2,14.5,16.3,0.75
14175309,40767277,Lucedale,Ultisols,5.8,sandy-loam,good,dry,low,moderate,high,red,63.9,5.5,30.6,1.25
14175310,40767279,Shatta,Ultisols,5.3,silty,moderate,moderate,moderate,moderate,high,red,14.3,12.5,73.2,1.75
14175311,40767282,Bibb,Entisols,4.6,sandy-loam,poor,wet,moderate,compacted,moderate,brown,66.9,10.0,23.1,2.0
14175312,40767284,Savannah,Ultisols,4.6,sandy-loam,moderate,moderate,moderate,moderate,moderate,red,67.3,9.5,23.2,1.75
14175313,40767287,Shatta,Ultisols,5.3,silty,moderate,moderate,moderate,moderate,high,red,14.3,12.5,73.2,1.75
14175314,40767290,Smithdale,Ultisols,5.0,sandy-loam,good,dry,low,moderate,moderate,red,69.7,8.5,21.8,1.25
14175315,40767294,Bama,Ultisols,5.3,sandy-loam,good,dry,low,moderate,moderate,red,69.2,14.5,16.3,0.75
14175316,40767296,Mantachie,Inceptisols,5.0,silty,poor,wet,moderate,moderate,high,brown,30.1,15.0,54.9,2.0
14175317,40767298,Luverne,Ultisols,4.6,sandy-loam,good,dry,low,moderate,moderate,red,67.0,13.5,19.5,0.75
14175318,40767303,Savannah,Ultisols,4.6,sandy-loam,moderate,moderate,moderate,moderate,moderate,red,67.3,9.5,23.2,1.75
14175319,40767305,Lucedale,Ultisols,5.8,sandy-loam,good,dry,low,moderate,high,red,63.9,5.5,30.6,1.25
14175320,40767307,Smithdale,Ultisols,5.0,sandy-loam,good,dry,low,moderate,moderate,red,69.7,8.5,21.8,1.25
14175321,40767311,Mantachie,Inceptisols,5.0,silty,poor,wet,moderate,moderate,high,brown,30.1,15.0,54.9,2.0
14175322,40767312,Smithdale,Ultisols,5.0,sandy-loam,good,dry,low,moderate,moderate,red,69.7,8.5,21.8,1.25
14175323,40767315,Palmerdale,Entisols,4.6,loamy,good,dry,low,compacted,low,brown,43.3,17.0,39.7,0.25
14175324,40767317,Smithdale,Ultisols,5.0,sandy-loam,good,dry,low,moderate,moderate,red,69.7,8.5,21.8,1.25
14175325,40767320,Pikeville,Ultisols,5.0,sandy-loam,good,dry,low,unknown,moderate,red,68.1,10.5,21.4,1.25
14175326,40767325,Flomaton,Ultisols,5.3,sandy,good,dry,low,moderate,low,red,78.1,5.5,16.4,0.25
14175327,40767326,Mantachie,Inceptisols,5.0,loamy,poor,wet,moderate,moderate,high,brown,44.8,14.0,41.2,2.0
14175328,40767328,Smithdale,Ultisols,5.0,sandy-loam,good,dry,low,moderate,moderate,red,69.7,8.5,21.8,1.25
14175329,40767331,Luverne,Ultisols,4.6,sandy-loam,good,dry,low,moderate,moderate,red,67.0,13.5,19.5,0.75
14175330,40767336,Flomaton,Ultisols,5.3,sandy,good,dry,low,moderate,low,red,78.1,5.5,16.4,0.25
14175331,40767337,Greenville,Ultisols,5.3,loamy,good,dry,moderate,moderate,moderate,red,39.8,22.5,37.7,2.0
14175332,40767339,Maubila,Ultisols,4.6,sandy,good,dry,low,moderate,low,red,82.2,9.0,8.8,0.75
14175333,40767343,Troup,Ultisols,5.3,sandy,good,dry,low,moderate,moderate,red,83.5,7.0,9.5,0.75
14175334,40767345,Luverne,Ultisols,4.6,sandy-loam,good,dry,low,moderate,moderate,red,67.0,13.5,19.5,0.75
14175335,40767349,Greenville,Ultisols,5.3,loamy,good,dry,moderate,moderate,moderate,red,39.8,22.5,37.7,2.0
14175336,40767351,Iuka,Entisols,5.6,sandy-loam,moderate,moderate,low,unknown,moderate,brown,66.3,10.5,23.2,1.25
14175337,40767354,Troup,Ultisols,5.3,sandy,good,dry,low,moderate,moderate,red,83.5,7.0,9.5,0.75
14175338,40767356,Flomaton,Ultisols,5.3,sandy,good,dry,low,moderate,low,red,78.1,5.5,16.4,0.25
14175339,40767358,Savannah,Ultisols,4.6,sandy-loam,moderate,moderate,moderate,moderate,moderate,red,67.3,9.5,23.2,1.75
14175340,40767361,Pikeville,Ultisols,5.0,sandy-loam,good,dry,low,unknown,moderate,red,68.1,10.5,21.4,1.25
14175341,40767366,Maubila,Ultisols,4.6,sandy-loam,good,dry,low,moderate,moderate,red,67.4,13.0,19.6,0.75
14175342,40767369,Greenville,Ultisols,5.3,loamy,good,dry,moderate,moderate,moderate,red,39.8,22.5,37.7,2.0
14175343,40767371,Savannah,Ultisols,4.6,sandy-loam,moderate,moderate,moderate,moderate,moderate,red,67.3,9.5,23.2,1.75
14175344,40767374,Bibb,Entisols,4.6,loamy,poor,wet,moderate,moderate,high,brown,46.0,10.0,44.0,2.0
14175345,40767376,Smithdale,Ultisols,5.0,sandy-loam,good,dry,low,moderate,moderate,red,68.0,8.5,23.5,1.25
14175346,40767379,Leaf,Ultisols,4.6,silty,poor,wet,moderate,moderate,high,red,27.1,18.5,54.4,2.0
14175347,40767381,Cahaba,Ultisols,5.3,sandy,good,dry,low,moderate,moderate,red,71.3,12.0,16.7,1.25
14175348,40767384,Angie,Ultisols,5.5,sandy-loam,moderate,moderate,moderate,moderate,moderate,red,69.3,9.0,21.7,1.75
14175349,40767386,Augusta,Ultisols,5.3,loamy,poor,wet,low,moderate,high,red,43.0,17.5,39.5,1.25
14175350,40767389,Savannah,Ultisols,4.6,sandy-loam,moderate,moderate,moderate,moderate,moderate,red,68.9,9.5,21.6,1.75
14175351,40767392,Alamuchee,Inceptisols,5.0,loamy,good,dry,moderate,moderate,moderate,brown,43.0,17.5,39.5,2.0
14175352,40767395,Amy,Ultisols,4.6,silty,poor,wet,moderate,moderate,moderate,red,14.0,15.0,71.0,1.75
14175353,40767399,Minter,Alfisols,5.0,silty,poor,wet,moderate,moderate,high,brown,26.4,20.5,53.1,2.0
14175354,40767401,Bigbee,Entisols,5.3,sandy,good,dry,low,moderate,low,brown,92.9,5.5,1.6,1.25
14175355,40767407,Annemaine,Ultisols,5.5,sandy-loam,moderate,moderate,low,moderate,moderate,red,68.8,15.0,16.2,0.75
14175356,40767408,Leaf,Ultisols,4.6,silty,poor,wet,moderate,moderate,high,red,27.1,18.5,54.4,2.0
14175357,40767410,Mooreville,Inceptisols,5.0,loamy,moderate,moderate,low,moderate,moderate,brown,43.8,16.0,40.2,1.25
14175358,40767413,Cahaba,Ultisols,5.3,sandy,good,dry,low,moderate,moderate,red,71.3,12.0,16.7,1.25
14175359,40767416,Savannah,Ultisols,4.6,loamy,moderate,moderate,moderate,moderate,high,red,46.2,9.5,44.3,1.75
14175360,40767421,Decatur,Ultisols,5.3,silty,good,dry,low,moderate,moderate,red,17.5,33.5,49.0,1.25
14175361,40767422,Decatur,Ultisols,5.3,silty,good,dry,low,moderate,high,red,26.3,21.0,52.7,1.25
14175362,40767425,Barfield,Mollisols,7.0,clay,good,dry,moderate,moderate,moderate,black,16.4,45.0,38.6,3.0
14175363,40767428,Fullerton,Ultisols,5.0,silty,good,dry,low,moderate,moderate,red,26.3,21.0,52.7,1.25
14175364,40767431,Fullerton,Ultisols,5.0,silty,good,dry,low,moderate,moderate,red,26.3,21.0,52.7,1.25
14175365,40767434,Bodine,Ultisols,4.6,silty,good,dry,moderate,moderate,moderate,red,30.4,14.0,55.6,1.5
14175366,40767437,Bewleyville,Ultisols,5.5,silty,good,wet,moderate,moderate,high,red,11.3,21.0,67.7,2.0
14175367,40767440,Emory,Inceptisols,5.6,silty,good,dry,moderate,moderate,high,brown,6.7,27.0,66.3,2.5
14175368,40767445,Guthrie,Ultisols,4.6,silty,poor,wet,moderate,moderate,high,red,13.6,17.5,68.9,1.5
14175369,40767447,Fullerton,Ultisols,5.0,silty,good,dry,low,moderate,moderate,red,26.3,21.0,52.7,1.25
14175370,40767450,Bewleyville,Ultisols,5.5,silty,good,wet,moderate,moderate,high,red,11.3,21.0,67.7,2.0
14175371,40767453,Chenneby,Inceptisols,5.3,silty,poor,wet,moderate,moderate,moderate,brown,11.6,19.5,68.9,1.75
14175372,40767456,Iuka,Entisols,5.6,sandy-loam,moderate,moderate,low,unknown,moderate,brown,66.3,10.5,23.2,1.25
14175373,40767459,Smithdale,Ultisols,5.0,sandy-loam,good,dry,low,moderate,moderate,red,68.0,8.5,23.5,1.25
14175374,40767462,Ora,Ultisols,4.6,sandy-loam,moderate,moderate,moderate,moderate,moderate,red,66.8,14.0,19.2,2.0
14175375,40767466,Luverne,Ultisols,4.6,sandy-loam,good,dry,low,moderate,moderate,red,67.0,13.5,19.5,0.75
14175376,40767470,Bama,Ultisols,5.3,sandy-loam,good,dry,low,moderate,moderate,red,66.4,14.5,19.1,0.75
14175377,40767473,Luverne,Ultisols,4.6,sandy-loam,good,dry,low,moderate,moderate,red,67.0,13.5,19.5,0.75
14175378,40767477,Minter,Alfisols,5.0,silty,poor,wet,moderate,moderate,high,brown,26.4,20.5,53.1,2.0
14175379,40767479,Smithdale,Ultisols,5.0,sandy-loam,good,dry,low,moderate,moderate,red,68.0,8.5,23.5,1.25
14175380,40767482,Bama,Ultisols,5.3,sandy-loam,good,dry,low,moderate,moderate,red,66.4,14.5,19.1,0.75
14175381,40767485,Saffell,Ultisols,5.0,sandy-loam,good,dry,moderate,moderate,moderate,red,67.9,12.5,19.6,1.5
14175382,40767489,Saffell,Ultisols,5.0,sandy-loam,good,dry,moderate,moderate,moderate,red,67.9,12.5,19.6,1.5
14175383,40767493,Smithdale,Ultisols,5.0,sandy-loam,good,dry,low,moderate,moderate,red,68.0,8.5,23.5,1.25
14175384,40767496,Dothan,Ultisols,5.3,sandy-loam,good,dry,low,moderate,moderate,red,69.6,14.0,16.4,0.75
14175385,40767499,Greenville,Ultisols,5.3,loamy,good,dry,moderate,moderate,moderate,red,39.8,22.5,37.7,2.0
14175386,40767501,Ora,Ultisols,4.6,sandy-loam,moderate,moderate,moderate,moderate,moderate,red,66.8,14.0,19.2,2.0
14175387,40767505,Bibb,Entisols,4.6,sandy-loam,poor,wet,moderate,compacted,moderate,brown,66.9,10.0,23.1,2.0
14175388,40767507,Dothan,Ultisols,5.3,sandy-loam,good,dry,low,moderate,moderate,red,69.6,14.0,16.4,0.75
14175389,40767511,Canton Bend,Alfisols,5.8,sandy-loam,good,dry,low,unknown,moderate,brown,68.9,9.5,21.6,1.25
14175390,40767513,Canton Bend,Alfisols,5.8,sandy-loam,good,dry,low,unknown,moderate,brown,68.9,9.5,21.6,1.25
14175391,40767516,Cahaba,Ultisols,5.3,sandy-loam,good,dry,low,moderate,moderate,red,68.3,12.0,19.7,1.25
14175392,40767520,Lenoir,Ultisols,4.6,loamy,poor,wet,moderate,moderate,moderate,red,45.4,13.0,41.6,3.0
14175393,40767521,Tuscumbia,Inceptisols,6.8,clay,poor,wet,moderate,moderate,high,brown,26.1,45.0,28.9,2.0
14175394,40767523,Minter,Alfisols,5.0,silty,poor,wet,moderate,moderate,high,brown,18.1,31.0,50.9,2.0
14175395,40767525,Cahaba,Ultisols,5.3,sandy-loam,good,dry,low,moderate,moderate,red,68.3,12.0,19.7,1.25
14175396,40767532,Eunola,Ultisols,5.0,sandy-loam,moderate,moderate,low,moderate,moderate,red,65.9,15.0,19.1,1.25
14175397,40767533,Annemaine,Ultisols,5.5,silty,moderate,moderate,low,moderate,moderate,red,30.1,15.0,54.9,0.75
14175398,40767538,Leeper,Inceptisols,7.0,clay,poor,wet,moderate,moderate,high,brown,26.1,45.0,28.9,2.5
14175399,40767542,Annemaine,Ultisols,5.5,sandy-loam,moderate,moderate,low,moderate,moderate,red,68.8,15.0,16.2,0.75
14175400,40767545,Lenoir,Ultisols,4.6,loamy,poor,wet,moderate,moderate,moderate,red,45.4,13.0,41.6,3.0
14175401,40767547,Myatt,Ultisols,5.3,sandy,poor,wet,moderate,moderate,moderate,red,70.1,13.5,16.4,2.25
14175402,40767550,Riverview,Inceptisols,5.5,silty,good,dry,low,moderate,high,brown,27.1,18.5,54.4,1.25
14175403,40767553,Mantachie,Inceptisols,5.0,silty,poor,wet,moderate,moderate,high,brown,30.1,15.0,54.9,2.0
14175404,40767555,Smithdale,Ultisols,5.0,sandy-loam,good,dry,low,moderate,moderate,red,69.7,8.5,21.8,1.25
14175405,40767558,Ora,Ultisols,4.6,sandy-loam,moderate,moderate,moderate,moderate,moderate,red,69.6,14.0,16.4,2.0
14175406,40767562,Boswell,Alfisols,5.0,sandy-loam,moderate,moderate,moderate,moderate,high,brown,67.9,12.5,19.6,2.5
14175407,40767564,Luverne,Ultisols,4.6,sandy,good,dry,low,moderate,moderate,red,70.1,13.5,16.4,0.75
14175408,40767570,Smithdale,Ultisols,5.0,sandy-loam,good,dry,low,moderate,moderate,red,69.7,8.5,21.8,1.25
14175409,40767571,Boswell,Alfisols,5.0,sandy-loam,moderate,moderate,moderate,moderate,high,brown,67.9,12.5,19.6,2.5
14175410,40767573,Luverne,Ultisols,4.6,sandy,good,dry,low,moderate,moderate,red,70.1,13.5,16.4,0.75
14175411,40767577,Luverne,Ultisols,4.6,sandy,good,dry,low,moderate,moderate,red,70.1,13.5,16.4,0.75
14175412,40767581,Ora,Ultisols,4.6,sandy-loam,moderate,moderate,moderate,moderate,moderate,red,69.6,14.0,16.4,2.0
14175413,40767585,Ora,Ultisols,4.6,sandy-loam,moderate,moderate,moderate,moderate,moderate,red,69.6,14.0,16.4,2.0
14175414,40767589,Luverne,Ultisols,4.6,sandy-loam,good,dry,low,moderate,moderate,red,67.0,13.5,19.5,0.75
14175415,40767593,Sacul,Ultisols,5.3,sandy,moderate,moderate,moderate,moderate,moderate,red,70.9,12.5,16.6,2.0
14175416,40767598,Ora,Ultisols,4.6,sandy-loam,moderate,moderate,moderate,moderate,moderate,red,69.6,14.0,16.4,2.0
14175417,40767601,Luverne,Ultisols,4.6,sandy-loam,good,dry,low,moderate,moderate,red,67.0,13.5,19.5,0.75
14175418,40767606,Sacul,Ultisols,5.3,sandy,moderate,moderate,moderate,moderate,moderate,red,70.9,12.5,16.6,2.0
14175419,40767609,Smithdale,Ultisols,5.0,sandy-loam,good,dry,low,moderate,moderate,red,68.0,8.5,23.5,1.25
14175420,40767612,Luverne,Ultisols,4.6,sandy-loam,good,dry,low,moderate,moderate,red,67.0,13.5,19.5,0.75
14175421,40767616,Smithdale,Ultisols,5.0,sandy-loam,good,dry,low,moderate,moderate,red,68.0,8.5,23.5,1.25
14175422,40767619,Sacul,Ultisols,5.3,sandy,moderate,moderate,moderate,moderate,moderate,red,70.9,12.5,16.6,2.0
14175423,40767623,Iuka,Entisols,5.6,sandy-loam,moderate,moderate,low,unknown,moderate,brown,66.3,10.5,23.2,1.25
14175424,40767626,Flomaton,Ultisols,5.3,sandy,good,dry,low,moderate,low,red,78.1,5.5,16.4,0.25
14175425,40767628,Flomaton,Ultisols,5.3,sandy,good,dry,low,moderate,low,red,78.1,5.5,16.4,0.25
14175426,40767630,Bibb,Entisols,4.6,sandy-loam,poor,wet,moderate,compacted,moderate,brown,66.9,10.0,23.1,2.0
14175427,40767632,Sacul,Ultisols,5.3,sandy,moderate,moderate,moderate,moderate,moderate,red,70.9,12.5,16.6,2.0
14175428,40767636,Flomaton,Ultisols,5.3,sandy,good,dry,low,moderate,low,red,78.1,5.5,16.4,0.25
14175429,40767638,Smithdale,Ultisols,5.0,sandy-loam,good,dry,low,moderate,moderate,red,69.7,8.5,21.8,1.25
14175430,40767641,Luverne,Ultisols,4.6,sandy,good,dry,low,moderate,low,red,83.8,7.0,9.2,0.75
14175431,40767645,Prentiss,Ultisols,5.0,sandy-loam,moderate,moderate,moderate,moderate,moderate,red,67.5,11.5,21.0,2.0
14175432,40767649,Smithdale,Ultisols,5.0,sandy-loam,good,dry,low,moderate,moderate,red,69.7,8.5,21.8,1.25
14175433,40767651,Ora,Ultisols,4.6,sandy-loam,moderate,moderate,moderate,moderate,moderate,red,69.6,14.0,16.4,2.0
14175434,40767655,Luverne,Ultisols,4.6,sandy,good,dry,low,moderate,low,red,83.8,7.0,9.2,0.75
14175435,40767660,Luverne,Ultisols,4.6,sandy,good,dry,low,moderate,low,red,83.8,7.0,9.2,0.75
14175436,40767663,Ora,Ultisols,4.6,sandy-loam,moderate,moderate,moderate,moderate,moderate,red,69.6,14.0,16.4,2.0
14175437,40767667,Smithdale,Ultisols,5.0,sandy-loam,good,dry,low,moderate,moderate,red,68.0,8.5,23.5,1.25
14175438,40767672,Luverne,Ultisols,4.6,sandy-loam,good,dry,low,moderate,moderate,red,67.0,13.5,19.5,0.75
14175439,40767674,Smithdale,Ultisols,5.0,sandy-loam,good,dry,low,moderate,moderate,red,69.7,8.5,21.8,1.25
14175440,40767677,Savannah,Ultisols,4.6,sandy-loam,moderate,moderate,moderate,moderate,moderate,red,68.9,9.5,21.6,1.75
14175441,40767681,Ora,Ultisols,4.6,sandy-loam,moderate,moderate,moderate,moderate,moderate,red,69.6,14.0,16.4,2.0
14175442,40767684,Prentiss,Ultisols,5.0,sandy-loam,moderate,moderate,moderate,moderate,moderate,red,67.5,11.5,21.0,2.0
14175443,40767687,Savannah,Ultisols,4.6,sandy-loam,moderate,moderate,moderate,moderate,moderate,red,68.9,9.5,21.6,1.75
14175444,40767690,Prentiss,Ultisols,5.0,sandy-loam,moderate,moderate,moderate,moderate,moderate,red,67.5,11.5,21.0,2.0
14175445,40767693,Mantachie,Inceptisols,5.0,silty,poor,wet,moderate,moderate,high,brown,30.1,15.0,54.9,2.0
14175446,40767695,Luverne,Ultisols,4.6,sandy-loam,good,dry,low,moderate,moderate,red,67.0,13.5,19.5,0.75
14175447,40767699,Iuka,Entisols,5.6,sandy-loam,moderate,moderate,low,unknown,moderate,brown,66.3,10.5,23.2,1.25
14175448,40767703,Luverne,Ultisols,4.6,sandy,good,dry,low,moderate,low,red,83.8,7.0,9.2,0.75
14175449,40767706,Smithdale,Ultisols,5.0,sandy-loam,good,dry,low,moderate,moderate,red,68.0,8.5,23.5,1.25
14175450,40767710,Ora,Ultisols,4.6,sandy-loam,moderate,moderate,moderate,moderate,moderate,red,69.6,14.0,16.4,2.0
14175451,40767713,Luverne,Ultisols,4.6,sandy-loam,good,dry,low,moderate,moderate,red,67.0,13.5,19.5,0.75
14175452,40767717,Flomaton,Ultisols,5.3,sandy,good,dry,low,moderate,low,red,78.1,5.5,16.4,0.25
14175453,40767719,Prentiss,Ultisols,5.0,sandy-loam,moderate,moderate,moderate,moderate,moderate,red,67.5,11.5,21.0,2.0
14175454,40767722,Ora,Ultisols,4.6,sandy-loam,moderate,moderate,moderate,moderate,moderate,red,69.6,14.0,16.4,2.0
14175455,40767726,Flomaton,Ultisols,5.3,sandy,good,dry,low,moderate,low,red,78.1,5.5,16.4,0.25
14175456,40767729,Sacul,Ultisols,5.3,sandy,moderate,moderate,moderate,moderate,moderate,red,70.9,12.5,16.6,2.0
14175457,40767732,Iuka,Entisols,5.6,sandy-loam,moderate,moderate,low,unknown,moderate,brown,66.3,10.5,23.2,1.25
14175458,40767735,Marietta,Inceptisols,6.7,silty,moderate,moderate,moderate,moderate,high,dark brown,30.9,12.5,56.6,3.0
14175459,40767738,Ora,Ultisols,4.6,sandy-loam,moderate,moderate,moderate,moderate,moderate,red,69.6,14.0,16.4,2.0
14175460,40767743,Oktibbeha,Vertisols,5.5,clay-loam,moderate,moderate,high,moderate,moderate,dark brown,34.2,33.5,32.3,4.5
14175461,40767745,Macon,Alfisols,5.3,sandy,good,dry,low,moderate,moderate,brown,70.1,13.5,16.4,1.25
14175462,40767748,Sumter,Inceptisols,7.5,clay,good,dry,moderate,moderate,moderate,dark brown,7.9,41.0,51.1,3.5
14175463,40767753,Vaiden,Vertisols,5.5,clay,poor,wet,low,moderate,moderate,brown,8.0,40.0,52.0,1.25
14175464,40767755,Oktibbeha,Vertisols,5.5,clay,moderate,moderate,high,moderate,moderate,dark brown,22.1,50.0,27.9,5.0
14175465,40767758,Leeper,Inceptisols,7.0,clay,poor,wet,moderate,moderate,high,brown,26.1,45.0,28.9,2.5
14175466,40767760,Sumter,Inceptisols,7.5,clay,good,dry,moderate,moderate,moderate,dark brown,7.9,41.0,51.1,3.5
14175467,40767764,Lucy,Ultisols,5.6,sandy,good,dry,low,moderate,moderate,red,84.3,6.5,9.2,0.75
14175468,40767767,Oktibbeha,Vertisols,5.5,clay-loam,moderate,moderate,high,moderate,moderate,dark brown,34.2,33.5,32.3,4.5
14175469,40767770,Vaiden,Vertisols,5.5,clay,poor,wet,low,moderate,moderate,brown,8.0,40.0,52.0,1.25
14175470,40767773,Sumter,Inceptisols,7.5,clay,good,dry,moderate,moderate,moderate,dark brown,7.9,41.0,51.1,3.5
14175471,40767779,Trinity,Vertisols,7.9,clay,poor,wet,moderate,moderate,moderate,brown,8.9,70.0,21.1,2.5
14175472,40767780,Faceville,Ultisols,5.0,sandy,good,dry,low,moderate,low,red,70.9,12.5,16.6,1.25
14175473,40767783,Savannah,Ultisols,4.6,sandy-loam,moderate,moderate,moderate,moderate,moderate,red,68.9,9.5,21.6,1.75
14175474,40767786,Savannah,Ultisols,4.6,sandy-loam,moderate,moderate,moderate,moderate,moderate,red,68.9,9.5,21.6,1.75
14175475,40767789,Luverne,Ultisols,4.6,sandy,good,dry,low,moderate,moderate,red,70.1,13.5,16.4,0.75
14175476,40767793,Ochlockonee,Entisols,5.5,sandy-loam,good,dry,low,moderate,moderate,brown,68.1,10.5,21.4,1.25
14175477,40767796,Bama,Ultisols,5.3,sandy-loam,good,dry,low,moderate,moderate,red,69.2,14.5,16.3,0.75
14175478,40767799,Smithdale,Ultisols,5.0,sandy-loam,good,dry,low,moderate,moderate,red,69.7,8.5,21.8,1.25
14175479,40767802,Sumter,Inceptisols,7.5,clay,good,dry,moderate,moderate,moderate,dark brown,7.9,41.0,51.1,3.5
14175480,40767806,Falaya,Entisols,5.0,silty,poor,wet,moderate,moderate,high,brown,20.7,12.0,67.3,1.75
14175481,40767809,Myatt,Ultisols,5.3,sandy,poor,wet,moderate,moderate,moderate,red,70.1,13.5,16.4,2.25
14175482,40767811,Smithdale,Ultisols,5.0,sandy-loam,good,dry,low,moderate,moderate,red,69.7,8.5,21.8,1.25
14175483,40767814,Troup,Ultisols,5.3,sandy,good,dry,low,moderate,moderate,red,83.8,7.0,9.2,0.75
14175484,40767816,Faceville,Ultisols,5.0,sandy,good,dry,low,moderate,low,red,70.9,12.5,16.6,1.25
14175485,40767819,Bama,Ultisols,5.3,sandy-loam,good,dry,low,moderate,moderate,red,69.2,14.5,16.3,0.75
14175486,40767822,Eutaw,Vertisols,5.3,clay,poor,wet,moderate,moderate,high,brown,26.1,45.0,28.9,2.0
14175487,40767825,Luverne,Ultisols,4.6,sandy,good,dry,low,moderate,moderate,red,70.1,13.5,16.4,0.75
14175488,40767830,Sumter,Inceptisols,7.5,clay,good,dry,moderate,moderate,moderate,dark brown,7.9,41.0,51.1,3.5
14175489,40767833,Leeper,Inceptisols,7.0,clay,poor,wet,moderate,moderate,high,brown,26.1,45.0,28.9,2.5
14175490,40767835,Trinity,Vertisols,7.9,clay,poor,wet,moderate,moderate,moderate,brown,8.9,70.0,21.1,2.5
14175491,40767838,Ora,Ultisols,4.6,sandy-loam,moderate,moderate,moderate,moderate,moderate,red,69.6,14.0,16.4,2.0
14175492,40767842,Izagora,Ultisols,4.8,loamy,moderate,moderate,low,moderate,high,red,44.3,15.0,40.7,1.25
14175493,40767845,Catalpa,Mollisols,7.3,clay-loam,poor,wet,moderate,moderate,high,black,37.9,30.0,32.1,3.0
14175494,40767847,Sumter,Inceptisols,7.5,clay,good,dry,moderate,moderate,moderate,dark brown,7.9,41.0,51.1,3.5
14175495,40767851,Myatt,Ultisols,5.3,sandy,poor,wet,moderate,moderate,moderate,red,70.1,13.5,16.4,2.25
14175496,40767854,Ora,Ultisols,4.6,sandy-loam,moderate,moderate,moderate,moderate,moderate,red,69.6,14.0,16.4,2.0
14175497,40767858,Saffell,Ultisols,5.0,sandy-loam,good,dry,moderate,moderate,moderate,red,67.9,12.5,19.6,1.5
14175498,40767862,Nella,Ultisols,5.0,sandy-loam,good,dry,moderate,moderate,moderate,red,67.3,18.5,14.2,1.75
14175499,40767865,Chisca,Alfisols,4.6,loamy,good,dry,moderate,moderate,moderate,brown,44.8,14.0,41.2,2.0
14175500,40767870,Decatur,Ultisols,5.3,silty,good,dry,low,moderate,moderate,red,17.5,33.5,49.0,1.25
14175501,40767873,Pikeville,Ultisols,5.0,sandy-loam,good,dry,low,unknown,moderate,red,66.3,10.5,23.2,1.25
14175502,40767877,Chenneby,Inceptisols,5.3,silty,poor,wet,low,moderate,moderate,brown,11.6,19.5,68.9,1.25
14175503,40767880,Nectar,Ultisols,5.6,sandy,good,dry,low,moderate,moderate,red,71.3,12.0,16.7,1.25
14175504,40767885,Barfield,Mollisols,7.0,clay,good,dry,moderate,moderate,moderate,black,16.4,45.0,38.6,3.0
14175505,40767888,Chisca,Alfisols,4.6,silty,good,dry,moderate,moderate,high,brown,20.9,24.5,54.6,2.0
14175506,40767893,Nectar,Ultisols,5.6,sandy,good,dry,low,moderate,moderate,red,71.3,12.0,16.7,1.25
14175507,40767898,Chenneby,Inceptisols,5.3,silty,poor,wet,moderate,moderate,moderate,brown,11.6,19.5,68.9,1.75
14175508,40767905,Capshaw,Alfisols,5.6,silty,moderate,moderate,moderate,moderate,high,brown,26.3,21.0,52.7,2.0
14175509,40767906,Luverne,Ultisols,4.6,sandy-loam,good,dry,low,moderate,moderate,red,67.0,13.5,19.5,0.75
14175510,40767910,Myatt,Ultisols,5.3,sandy,poor,wet,moderate,moderate,moderate,red,70.1,13.5,16.4,2.25
14175511,40767913,Falaya,Entisols,5.0,silty,poor,wet,moderate,moderate,high,brown,20.7,12.0,67.3,1.75
14175512,40767915,Ora,Ultisols,4.6,sandy-loam,moderate,moderate,moderate,moderate,moderate,red,69.6,14.0,16.4,2.0
14175513,40767919,Cahaba,Ultisols,5.3,sandy,good,dry,low,moderate,moderate,red,71.3,12.0,16.7,1.25
14175514,40767922,Faceville,Ultisols,5.0,sandy-loam,good,dry,low,moderate,low,red,67.9,12.5,19.6,1.25
14175515,40767925,Faceville,Ultisols,5.0,sandy,good,dry,low,moderate,low,red,70.9,12.5,16.6,1.25
14175516,40767928,Ochlockonee,Entisols,5.5,sandy-loam,good,dry,low,moderate,moderate,brown,68.1,10.5,21.4,1.25
14175517,40767931,Luverne,Ultisols,4.6,sandy,good,dry,low,moderate,moderate,red,70.1,13.5,16.4,0.75
14175518,40767936,Ora,Ultisols,4.6,sandy-loam,moderate,moderate,moderate,moderate,moderate,red,69.6,14.0,16.4,2.0
14175519,40767939,Savannah,Ultisols,4.6,sandy-loam,moderate,moderate,moderate,moderate,moderate,red,68.9,9.5,21.6,1.75
14175520,40767942,Ora,Ultisols,4.6,sandy-loam,moderate,moderate,moderate,moderate,moderate,red,69.6,14.0,16.4,2.0
14175521,40767947,Faceville,Ultisols,5.0,sandy,good,dry,low,moderate,low,red,70.9,12.5,16.6,1.25
14175522,40767949,Faceville,Ultisols,5.0,sandy,good,dry,low,moderate,low,red,70.9,12.5,16.6,1.25
14175523,40767952,Ochlockonee,Entisols,5.5,sandy-loam,good,dry,low,moderate,moderate,brown,68.1,10.5,21.4,1.25
14175524,40767957,Faceville,Ultisols,5.0,sandy,good,dry,low,moderate,low,red,70.9,12.5,16.6,1.25
14175525,40767958,Savannah,Ultisols,4.6,sandy-loam,moderate,moderate,moderate,moderate,moderate,red,68.9,9.5,21.6,1.75
14175526,40767961,Hiwassee,Ultisols,5.5,loamy,good,dry,low,moderate,moderate,red,37.1,22.5,40.4,1.25
14175527,40767964,Tatum,Ultisols,5.0,silty,good,dry,low,moderate,high,red,26.7,19.5,53.8,1.25
14175528,40767967,Quitman,Ultisols,5.0,loamy,poor,wet,moderate,moderate,high,red,46.0,10.0,44.0,2.0
14175529,40767970,Weogufka,Ultisols,5.3,sandy-loam,good,dry,moderate,moderate,moderate,red,65.9,15.0,19.1,2.0
14175530,40767974,Hiwassee,Ultisols,5.5,loamy,good,dry,low,moderate,moderate,red,37.1,22.5,40.4,1.25
14175531,40767977,Talladega,Ultisols,5.0,silty,good,dry,moderate,moderate,moderate,red,26.3,21.0,52.7,1.5
14175532,40767981,Talladega,Ultisols,5.0,silty,good,dry,moderate,moderate,moderate,red,26.3,21.0,52.7,1.5
14175534,40767987,Weogufka,Ultisols,5.3,sandy-loam,good,dry,moderate,moderate,moderate,red,65.9,15.0,19.1,2.0
14175535,40767992,Hiwassee,Ultisols,5.5,loamy,good,dry,low,moderate,moderate,red,37.1,22.5,40.4,1.25
14175536,40767993,Tatum,Ultisols,5.0,silty,good,dry,low,moderate,high,red,26.7,19.5,53.8,1.25
14175537,40767996,Choccolocco,Ultisols,5.3,silty,good,dry,moderate,moderate,moderate,red,13.9,16.0,70.1,2.0
14175538,40767999,Iredell,Alfisols,6.2,loamy,moderate,moderate,low,moderate,moderate,brown,43.0,17.5,39.5,1.25
14175539,40768003,Pacolet,Ultisols,5.5,sandy-loam,good,dry,low,moderate,low,red,66.8,14.0,19.2,1.25
14175540,40768007,Tatum,Ultisols,5.0,loamy,good,dry,low,moderate,moderate,red,42.4,19.5,38.1,1.25
14175541,40768010,Talladega,Ultisols,5.0,silty,good,dry,moderate,moderate,moderate,red,26.3,21.0,52.7,1.5
14175542,40768014,Pacolet,Ultisols,5.5,sandy-loam,good,dry,low,moderate,low,red,66.8,14.0,19.2,1.25
14175543,40768018,Tatum,Ultisols,5.0,loamy,good,dry,low,moderate,moderate,red,42.4,19.5,38.1,1.25
14175544,40768021,Congaree,Entisols,5.9,silty,good,dry,moderate,moderate,moderate,brown,29.1,17.5,53.4,2.5
14175545,40768024,Choccolocco,Ultisols,5.3,silty,good,dry,moderate,moderate,moderate,red,13.9,16.0,70.1,2.0
14175546,40768027,Pacolet,Ultisols,5.5,sandy-loam,good,dry,low,moderate,low,red,66.8,14.0,19.2,1.25
14175547,40768034,Talladega,Ultisols,5.0,silty,good,dry,moderate,moderate,moderate,red,26.3,21.0,52.7,1.5
14175548,40768035,Wilkes,Alfisols,5.8,loamy,good,dry,low,moderate,moderate,brown,45.7,12.5,41.8,1.25
14175549,40768038,Altavista,Ultisols,5.1,sandy-loam,moderate,moderate,moderate,moderate,moderate,red,68.5,17.0,14.5,1.75
14175550,40768041,Chewacla,Inceptisols,5.5,sandy,poor,wet,moderate,moderate,moderate,brown,70.9,12.5,16.6,2.5
14175551,40768047,Roanoke,Ultisols,4.6,silty,poor,wet,low,moderate,moderate,red,27.1,18.5,54.4,1.25
14175552,40768052,Hiwassee,Ultisols,5.5,sandy,good,dry,low,moderate,moderate,red,70.1,13.5,16.4,1.25
14175553,40768053,Congaree,Entisols,5.9,sandy-loam,good,dry,moderate,moderate,moderate,brown,68.5,10.0,21.5,2.0
14175554,40768056,Worsham,Ultisols,5.0,sandy-loam,poor,wet,moderate,moderate,moderate,red,65.9,15.0,19.1,1.5
14175555,40768059,Wickham,Ultisols,5.3,sandy-loam,good,dry,low,moderate,moderate,red,65.7,11.5,22.8,1.25
14175556,40768062,Wickham,Ultisols,5.3,sandy-loam,good,dry,low,moderate,moderate,red,65.7,11.5,22.8,1.25
14175557,40768065,Bibb,Entisols,4.6,sandy-loam,poor,wet,moderate,compacted,moderate,brown,66.9,10.0,23.1,2.0
14175558,40768067,Bibb,Entisols,4.6,sandy-loam,poor,wet,moderate,compacted,moderate,brown,68.5,10.0,21.5,2.0
14175559,40768069,Buncombe,Entisols,5.5,sandy,good,dry,low,compacted,low,brown,83.5,7.5,9.0,0.75
14175560,40768072,Bibb,Entisols,4.6,sandy-loam,poor,wet,moderate,compacted,moderate,brown,68.5,10.0,21.5,2.0
14175561,40768074,Troup,Ultisols,5.3,sandy,good,dry,low,moderate,moderate,red,83.8,7.0,9.2,0.75
14175562,40768076,Blanton,Ultisols,5.3,sandy,moderate,moderate,low,moderate,low,red,81.8,9.0,9.2,1.25
14175563,40768079,Kinston,Inceptisols,5.3,silty,poor,wet,moderate,moderate,moderate,dark brown,29.7,16.0,54.3,3.5
14175564,40768082,Uchee,Ultisols,5.0,sandy,good,dry,moderate,moderate,low,red,84.3,6.5,9.2,1.6
14175565,40768088,Uchee,Ultisols,5.0,sandy,good,dry,moderate,moderate,low,red,84.3,6.5,9.2,1.6
14175566,40768092,Troup,Ultisols,5.3,sandy,good,dry,low,moderate,moderate,red,83.8,7.0,9.2,0.75
14175567,40768096,Cowarts,Ultisols,5.0,sandy-loam,good,dry,moderate,moderate,moderate,red,67.9,12.5,19.6,2.0
14175568,40768100,Marvyn,Ultisols,5.3,sandy,good,dry,low,moderate,low,red,83.8,7.0,9.2,1.25
14175569,40768102,Blanton,Ultisols,5.3,sandy,moderate,moderate,low,moderate,low,red,81.8,9.0,9.2,1.25
14175570,40768105,Uchee,Ultisols,5.0,sandy,good,dry,moderate,moderate,low,red,84.3,6.5,9.2,1.6
14175571,40768110,Troup,Ultisols,5.3,sandy,good,dry,low,moderate,moderate,red,83.8,7.0,9.2,0.75
14175572,40768112,Rains,Ultisols,5.1,sandy,poor,wet,moderate,moderate,moderate,red,70.9,12.5,16.6,3.5
14175573,40768116,Cowarts,Ultisols,5.0,sandy-loam,good,dry,moderate,moderate,moderate,red,67.9,12.5,19.6,2.0
14175574,40768120,Troup,Ultisols,5.3,sandy,good,dry,low,moderate,moderate,red,83.8,7.0,9.2,0.75
14175575,40768122,Marvyn,Ultisols,5.3,sandy,good,dry,low,moderate,low,red,83.8,7.0,9.2,1.25
14175576,40768126,Louisburg,Ultisols,5.3,sandy-loam,good,dry,low,moderate,moderate,red,66.9,10.0,23.1,1.25
14175577,40768129,Uchee,Ultisols,5.0,sandy,good,dry,moderate,moderate,low,red,84.3,6.5,9.2,1.6
14175578,40768134,Luverne,Ultisols,4.6,sandy,good,dry,low,moderate,moderate,red,70.1,13.5,16.4,0.75
14175579,40768138,Cowarts,Ultisols,5.0,sandy-loam,good,dry,moderate,moderate,moderate,red,67.9,12.5,19.6,2.0
14175580,40768142,Bibb,Entisols,4.6,sandy-loam,poor,wet,moderate,compacted,moderate,brown,68.5,10.0,21.5,2.0
14175581,40768144,Greenville,Ultisols,5.3,sandy,good,dry,low,moderate,moderate,red,70.9,12.5,16.6,1.25
14175582,40768146,Luverne,Ultisols,4.6,sandy,good,dry,low,moderate,moderate,red,70.1,13.5,16.4,0.75
14175583,40768150,Cowarts,Ultisols,5.0,sandy,good,dry,low,moderate,low,red,84.3,6.5,9.2,1.25
14175584,40768154,Marvyn,Ultisols,5.3,sandy-loam,good,dry,low,moderate,moderate,red,66.9,10.0,23.1,1.25
14175585,40768158,Dothan,Ultisols,5.3,sandy-loam,good,dry,low,moderate,moderate,red,69.6,14.0,16.4,0.75
14175586,40768161,Louisburg,Ultisols,5.3,sandy-loam,good,dry,low,moderate,low,red,68.0,8.5,23.5,1.25
14175587,40768167,Madison,Ultisols,5.5,sandy-loam,good,dry,low,moderate,moderate,red,68.5,10.0,21.5,1.25
14175588,40768168,Pacolet,Ultisols,5.5,sandy-loam,good,dry,low,moderate,moderate,red,66.8,14.0,19.2,1.25
14175589,40768172,Tatum,Ultisols,5.0,loamy,good,dry,low,moderate,moderate,red,42.4,19.5,38.1,1.25
14175590,40768178,Weogufka,Ultisols,5.3,loamy,good,dry,moderate,moderate,moderate,red,44.3,15.0,40.7,2.0
14175591,40768179,Madison,Ultisols,5.5,sandy-loam,good,dry,low,moderate,moderate,red,68.5,10.0,21.5,1.25
14175592,40768183,Weogufka,Ultisols,5.3,loamy,good,dry,moderate,moderate,moderate,red,44.3,15.0,40.7,2.0
14175593,40768187,Gwinnett,Ultisols,5.8,sandy-loam,good,dry,moderate,moderate,moderate,red,61.4,20.0,18.6,2.0
14175594,40768191,Pacolet,Ultisols,5.5,sandy-loam,good,dry,low,moderate,moderate,red,66.8,14.0,19.2,1.25
14175595,40768195,Louisburg,Ultisols,5.3,sandy-loam,good,dry,low,moderate,low,red,68.0,8.5,23.5,1.25
14175596,40768198,Chewacla,Inceptisols,5.5,sandy,poor,wet,moderate,moderate,moderate,brown,70.9,12.5,16.6,2.5
14175597,40768203,Tatum,Ultisols,5.0,loamy,good,dry,low,moderate,moderate,red,42.4,19.5,38.1,1.25
14175598,40768206,Gwinnett,Ultisols,5.8,sandy-loam,good,dry,moderate,moderate,moderate,red,65.1,20.0,14.9,2.0
14175599,40768210,Louisburg,Ultisols,5.3,sandy-loam,good,dry,low,moderate,low,red,68.0,8.5,23.5,1.25
14175600,40768213,Cecil,Ultisols,5.5,sandy-loam,good,dry,low,moderate,low,red,67.9,12.5,19.6,0.75
14175601,40768217,Tallapoosa,Ultisols,4.8,silty,good,dry,low,moderate,high,red,29.7,16.0,54.3,0.75
14175602,40768221,Cecil,Ultisols,5.5,sandy-loam,good,dry,low,moderate,low,red,67.9,12.5,19.6,0.75
14175603,40768225,Madison,Ultisols,5.5,clay-loam,good,dry,low,moderate,moderate,red,33.5,30.0,36.5,1.25
14175604,40768229,Madison,Ultisols,5.5,sandy-loam,good,dry,low,moderate,moderate,red,68.5,10.0,21.5,1.25
14175605,40768233,Congaree,Entisols,5.9,sandy-loam,good,dry,moderate,moderate,moderate,brown,66.9,10.0,23.1,2.0
14175606,40768236,Louisa,Inceptisols,5.3,sandy-loam,good,dry,low,moderate,moderate,brown,67.2,17.5,15.3,1.25
14175607,40768240,Louisa,Inceptisols,5.3,sandy-loam,good,dry,low,moderate,moderate,brown,67.2,17.5,15.3,1.25
14175608,40768244,Louisburg,Ultisols,5.3,sandy-loam,good,dry,low,moderate,low,red,68.0,8.5,23.5,1.25
14175609,40768247,Chewacla,Inceptisols,5.5,sandy,poor,wet,moderate,moderate,moderate,brown,70.9,12.5,16.6,2.5
14175610,40768252,Tallapoosa,Ultisols,4.8,silty,good,dry,low,moderate,high,red,29.7,16.0,54.3,0.75
14175611,40768256,Hiwassee,Ultisols,5.5,loamy,good,dry,low,moderate,moderate,red,37.1,22.5,40.4,1.25
14175612,40768261,Wilkes,Alfisols,5.8,loamy,good,dry,low,moderate,moderate,brown,45.7,12.5,41.8,1.25
14175613,40768262,Troup,Ultisols,5.3,sandy,good,dry,low,moderate,moderate,red,83.5,7.0,9.5,0.75
14175614,40768264,Luverne,Ultisols,4.6,sandy,good,dry,low,moderate,moderate,red,70.1,13.5,16.4,0.75
14175615,40768268,Bibb,Entisols,4.6,sandy-loam,poor,wet,moderate,compacted,moderate,brown,66.9,10.0,23.1,2.0
14175616,40768271,Smithdale,Ultisols,5.0,sandy-loam,good,dry,low,moderate,moderate,red,68.0,8.5,23.5,1.25
14175617,40768274,Saffell,Ultisols,5.0,sandy-loam,good,dry,moderate,moderate,moderate,red,67.9,12.5,19.6,1.5
14175618,40768277,Toccoa,Entisols,5.8,sandy-loam,moderate,moderate,moderate,moderate,moderate,pale,69.7,8.5,21.8,1.5
14175619,40768279,Flomaton,Ultisols,5.3,sandy,good,dry,low,moderate,low,red,78.1,5.5,16.4,0.25
14175620,40768282,Flomaton,Ultisols,5.3,sandy,good,dry,low,moderate,low,red,78.1,5.5,16.4,0.25
14175621,40768283,Luverne,Ultisols,4.6,sandy,good,dry,low,moderate,moderate,red,70.1,13.5,16.4,0.75
14175622,40768287,Dothan,Ultisols,5.3,sandy-loam,good,dry,low,moderate,moderate,red,69.6,14.0,16.4,0.75
14175623,40768290,Troup,Ultisols,5.3,sandy,good,dry,low,moderate,moderate,red,83.5,7.0,9.5,0.75
14175624,40768293,Saffell,Ultisols,5.0,sandy-loam,good,dry,moderate,moderate,moderate,red,67.9,12.5,19.6,1.5
14175625,40768296,Capshaw,Alfisols,5.6,silty,moderate,moderate,moderate,moderate,high,brown,26.3,21.0,52.7,2.0
14175626,40768301,Chisca,Alfisols,4.6,silty,good,dry,moderate,moderate,high,brown,20.9,24.5,54.6,2.0
14175627,40768306,Tupelo,Alfisols,5.8,silty,poor,wet,moderate,moderate,high,brown,22.4,22.5,55.1,2.0
14175628,40768309,Ketona,Alfisols,7.3,silty,poor,wet,moderate,moderate,moderate,brown,8.4,37.5,54.1,2.5
14175629,40768312,Colbert,Alfisols,5.5,silty,moderate,moderate,low,moderate,high,brown,17.5,33.5,49.0,1.25
14175630,40768318,Hollywood,Vertisols,7.3,clay,moderate,moderate,moderate,moderate,high,dark brown,8.0,40.0,52.0,3.5
14175631,40768320,Chenneby,Inceptisols,5.3,silty,poor,wet,moderate,moderate,moderate,brown,11.6,19.5,68.9,1.75
14175632,40768323,Etowah,Ultisols,5.0,silty,good,dry,moderate,moderate,high,red,26.3,21.0,52.7,2.0
14175633,40768326,Barfield,Mollisols,7.0,clay,good,dry,moderate,moderate,moderate,black,7.2,45.0,47.8,3.0
14175634,40768329,Colbert,Alfisols,5.5,silty,moderate,moderate,low,moderate,high,brown,29.7,16.0,54.3,1.25
14175635,40768334,Remlap,Ultisols,4.3,silty,good,dry,low,moderate,high,red,18.0,27.5,54.5,0.75
14175636,40768337,Colbert,Alfisols,5.5,silty,moderate,moderate,low,moderate,high,brown,29.7,16.0,54.3,1.25
14175637,40768342,Remlap,Ultisols,4.3,silty,good,dry,low,moderate,high,red,18.4,27.5,54.1,0.75
14175638,40768345,Cowarts,Ultisols,5.0,sandy-loam,good,dry,moderate,moderate,moderate,red,67.9,12.5,19.6,2.0
14175639,40768349,Luverne,Ultisols,4.6,sandy-loam,good,dry,low,moderate,moderate,red,67.0,13.5,19.5,0.75
14175640,40768353,Luverne,Ultisols,4.6,sandy-loam,good,dry,low,moderate,moderate,red,67.0,13.5,19.5,0.75
14175641,40768357,Marvyn,Ultisols,5.3,sandy-loam,good,dry,low,moderate,moderate,red,66.9,10.0,23.1,1.25
14175642,40768361,Cowarts,Ultisols,5.0,sandy-loam,good,dry,moderate,moderate,moderate,red,67.9,12.5,19.6,2.0
14175643,40768365,Marvyn,Ultisols,5.3,sandy-loam,good,dry,low,moderate,moderate,red,66.9,10.0,23.1,1.25
14175644,40768369,Luverne,Ultisols,4.6,sandy,good,dry,low,moderate,moderate,red,70.1,13.5,16.4,0.75
14175645,40768373,Lucedale,Ultisols,5.8,sandy-loam,good,dry,low,moderate,high,red,63.9,5.5,30.6,1.25
14175646,40768375,Troup,Ultisols,5.3,sandy,good,dry,low,moderate,moderate,red,83.8,7.0,9.2,0.75
14175647,40768377,Bibb,Entisols,4.6,loamy,poor,wet,moderate,moderate,high,brown,46.0,10.0,44.0,2.0
14175648,40768379,Boswell,Alfisols,5.0,loamy,moderate,moderate,moderate,moderate,high,brown,43.3,17.0,39.7,2.5
14175649,40768381,Luverne,Ultisols,4.6,sandy,good,dry,low,moderate,moderate,red,70.1,13.5,16.4,0.75
14175650,40768385,Lucy,Ultisols,5.6,sandy,good,dry,low,moderate,moderate,red,84.3,6.5,9.2,0.75
14175651,40768388,Boswell,Alfisols,5.0,loamy,moderate,moderate,moderate,moderate,high,brown,43.3,17.0,39.7,2.5
14175652,40768390,Bama,Ultisols,5.3,sandy-loam,good,dry,low,moderate,moderate,red,69.2,14.5,16.3,0.75
14175653,40768395,Bama,Ultisols,5.3,sandy-loam,good,dry,low,moderate,moderate,red,69.2,14.5,16.3,0.75
14175654,40768396,Troup,Ultisols,5.3,sandy,good,dry,low,moderate,moderate,red,83.8,7.0,9.2,0.75
14175655,40768398,Luverne,Ultisols,4.6,sandy,good,dry,low,moderate,moderate,red,70.1,13.5,16.4,0.75
14175656,40768402,Jones,Alfisols,6.1,sandy-loam,good,dry,low,moderate,moderate,brown,67.7,9.0,23.3,0.75
14175657,40768405,Lucedale,Ultisols,5.8,sandy-loam,good,dry,low,moderate,high,red,63.9,5.5,30.6,1.25
14175658,40768407,Smithdale,Ultisols,5.0,sandy-loam,good,dry,low,moderate,moderate,red,68.0,8.5,23.5,1.25
14175659,40768410,Bama,Ultisols,5.3,sandy-loam,good,dry,low,moderate,moderate,red,69.2,14.5,16.3,0.75
14175660,40768413,Luverne,Ultisols,4.6,sandy,good,dry,low,moderate,moderate,red,70.1,13.5,16.4,0.75
14175661,40768418,Conecuh,Ultisols,4.6,sandy-loam,moderate,moderate,low,moderate,moderate,red,65.1,16.0,18.9,1.25
14175662,40768421,Halso,Ultisols,4.6,silty,moderate,moderate,low,moderate,moderate,red,26.0,22.0,52.0,1.25
14175663,40768426,Arundel,Ultisols,4.6,sandy,good,dry,low,moderate,moderate,red,70.1,13.5,16.4,0.75
14175664,40768429,Troup,Ultisols,5.3,sandy,good,dry,low,moderate,moderate,red,83.8,7.0,9.2,0.75
14175665,40768431,Luverne,Ultisols,4.6,sandy,good,dry,low,moderate,moderate,red,70.1,13.5,16.4,0.75
14175666,40768435,Smithdale,Ultisols,5.0,sandy-loam,good,dry,low,moderate,moderate,red,68.0,8.5,23.5,1.25
14175667,40768438,Quitman,Ultisols,5.0,sandy-loam,poor,wet,moderate,moderate,high,red,68.5,10.0,21.5,2.0
14175668,40768441,Halso,Ultisols,4.6,sandy,moderate,moderate,low,moderate,moderate,red,70.5,13.0,16.5,1.25
14175669,40768447,Una,Inceptisols,5.0,clay-loam,poor,wet,moderate,moderate,high,brown,32.8,36.5,30.7,2.0
14175670,40768448,Luverne,Ultisols,4.6,sandy,good,dry,low,moderate,moderate,red,70.1,13.5,16.4,0.75
14175671,40768452,Savannah,Ultisols,4.6,sandy-loam,moderate,moderate,moderate,moderate,moderate,red,68.9,9.5,21.6,1.75
14175672,40768455,Bibb,Entisols,4.6,sandy-loam,poor,wet,moderate,compacted,moderate,brown,66.9,10.0,23.1,2.0
14175673,40768457,Conecuh,Ultisols,4.6,sandy-loam,moderate,moderate,low,moderate,moderate,red,65.1,16.0,18.9,1.25
14175674,40768461,Mantachie,Inceptisols,5.0,silty,poor,wet,moderate,moderate,high,brown,30.1,15.0,54.9,2.0
14175675,40768463,Minter,Alfisols,5.0,loamy,poor,wet,moderate,moderate,high,brown,42.0,20.5,37.5,2.0
14175676,40768465,Troup,Ultisols,5.3,sandy,good,dry,low,moderate,moderate,red,83.8,7.0,9.2,0.75
14175677,40768467,Luverne,Ultisols,4.6,sandy,good,dry,low,moderate,moderate,red,70.1,13.5,16.4,0.75
14175678,40768471,Hartsells,Ultisols,4.6,sandy-loam,good,dry,low,moderate,moderate,red,66.0,11.0,23.0,1.25
14175679,40768475,Hartsells,Ultisols,4.6,sandy-loam,good,dry,low,moderate,moderate,red,66.0,11.0,23.0,1.25
14175680,40768479,Linker,Ultisols,4.6,sandy,good,dry,moderate,moderate,moderate,red,70.9,12.5,16.6,1.75
14175681,40768484,Linker,Ultisols,4.6,sandy,good,dry,moderate,moderate,moderate,red,70.9,12.5,16.6,1.75
14175682,40768489,Nauvoo,Ultisols,5.3,sandy-loam,good,dry,low,moderate,moderate,red,67.2,17.5,15.3,1.25
14175683,40768493,Luverne,Ultisols,4.6,sandy,good,dry,low,moderate,moderate,red,70.1,13.5,16.4,0.75
14175684,40768497,Saffell,Ultisols,5.0,sandy-loam,good,dry,moderate,moderate,moderate,red,67.9,12.5,19.6,1.5
14175685,40768501,Luverne,Ultisols,4.6,sandy,good,dry,low,moderate,moderate,red,70.1,13.5,16.4,0.75
14175686,40768505,Smithdale,Ultisols,5.0,sandy-loam,good,dry,low,moderate,moderate,red,69.7,8.5,21.8,1.25
14175687,40768508,Norfolk,Ultisols,4.8,sandy-loam,good,dry,low,moderate,moderate,red,67.5,11.5,21.0,1.25
14175688,40768512,Toccoa,Entisols,5.8,sandy-loam,moderate,moderate,moderate,moderate,moderate,pale,69.7,8.5,21.8,1.5
14175689,40768514,Troup,Ultisols,5.3,sandy,good,dry,low,moderate,moderate,red,83.5,7.0,9.5,0.75
14175690,40768516,Lucy,Ultisols,5.6,sandy,good,dry,low,moderate,moderate,red,84.3,6.5,9.2,0.75
14175691,40768519,Saffell,Ultisols,5.0,sandy-loam,good,dry,moderate,moderate,moderate,red,67.9,12.5,19.6,1.5
14175692,40768526,Luverne,Ultisols,4.6,sandy-loam,good,dry,low,moderate,moderate,red,67.0,13.5,19.5,0.75
14175693,40768527,Smithdale,Ultisols,5.0,sandy-loam,good,dry,low,moderate,moderate,red,69.7,8.5,21.8,1.25
14175694,40768532,Blanton,Ultisols,5.3,sandy,moderate,moderate,low,moderate,low,red,82.2,9.0,8.8,1.25
14175695,40768533,Troup,Ultisols,5.3,sandy,good,dry,low,moderate,moderate,red,83.8,7.0,9.2,0.75
14175696,40768535,Saffell,Ultisols,5.0,sandy-loam,good,dry,moderate,moderate,moderate,red,67.9,12.5,19.6,1.5
14175697,40768539,McLaurin,Ultisols,5.0,sandy-loam,good,dry,low,moderate,moderate,red,68.8,7.5,23.7,1.25
14175698,40768543,Osier,Entisols,4.8,sandy,poor,wet,moderate,moderate,low,dark brown,78.1,5.5,16.4,3.5
14175699,40768546,Dothan,Ultisols,5.3,sandy-loam,good,dry,low,moderate,moderate,red,69.6,14.0,16.4,0.75
14175700,40768549,Troup,Ultisols,5.3,sandy,good,dry,low,moderate,moderate,red,83.5,7.0,9.5,0.75
14175701,40768551,Eustis,Ultisols,5.0,sandy,good,dry,low,moderate,low,red,77.7,6.0,16.3,1.25
14175702,40768555,Benndale,Ultisols,5.0,sandy-loam,good,dry,moderate,moderate,moderate,red,68.5,10.0,21.5,2.0
14175703,40768559,Mantachie,Inceptisols,5.0,loamy,poor,wet,moderate,moderate,high,brown,44.8,14.0,41.2,2.0
14175704,40768561,Iuka,Entisols,5.6,sandy-loam,moderate,moderate,low,unknown,moderate,brown,66.3,10.5,23.2,1.25
14175705,40768564,Wickham,Ultisols,5.3,sandy-loam,good,dry,low,moderate,moderate,red,67.5,11.5,21.0,1.25
14175706,40768567,Myatt,Ultisols,5.3,loamy,poor,wet,moderate,moderate,high,red,43.0,17.5,39.5,2.25
14175707,40768572,Ochlockonee,Entisols,5.5,sandy-loam,good,dry,low,moderate,moderate,brown,66.3,10.5,23.2,1.25
14175708,40768573,Cahaba,Ultisols,5.3,sandy,good,dry,low,moderate,moderate,red,71.3,12.0,16.7,1.25
14175709,40768576,Annemaine,Ultisols,5.5,sandy-loam,moderate,moderate,low,moderate,moderate,red,68.8,15.0,16.2,0.75
14175710,40768581,Altavista,Ultisols,5.1,sandy-loam,moderate,moderate,moderate,moderate,moderate,red,68.5,17.0,14.5,1.75
14175711,40768584,Kinston,Inceptisols,5.3,sandy-loam,poor,wet,moderate,moderate,moderate,dark brown,67.5,11.5,21.0,3.5
14175712,40768587,Toccoa,Entisols,5.8,loamy,moderate,moderate,moderate,moderate,moderate,pale,45.0,12.0,43.0,1.5
14175713,40768589,Bibb,Entisols,4.6,sandy-loam,poor,wet,moderate,compacted,moderate,brown,66.9,10.0,23.1,2.0
14175714,40768594,Eunola,Ultisols,5.0,sandy-loam,moderate,moderate,low,moderate,moderate,red,68.8,15.0,16.2,1.25
14175715,40768596,Cecil,Ultisols,5.5,clay-loam,good,dry,low,moderate,moderate,red,34.7,27.5,37.8,0.75
14175716,40768600,Louisa,Inceptisols,5.3,sandy-loam,good,dry,low,moderate,moderate,brown,67.2,17.5,15.3,1.25
14175717,40768604,Chewacla,Inceptisols,5.5,loamy,poor,wet,moderate,moderate,high,brown,39.8,22.5,37.7,2.5
14175718,40768609,Buncombe,Entisols,5.5,sandy,good,dry,low,compacted,low,brown,83.5,7.5,9.0,0.75
14175719,40768612,Cecil,Ultisols,5.5,sandy-loam,good,dry,low,moderate,moderate,red,67.9,12.5,19.6,0.75
14175720,40768616,Appling,Ultisols,5.5,sandy-loam,good,dry,low,moderate,moderate,red,67.2,17.5,15.3,1.25
14175721,40768623,Cecil,Ultisols,5.5,clay-loam,good,dry,low,moderate,moderate,red,34.7,27.5,37.8,0.75
14175722,40768624,Appling,Ultisols,5.5,sandy-loam,good,dry,low,moderate,moderate,red,55.1,27.5,17.4,0.75
14175723,40768628,Appling,Ultisols,5.5,sandy-loam,good,dry,low,moderate,moderate,red,55.1,27.5,17.4,0.75
14175724,40768632,Gwinnett,Ultisols,5.8,sandy-loam,good,dry,moderate,moderate,moderate,red,65.1,20.0,14.9,2.0
14175725,40768636,Cartecay,Entisols,5.8,silty,poor,wet,moderate,moderate,moderate,brown,18.4,27.5,54.1,2.5
14175726,40768642,Pacolet,Ultisols,5.5,sandy-loam,good,dry,low,moderate,moderate,red,66.8,14.0,19.2,1.25
14175727,40768643,Louisa,Inceptisols,5.3,sandy-loam,good,dry,low,moderate,moderate,brown,67.2,17.5,15.3,1.25
14175728,40768647,Pacolet,Ultisols,5.5,sandy-loam,good,dry,low,moderate,moderate,red,66.8,14.0,19.2,1.25
14175729,40768651,Marvyn,Ultisols,5.3,sandy,good,dry,low,moderate,low,red,83.8,7.0,9.2,1.25
14175730,40768657,Madison,Ultisols,5.5,sandy-loam,good,dry,low,moderate,moderate,red,66.9,10.0,23.1,1.25
14175731,40768659,Pacolet,Ultisols,5.5,sandy-loam,good,dry,low,moderate,moderate,red,66.8,14.0,19.2,1.25
14175732,40768663,Cecil,Ultisols,5.5,sandy-loam,good,dry,low,moderate,moderate,red,67.9,12.5,19.6,0.75
14175733,40768667,Cecil,Ultisols,5.5,sandy-loam,good,dry,low,moderate,moderate,red,67.9,12.5,19.6,0.75
14175734,40768671,Cecil,Ultisols,5.5,sandy-loam,good,dry,low,moderate,moderate,red,67.9,12.5,19.6,0.75
14175735,40768675,Madison,Ultisols,5.5,sandy-loam,good,dry,low,moderate,moderate,red,66.9,10.0,23.1,1.25
14175736,40768679,Toccoa,Entisols,5.8,sandy-loam,moderate,moderate,moderate,moderate,moderate,pale,68.0,8.5,23.5,1.5
14175737,40768681,Enoree,Entisols,6.2,silty,poor,wet,moderate,moderate,moderate,dark brown,26.5,20.0,53.5,3.0
14175738,40768684,Appling,Ultisols,5.5,sandy-loam,good,dry,low,moderate,moderate,red,67.9,12.5,19.6,1.25
14175739,40768688,Pacolet,Ultisols,5.5,clay-loam,good,dry,low,moderate,moderate,red,34.7,27.5,37.8,0.75
14175740,40768695,Cecil,Ultisols,5.5,clay-loam,good,dry,low,moderate,moderate,red,34.7,27.5,37.8,0.75
14175741,40768696,Marvyn,Ultisols,5.3,sandy,good,dry,low,moderate,low,red,83.8,7.0,9.2,1.25
14175742,40768702,Appling,Ultisols,5.5,sandy-loam,good,dry,low,moderate,moderate,red,67.9,12.5,19.6,1.25
14175743,40768706,McQueen,Ultisols,5.1,silty,good,dry,low,moderate,moderate,red,26.3,21.0,52.7,1.25
14175744,40768708,Roanoke,Ultisols,4.6,silty,poor,wet,low,moderate,moderate,red,27.1,18.5,54.4,1.25
14175745,40768713,Mantachie,Inceptisols,5.0,sandy-loam,poor,wet,moderate,moderate,high,brown,66.8,14.0,19.2,2.0
14175746,40768715,Troup,Ultisols,5.3,sandy,good,dry,low,moderate,moderate,red,83.8,7.0,9.2,0.75
14175747,40768716,Bibb,Entisols,4.6,sandy-loam,poor,wet,moderate,compacted,moderate,brown,66.9,10.0,23.1,2.0
14175748,40768718,Troup,Ultisols,5.3,sandy,good,dry,low,moderate,moderate,red,83.8,7.0,9.2,0.75
14175749,40768720,Wickham,Ultisols,5.3,sandy-loam,good,dry,low,moderate,moderate,red,67.5,11.5,21.0,1.25
14175750,40768723,Roanoke,Ultisols,4.6,silty,poor,wet,low,moderate,high,red,17.5,29.5,53.0,0.75
14175751,40768727,Wickham,Ultisols,5.3,sandy-loam,good,dry,low,moderate,moderate,red,67.5,11.5,21.0,1.25
14175752,40768730,Luverne,Ultisols,4.6,sandy,good,dry,low,moderate,moderate,red,70.1,13.5,16.4,0.75
14175753,40768734,Suffolk,Ultisols,4.8,sandy-loam,good,dry,low,moderate,moderate,red,68.3,12.0,19.7,1.25
14175754,40768737,Congaree,Entisols,5.9,sandy-loam,good,dry,moderate,moderate,moderate,brown,68.5,10.0,21.5,2.0
14175755,40768740,Urbo,Inceptisols,5.0,silty,poor,wet,moderate,moderate,high,brown,19.0,23.5,57.5,2.0
14175756,40768742,Myatt,Ultisols,5.3,silty,poor,wet,moderate,moderate,high,red,29.1,17.5,53.4,2.25
14175757,40768745,Luverne,Ultisols,4.6,sandy-loam,good,dry,low,moderate,moderate,red,67.0,13.5,19.5,0.75
14175758,40768749,McQueen,Ultisols,5.1,sandy,good,dry,low,moderate,moderate,red,70.1,13.5,16.4,1.25
14175759,40768753,Goldsboro,Ultisols,4.6,sandy,moderate,moderate,low,compacted,low,red,78.6,5.0,16.4,1.25
14175760,40768757,Smithdale,Ultisols,5.0,sandy-loam,good,dry,low,moderate,moderate,red,68.0,8.5,23.5,1.25
14175761,40768760,Lucedale,Ultisols,5.8,sandy-loam,good,dry,low,moderate,high,red,65.4,5.5,29.1,1.25
14175762,40768762,Greenville,Ultisols,5.3,loamy,good,dry,moderate,moderate,moderate,red,39.8,22.5,37.7,2.0
14175763,40768764,Luverne,Ultisols,4.6,sandy-loam,good,dry,low,moderate,moderate,red,67.0,13.5,19.5,0.75
14175764,40768768,Bama,Ultisols,5.3,sandy-loam,good,dry,low,moderate,moderate,red,66.4,14.5,19.1,0.75
14175765,40768771,Subran,Ultisols,5.5,loamy,moderate,moderate,moderate,moderate,moderate,red,37.9,26.5,35.6,2.5
14175766,40768774,Luverne,Ultisols,4.6,sandy-loam,good,dry,low,moderate,moderate,red,67.0,13.5,19.5,0.75
14175767,40768778,Subran,Ultisols,5.5,sandy,moderate,moderate,moderate,moderate,moderate,red,70.5,13.0,16.5,2.5
14175768,40768781,Bibb,Entisols,4.6,sandy-loam,poor,wet,moderate,compacted,moderate,brown,66.9,10.0,23.1,2.0
14175769,40768784,Lucedale,Ultisols,5.8,sandy-loam,good,dry,low,moderate,high,red,65.4,5.5,29.1,1.25
14175770,40768785,Bama,Ultisols,5.3,sandy-loam,good,dry,low,moderate,moderate,red,66.4,14.5,19.1,0.75
14175771,40768788,Greenville,Ultisols,5.3,loamy,good,dry,moderate,moderate,moderate,red,39.8,22.5,37.7,2.0
14175772,40768790,Smithdale,Ultisols,5.0,sandy-loam,good,dry,low,moderate,moderate,red,68.0,8.5,23.5,1.25
14175773,40768793,Lucedale,Ultisols,5.8,sandy-loam,good,dry,low,moderate,high,red,65.4,5.5,29.1,1.25
14175774,40768795,Mantachie,Inceptisols,5.0,silty,poor,wet,moderate,moderate,high,brown,30.1,15.0,54.9,2.0
14175775,40768797,Emory,Inceptisols,5.6,silty,good,dry,moderate,moderate,high,brown,6.7,27.0,66.3,2.5
14175776,40768800,Decatur,Ultisols,5.3,silty,good,dry,low,moderate,moderate,red,17.5,33.5,49.0,1.25
14175777,40768803,Guthrie,Ultisols,4.6,silty,poor,wet,moderate,moderate,high,red,13.6,17.5,68.9,1.5
14175778,40768807,Chenneby,Inceptisols,5.3,silty,poor,wet,moderate,moderate,moderate,brown,11.6,19.5,68.9,1.75
14175780,40768811,Decatur,Ultisols,5.3,silty,good,dry,low,moderate,high,red,26.3,21.0,52.7,1.25
14175781,40768814,Etowah,Ultisols,5.0,silty,good,dry,moderate,moderate,high,red,26.3,21.0,52.7,2.0
14175782,40768817,Vaiden,Vertisols,5.5,clay,poor,wet,low,moderate,moderate,brown,30.0,40.0,30.0,1.25
14175783,40768820,Sumter,Inceptisols,7.5,clay,good,dry,moderate,moderate,moderate,dark brown,7.9,41.0,51.1,3.5
14175784,40768824,Demopolis,Entisols,7.9,silty,good,dry,moderate,moderate,moderate,brown,18.3,26.0,55.7,1.5
14175785,40768827,Kipling,Alfisols,4.8,loamy,poor,wet,low,moderate,high,brown,39.8,22.5,37.7,1.25
14175786,40768830,Watsonia,Vertisols,5.5,clay,good,dry,moderate,moderate,moderate,dark brown,22.1,50.0,27.9,3.5
14175787,40768834,Minter,Alfisols,5.0,silty,poor,wet,moderate,moderate,high,brown,26.4,20.5,53.1,2.0
14175788,40768836,Kipling,Alfisols,4.8,clay-loam,poor,wet,low,moderate,high,brown,33.5,30.0,36.5,1.25
14175789,40768839,Vaiden,Vertisols,5.5,clay,poor,wet,low,moderate,moderate,brown,30.0,40.0,30.0,1.25
14175790,40768842,Sumter,Inceptisols,7.5,clay,good,dry,moderate,moderate,moderate,dark brown,7.9,41.0,51.1,3.5
14175791,40768846,Oktibbeha,Vertisols,5.5,clay,moderate,moderate,high,moderate,moderate,dark brown,22.1,50.0,27.9,5.0
14175792,40768849,Leeper,Inceptisols,7.0,clay,poor,wet,moderate,moderate,high,brown,26.1,45.0,28.9,2.5
14175793,40768853,Okolona,Vertisols,7.5,clay-loam,good,wet,moderate,moderate,high,brown,31.2,38.5,30.3,2.5
14175794,40768854,Oktibbeha,Vertisols,5.5,clay,moderate,moderate,high,moderate,moderate,dark brown,22.1,50.0,27.9,5.0
14175795,40768857,Vaiden,Vertisols,5.5,clay,poor,wet,low,moderate,moderate,brown,30.0,40.0,30.0,1.25
14175796,40768861,Houston,Vertisols,7.3,clay,moderate,moderate,moderate,moderate,moderate,dark brown,15.9,58.5,25.6,3.5
14175797,40768863,Mantachie,Inceptisols,5.0,silty,poor,wet,moderate,moderate,high,brown,30.1,15.0,54.9,2.0
14175798,40768865,Demopolis,Entisols,7.9,silty,good,dry,moderate,moderate,high,brown,26.7,19.5,53.8,1.5
14175799,40768868,Bigbee,Entisols,5.3,sandy,good,dry,low,moderate,low,brown,92.9,5.5,1.6,1.25
14175800,40768870,Brantley,Alfisols,5.5,sandy-loam,good,dry,moderate,moderate,moderate,brown,69.2,14.5,16.3,2.5
14175801,40768874,Oktibbeha,Vertisols,5.5,clay,moderate,moderate,high,moderate,moderate,dark brown,22.1,50.0,27.9,5.0
14175802,40768877,Tadlock,Alfisols,5.5,sandy-loam,good,dry,low,unknown,moderate,brown,68.8,15.0,16.2,0.75
14175803,40768879,Luverne,Ultisols,4.6,sandy,good,dry,low,moderate,low,red,83.8,7.0,9.2,0.75
14175804,40768883,Brantley,Alfisols,5.5,sandy-loam,good,dry,moderate,moderate,moderate,brown,69.2,14.5,16.3,2.5
14175805,40768887,Bama,Ultisols,5.3,sandy-loam,good,dry,low,moderate,moderate,red,69.2,14.5,16.3,0.75
14175806,40768890,Mantachie,Inceptisols,5.0,loamy,poor,wet,moderate,moderate,high,brown,44.8,14.0,41.2,2.0
14175807,40768893,Brantley,Alfisols,5.5,sandy-loam,good,dry,moderate,moderate,moderate,brown,69.2,14.5,16.3,2.5
14175808,40768896,Greenville,Ultisols,5.3,sandy,good,dry,low,moderate,low,red,83.3,12.0,4.7,0.75
14175809,40768900,Lucy,Ultisols,5.6,sandy,good,dry,low,moderate,moderate,red,77.4,6.5,16.1,0.75
14175810,40768901,Tadlock,Alfisols,5.5,sandy-loam,good,dry,low,unknown,moderate,brown,68.8,15.0,16.2,0.75
14175811,40768905,Bonneau,Ultisols,5.3,sandy,good,dry,low,moderate,low,red,80.8,10.0,9.2,1.25
14175812,40768906,Tadlock,Alfisols,5.5,sandy-loam,good,dry,low,unknown,moderate,brown,68.8,15.0,16.2,0.75
14175813,40768908,Pine Flat,Ultisols,5.8,sandy-loam,good,dry,low,unknown,moderate,red,67.7,9.0,23.3,0.75
14175814,40768911,Savannah,Ultisols,4.6,sandy-loam,moderate,moderate,moderate,moderate,moderate,red,68.9,9.5,21.6,1.75
14175815,40768914,Angie,Ultisols,5.5,sandy-loam,moderate,moderate,moderate,moderate,moderate,red,69.3,9.0,21.7,1.75
14175816,40768916,Angie,Ultisols,5.5,sandy-loam,moderate,moderate,moderate,moderate,moderate,red,69.3,9.0,21.7,1.75
14175817,40768918,Lucedale,Ultisols,5.8,sandy-loam,good,dry,low,moderate,high,red,63.9,5.5,30.6,1.25
14175818,40768920,Bama,Ultisols,5.3,sandy-loam,good,dry,low,moderate,moderate,red,69.2,14.5,16.3,0.75
14175819,40768923,Savannah,Ultisols,4.6,sandy-loam,moderate,moderate,moderate,moderate,moderate,red,68.9,9.5,21.6,1.75
14175820,40768926,Kipling,Alfisols,4.8,loamy,poor,wet,low,moderate,high,brown,39.8,22.5,37.7,1.25
14175821,40768929,Mantachie,Inceptisols,5.0,loamy,poor,wet,moderate,moderate,high,brown,44.8,14.0,41.2,2.0
14175822,40768931,Kipling,Alfisols,4.8,loamy,poor,wet,low,moderate,high,brown,39.8,22.5,37.7,1.25
14175823,40768934,Quitman,Ultisols,5.0,sandy-loam,poor,wet,moderate,moderate,high,red,68.5,10.0,21.5,2.0
14175824,40768937,Bama,Ultisols,5.3,sandy-loam,good,dry,low,moderate,moderate,red,69.2,14.5,16.3,0.75
14175825,40768940,Mashulaville,Ultisols,5.0,sandy,poor,wet,moderate,moderate,moderate,red,70.5,13.0,16.5,2.0
14175826,40768943,Bama,Ultisols,5.3,sandy-loam,good,dry,low,moderate,moderate,red,69.2,14.5,16.3,0.75
14175827,40768946,Lucedale,Ultisols,5.8,sandy-loam,good,dry,low,moderate,high,red,63.9,5.5,30.6,1.25
14175828,40768948,Savannah,Ultisols,4.6,sandy-loam,moderate,moderate,moderate,moderate,moderate,red,68.9,9.5,21.6,1.75
14175829,40768951,Lynchburg,Ultisols,4.6,sandy-loam,poor,wet,moderate,moderate,moderate,red,67.9,12.5,19.6,2.75
14175830,40768953,Cahaba,Ultisols,5.3,sandy,good,dry,low,moderate,moderate,red,71.3,12.0,16.7,1.25
14175831,40768956,Rains,Ultisols,5.5,sandy-loam,poor,wet,moderate,moderate,moderate,red,67.9,12.5,19.6,3.5
14175832,40768961,Bonneau,Ultisols,5.3,sandy,good,dry,low,moderate,low,red,80.8,10.0,9.2,1.25
14175833,40768963,Rains,Ultisols,5.1,sandy-loam,poor,wet,moderate,moderate,moderate,red,67.9,12.5,19.6,3.5
14175834,40768967,Mantachie,Inceptisols,5.0,sandy-loam,poor,wet,moderate,moderate,high,brown,66.8,14.0,19.2,2.0
14175835,40768970,Benndale,Ultisols,5.0,sandy-loam,good,dry,moderate,moderate,moderate,red,66.9,10.0,23.1,2.0
14175836,40768973,Bibb,Entisols,4.6,sandy-loam,poor,wet,moderate,compacted,moderate,brown,66.9,10.0,23.1,2.0
14175837,40768979,Eunola,Ultisols,5.0,sandy-loam,moderate,moderate,low,moderate,moderate,red,65.9,15.0,19.1,1.25
14175838,40768980,Bethera,Ultisols,4.8,sandy-loam,poor,wet,moderate,moderate,moderate,red,67.9,12.5,19.6,3.5
14175839,40768983,Bonneau,Ultisols,5.3,sandy,good,dry,low,moderate,low,red,80.8,10.0,9.2,1.25
14175840,40768986,Angie,Ultisols,5.5,sandy-loam,moderate,moderate,moderate,moderate,moderate,red,69.3,9.0,21.7,1.75
14175841,40768988,Vaiden,Vertisols,5.5,clay,poor,wet,low,moderate,moderate,brown,30.0,40.0,30.0,1.25
14175842,40768991,Angie,Ultisols,5.5,sandy-loam,moderate,moderate,moderate,moderate,moderate,red,69.3,9.0,21.7,1.75
14175843,40768993,Kipling,Alfisols,4.8,loamy,poor,wet,low,moderate,high,brown,39.8,22.5,37.7,1.25
14175844,40768996,Leeper,Inceptisols,7.0,clay,poor,wet,moderate,moderate,high,brown,7.2,45.0,47.8,2.5
14175845,40768998,Houston,Vertisols,7.3,clay,moderate,moderate,moderate,moderate,moderate,dark brown,15.9,58.5,25.6,3.5
14175846,40769001,Minter,Alfisols,5.0,silty,poor,wet,moderate,moderate,high,brown,26.4,20.5,53.1,2.0
14175847,40769003,Bonneau,Ultisols,5.3,sandy,good,dry,low,moderate,low,red,80.8,10.0,9.2,1.25
14175848,40769006,Angie,Ultisols,5.5,sandy-loam,moderate,moderate,moderate,moderate,moderate,red,69.3,9.0,21.7,1.75
14175849,40769008,Kipling,Alfisols,4.8,loamy,poor,wet,low,moderate,high,brown,39.8,22.5,37.7,1.25
14175850,40769011,Sumter,Inceptisols,7.5,clay,good,dry,moderate,moderate,moderate,dark brown,7.9,41.0,51.1,3.5
14175851,40769015,Sumter,Inceptisols,7.5,clay,good,dry,moderate,moderate,moderate,dark brown,7.9,41.0,51.1,3.5
14175852,40769019,Vaiden,Vertisols,5.5,clay,poor,wet,low,moderate,moderate,brown,30.0,40.0,30.0,1.25
14175853,40769023,Quitman,Ultisols,5.0,sandy-loam,poor,wet,moderate,moderate,high,red,68.5,10.0,21.5,2.0
14175854,40769026,Kipling,Alfisols,4.8,sandy-loam,poor,wet,low,moderate,moderate,brown,68.8,15.0,16.2,1.25
14175855,40769028,Vaiden,Vertisols,5.5,clay,poor,wet,low,moderate,moderate,brown,30.0,40.0,30.0,1.25
14175856,40769031,Okolona,Vertisols,7.5,silty,good,wet,moderate,moderate,high,brown,8.3,38.5,53.2,2.5
14175857,40769034,Sumter,Inceptisols,7.5,clay,good,dry,moderate,moderate,moderate,dark brown,7.9,41.0,51.1,3.5
14175858,40769038,Kipling,Alfisols,4.8,silty,poor,wet,low,moderate,high,brown,17.4,30.0,52.6,1.25
14175859,40769041,Vaiden,Vertisols,5.5,clay,poor,wet,low,moderate,moderate,brown,30.0,40.0,30.0,1.25
14175860,40769044,Sumter,Inceptisols,7.5,clay,good,dry,moderate,moderate,moderate,dark brown,7.9,41.0,51.1,3.5
14175861,40769048,Sucarnoochee,Vertisols,7.5,clay,poor,wet,high,moderate,moderate,dark brown,5.3,50.0,44.7,4.5
14175862,40769053,Demopolis,Entisols,7.9,silty,good,dry,moderate,moderate,moderate,brown,18.3,26.0,55.7,1.5
14175863,40769054,Demopolis,Entisols,7.9,silty,good,dry,moderate,moderate,moderate,brown,18.3,26.0,55.7,1.5
14175864,40769057,Luverne,Ultisols,4.6,sandy-loam,good,dry,low,moderate,moderate,red,67.0,13.5,19.5,0.75
14175865,40769062,Wilcox,Vertisols,5.0,clay,poor,wet,low,moderate,high,brown,5.5,47.5,47.0,1.25
14175866,40769065,Mayhew,Vertisols,5.3,silty,poor,wet,moderate,moderate,high,brown,18.4,25.0,56.6,2.0
14175867,40769068,Luverne,Ultisols,4.6,sandy-loam,good,dry,low,moderate,moderate,red,67.0,13.5,19.5,0.75
14175868,40769072,Alamuchee,Inceptisols,5.0,loamy,good,dry,moderate,moderate,moderate,brown,43.0,17.5,39.5,2.0
14175869,40769075,Mooreville,Inceptisols,5.0,loamy,moderate,moderate,low,moderate,moderate,brown,43.8,16.0,40.2,1.25
14175870,40769078,Wilcox,Vertisols,5.0,clay,poor,wet,low,moderate,high,brown,5.5,47.5,47.0,1.25
14175871,40769082,Bibb,Entisols,4.6,sandy-loam,poor,wet,moderate,compacted,moderate,brown,66.9,10.0,23.1,2.0
14175872,40769084,Smithdale,Ultisols,5.0,sandy-loam,good,dry,low,moderate,moderate,red,68.0,8.5,23.5,1.25
14175873,40769087,Savannah,Ultisols,4.6,sandy-loam,moderate,moderate,moderate,moderate,moderate,red,68.9,9.5,21.6,1.75
14175874,40769092,Luverne,Ultisols,4.6,sandy-loam,good,dry,low,moderate,moderate,red,67.0,13.5,19.5,0.75
14175875,40769096,Lucy,Ultisols,5.6,sandy,good,dry,low,moderate,moderate,red,84.3,6.5,9.2,0.75
14175876,40769097,Luverne,Ultisols,4.6,sandy-loam,good,dry,low,moderate,moderate,red,67.0,13.5,19.5,0.75
14175877,40769101,Troup,Ultisols,5.3,sandy,good,dry,low,moderate,moderate,red,83.8,7.0,9.2,0.75
14175878,40769103,Troup,Ultisols,5.3,sandy,good,dry,low,moderate,moderate,red,83.8,7.0,9.2,0.75
14175879,40769105,Alamuchee,Inceptisols,5.0,loamy,good,dry,moderate,moderate,moderate,brown,43.0,17.5,39.5,2.0
14175880,40769108,Smithdale,Ultisols,5.0,sandy-loam,good,dry,low,moderate,moderate,red,68.0,8.5,23.5,1.25
14175881,40769113,Escambia,Ultisols,4.6,sandy-loam,poor,wet,low,moderate,moderate,red,67.3,9.5,23.2,1.25
14175882,40769114,Mantachie,Inceptisols,5.0,sandy-loam,poor,wet,moderate,moderate,high,brown,69.6,14.0,16.4,2.0
14175883,40769116,Lucy,Ultisols,5.6,sandy,good,dry,low,moderate,moderate,red,84.3,6.5,9.2,0.75
14175884,40769119,Savannah,Ultisols,4.6,loamy,moderate,moderate,moderate,moderate,high,red,46.2,9.5,44.3,1.75
14175885,40769122,Smithdale,Ultisols,5.0,sandy-loam,good,dry,low,moderate,moderate,red,68.0,8.5,23.5,1.25
14175886,40769125,Alamuchee,Inceptisols,5.0,loamy,good,dry,moderate,moderate,moderate,brown,43.0,17.5,39.5,2.0
14175887,40769128,Savannah,Ultisols,4.6,loamy,moderate,moderate,moderate,moderate,high,red,46.2,9.5,44.3,1.75
14175888,40769131,Luverne,Ultisols,4.6,sandy-loam,good,dry,low,moderate,moderate,red,67.0,13.5,19.5,0.75
14175889,40769135,Smithdale,Ultisols,5.0,sandy,good,dry,low,moderate,low,red,78.5,5.0,16.5,1.25
14175890,40769138,Luverne,Ultisols,4.6,sandy-loam,good,dry,low,moderate,moderate,red,67.0,13.5,19.5,0.75
14175891,40769142,Luverne,Ultisols,4.6,sandy-loam,good,dry,low,moderate,moderate,red,67.0,13.5,19.5,0.75
14175892,40769146,Mooreville,Inceptisols,5.0,loamy,moderate,moderate,low,moderate,moderate,brown,43.8,16.0,40.2,1.25
14175893,40769149,Bibb,Entisols,4.6,sandy-loam,poor,wet,moderate,compacted,moderate,brown,66.9,10.0,23.1,2.0
14175894,40769151,Troup,Ultisols,5.3,sandy,good,dry,low,moderate,moderate,red,83.8,7.0,9.2,0.75
14175895,40769153,Smithdale,Ultisols,5.0,sandy,good,dry,low,moderate,low,red,78.5,5.0,16.5,1.25
14175896,40769156,Mantachie,Inceptisols,5.0,sandy-loam,poor,wet,moderate,moderate,high,brown,66.8,14.0,19.2,2.0
14175897,40769158,Smithdale,Ultisols,5.0,sandy,good,dry,low,moderate,low,red,78.5,5.0,16.5,1.25
14175898,40769163,Luverne,Ultisols,4.6,sandy-loam,good,dry,low,moderate,moderate,red,67.0,13.5,19.5,0.75
14175899,40769165,Smithdale,Ultisols,5.0,sandy,good,dry,low,moderate,low,red,78.5,5.0,16.5,1.25
14175900,40769168,Luverne,Ultisols,4.6,sandy-loam,good,dry,low,moderate,moderate,red,67.0,13.5,19.5,0.75
14175901,40769173,Troup,Ultisols,5.3,sandy,good,dry,low,moderate,moderate,red,83.8,7.0,9.2,0.75
14175902,40769174,Arundel,Ultisols,4.6,loamy,good,dry,low,moderate,moderate,red,42.1,20.0,37.9,0.75
14175903,40769177,Bibb,Entisols,4.6,sandy-loam,poor,wet,moderate,compacted,moderate,brown,66.9,10.0,23.1,2.0
14175904,40769179,Cantuche,Entisols,4.6,loamy,good,dry,low,moderate,moderate,brown,44.3,15.0,40.7,0.75
14175905,40769182,Luverne,Ultisols,4.6,sandy-loam,good,dry,low,moderate,moderate,red,67.0,13.5,19.5,0.75
14175906,40769186,Lucy,Ultisols,5.6,sandy,good,dry,low,moderate,moderate,red,84.3,6.5,9.2,0.75
14175907,40769189,Mantachie,Inceptisols,5.0,sandy-loam,poor,wet,moderate,moderate,high,brown,66.8,14.0,19.2,2.0
14175908,40769191,Arundel,Ultisols,4.6,loamy,good,dry,low,moderate,moderate,red,42.1,20.0,37.9,0.75
14175909,40769194,Cantuche,Entisols,4.6,loamy,good,dry,low,moderate,moderate,brown,44.3,15.0,40.7,0.75
14175910,40769197,Colbert,Alfisols,5.5,silty,moderate,moderate,low,moderate,high,brown,29.7,16.0,54.3,1.25
14175911,40769202,Chenneby,Inceptisols,5.3,loamy,poor,wet,moderate,moderate,moderate,brown,37.6,19.5,42.9,1.75
14175912,40769205,Saffell,Ultisols,5.0,sandy,good,dry,moderate,moderate,moderate,red,70.9,12.5,16.6,1.5
14175913,40769209,Locust,Ultisols,5.0,silty,moderate,moderate,low,moderate,moderate,red,30.5,13.5,56.0,0.75
14175914,40769213,Colbert,Alfisols,5.5,silty,moderate,moderate,low,moderate,high,brown,29.7,16.0,54.3,1.25
14175915,40769218,Decatur,Ultisols,5.3,silty,good,dry,low,moderate,moderate,red,17.5,33.5,49.0,1.25
14175916,40769221,Remlap,Ultisols,4.3,silty,good,dry,low,moderate,high,red,18.0,27.5,54.5,0.75
14175917,40769224,Decatur,Ultisols,5.3,silty,good,dry,low,moderate,moderate,red,17.5,33.5,49.0,1.25
14175918,40769227,Ketona,Alfisols,7.3,silty,poor,wet,moderate,moderate,moderate,brown,10.6,37.5,51.9,2.5
14175919,40769230,Locust,Ultisols,5.0,sandy,moderate,moderate,low,moderate,moderate,red,70.1,13.5,16.4,0.75
14175920,40769234,Chenneby,Inceptisols,5.3,loamy,poor,wet,low,moderate,moderate,brown,37.6,19.5,42.9,1.25
14175921,40769237,Colbert,Alfisols,5.5,silty,moderate,moderate,low,moderate,high,brown,17.5,33.5,49.0,1.25
14175922,40769242,Ketona,Alfisols,7.3,silty,poor,wet,moderate,moderate,moderate,brown,8.4,37.5,54.1,2.5
14175923,40769245,Decatur,Ultisols,5.3,silty,good,dry,low,moderate,high,red,26.3,21.0,52.7,1.25
14175924,40769248,Emory,Inceptisols,5.6,silty,good,dry,moderate,moderate,high,brown,6.7,27.0,66.3,2.5
14175925,40769251,Emory,Inceptisols,5.6,silty,good,dry,moderate,moderate,high,brown,6.7,27.5,65.8,2.5
14175926,40769254,Remlap,Ultisols,4.3,silty,good,dry,low,moderate,high,red,18.4,27.5,54.1,0.75
14175927,40769257,Capshaw,Alfisols,5.6,loamy,moderate,moderate,moderate,moderate,high,brown,41.6,21.0,37.4,2.0
14175929,40769265,Suffolk,Ultisols,4.8,sandy-loam,good,dry,low,moderate,moderate,red,68.3,12.0,19.7,1.25
14175930,40769268,Johnston,Inceptisols,5.0,loamy,poor,wet,high,moderate,high,black,45.7,12.5,41.8,13.0
14175931,40769271,Bethera,Ultisols,4.8,sandy,poor,wet,moderate,moderate,moderate,red,70.9,12.5,16.6,3.5
14175932,40769274,Izagora,Ultisols,4.8,sandy-loam,moderate,moderate,low,moderate,moderate,red,69.6,14.0,16.4,0.75
14175933,40769277,Latonia,Ultisols,5.0,sandy-loam,good,dry,low,moderate,moderate,red,65.9,15.0,19.1,1.25
14175934,40769280,Bigbee,Entisols,5.3,sandy,good,dry,low,moderate,low,brown,92.9,5.5,1.6,1.25
14175935,40769282,Chrysler,Ultisols,5.0,sandy-loam,moderate,moderate,low,moderate,moderate,red,65.9,15.0,19.1,1.25
14175936,40769285,Una,Inceptisols,5.0,clay-loam,poor,wet,moderate,moderate,high,brown,32.8,36.5,30.7,2.0
14175937,40769287,Alaga,Entisols,4.8,sandy,good,dry,moderate,compacted,low,brown,83.8,7.0,9.2,1.75
14175938,40769289,Congaree,Entisols,5.9,loamy,good,dry,moderate,moderate,moderate,brown,43.0,17.5,39.5,2.5
14175939,40769293,Bibb,Entisols,4.6,sandy-loam,poor,wet,moderate,compacted,moderate,brown,66.9,10.0,23.1,2.0
14175940,40769294,Urbo,Inceptisols,5.0,silty,poor,wet,moderate,moderate,high,brown,19.0,23.5,57.5,2.0
14175941,40769296,Ochlockonee,Entisols,5.5,sandy-loam,good,dry,low,moderate,moderate,brown,66.3,10.5,23.2,1.25
14175942,40769299,Savannah,Ultisols,4.6,sandy-loam,moderate,moderate,moderate,moderate,moderate,red,68.9,9.5,21.6,1.75
14175943,40769303,Izagora,Ultisols,4.8,sandy-loam,moderate,moderate,low,moderate,moderate,red,69.6,14.0,16.4,0.75
14175944,40769307,Eunola,Ultisols,5.0,sandy-loam,moderate,moderate,low,moderate,moderate,red,65.9,15.0,19.1,1.25
14175945,40769310,Bibb,Entisols,4.6,sandy-loam,poor,wet,moderate,compacted,moderate,brown,66.9,10.0,23.1,2.0
14175946,40769312,Minter,Alfisols,5.0,loamy,poor,wet,moderate,moderate,high,brown,42.0,20.5,37.5,2.0
14175947,40769314,Chrysler,Ultisols,5.0,sandy-loam,moderate,moderate,low,moderate,moderate,red,65.9,15.0,19.1,1.25
14175948,40769318,Cahaba,Ultisols,5.3,sandy-loam,good,dry,low,moderate,moderate,red,68.3,12.0,19.7,1.25
14175949,40769320,Mantachie,Inceptisols,5.0,sandy-loam,poor,wet,moderate,moderate,high,brown,66.8,14.0,19.2,2.0
14175950,40769322,Prim,Mollisols,7.9,silty,good,dry,moderate,moderate,moderate,black,17.4,30.0,52.6,3.0
14175951,40769325,Leeper,Inceptisols,7.0,clay,poor,wet,moderate,moderate,high,brown,26.1,45.0,28.9,2.5
14175952,40769327,Oktibbeha,Vertisols,5.5,clay,moderate,moderate,high,moderate,moderate,dark brown,22.1,50.0,27.9,5.0
14175953,40769330,Oktibbeha,Vertisols,5.5,clay,moderate,moderate,high,moderate,moderate,dark brown,22.1,50.0,27.9,5.0
14175954,40769333,Troup,Ultisols,5.3,sandy,good,dry,low,moderate,moderate,red,83.8,7.0,9.2,0.75
14175955,40769337,Brantley,Alfisols,5.0,clay-loam,good,dry,low,moderate,moderate,brown,35.4,31.0,33.6,1.25
14175956,40769339,Demopolis,Entisols,7.9,silty,good,dry,moderate,moderate,high,brown,26.7,19.5,53.8,1.5
14175957,40769342,Watsonia,Vertisols,5.5,clay,good,dry,moderate,moderate,moderate,dark brown,5.3,50.0,44.7,3.5
14175958,40769346,Smithdale,Ultisols,5.0,sandy,good,dry,low,moderate,low,red,78.5,5.0,16.5,1.25
14175959,40769349,Sumter,Inceptisols,7.5,clay,good,dry,moderate,moderate,moderate,dark brown,8.1,41.0,50.9,3.5
14175960,40769353,Luverne,Ultisols,4.6,sandy,good,dry,low,moderate,moderate,red,70.1,13.5,16.4,0.75
14175961,40769358,Mantachie,Inceptisols,5.0,sandy-loam,poor,wet,moderate,moderate,high,brown,66.8,14.0,19.2,2.0
14175962,40769359,Luverne,Ultisols,4.6,sandy-loam,good,dry,low,moderate,moderate,red,67.0,13.5,19.5,0.75
14175963,40769363,Luverne,Ultisols,4.6,sandy-loam,good,dry,low,moderate,moderate,red,67.0,13.5,19.5,0.75
14175964,40769367,Savannah,Ultisols,4.6,sandy-loam,moderate,moderate,moderate,moderate,moderate,red,67.3,9.5,23.2,1.75
14175965,40769370,Una,Inceptisols,5.0,clay-loam,poor,wet,moderate,moderate,high,brown,32.8,36.5,30.7,2.0
14175966,40769372,Craven,Ultisols,5.1,sandy-loam,moderate,moderate,low,moderate,moderate,red,68.5,17.0,14.5,1.25
14175967,40769375,Cahaba,Ultisols,5.3,sandy,good,dry,low,moderate,moderate,red,71.3,12.0,16.7,1.25
14175968,40769378,Una,Inceptisols,5.0,clay-loam,poor,wet,moderate,moderate,high,brown,32.8,36.5,30.7,2.0
14175969,40769381,Troup,Ultisols,5.3,sandy,good,dry,low,moderate,moderate,red,83.8,7.0,9.2,0.75
14175970,40769382,Bigbee,Entisols,5.3,sandy,good,dry,low,moderate,low,brown,83.8,7.0,9.2,1.25
14175971,40769384,Mantachie,Inceptisols,5.0,sandy-loam,poor,wet,moderate,moderate,high,brown,66.8,14.0,19.2,2.0
14175972,40769386,Urbo,Inceptisols,5.0,silty,poor,wet,moderate,moderate,high,brown,19.0,23.5,57.5,2.0
14175973,40769388,Yonges,Alfisols,6.5,sandy,poor,wet,moderate,moderate,moderate,dark brown,70.9,12.5,16.6,3.0
14175974,40769391,Izagora,Ultisols,4.8,sandy-loam,moderate,moderate,low,moderate,moderate,red,69.6,14.0,16.4,0.75
14175975,40769395,Norfolk,Ultisols,4.8,sandy-loam,good,dry,low,moderate,moderate,red,67.5,11.5,21.0,1.25
14175976,40769398,Sumter,Inceptisols,7.5,clay,good,dry,moderate,moderate,moderate,dark brown,29.3,41.0,29.7,3.5
14175977,40769402,Roanoke,Ultisols,4.6,silty,poor,wet,low,moderate,high,red,17.5,29.5,53.0,0.75
14175978,40769406,Norfolk,Ultisols,4.8,sandy-loam,good,dry,low,moderate,moderate,red,67.5,11.5,21.0,1.25
14175979,40769410,Saffell,Ultisols,5.0,sandy,good,dry,moderate,moderate,moderate,red,70.9,12.5,16.6,1.5
14175980,40769414,Faceville,Ultisols,5.0,sandy-loam,good,dry,low,moderate,moderate,red,58.2,24.0,17.8,0.75
14175981,40769417,Vaiden,Vertisols,5.5,clay,poor,wet,low,moderate,moderate,brown,8.0,40.0,52.0,1.25
14175982,40769420,Oktibbeha,Vertisols,5.5,clay,moderate,moderate,high,moderate,moderate,dark brown,22.1,50.0,27.9,5.0
14175983,40769423,Luverne,Ultisols,4.6,sandy-loam,good,dry,low,moderate,moderate,red,67.0,13.5,19.5,0.75
14175984,40769427,Wilcox,Vertisols,5.0,clay,poor,wet,low,moderate,high,brown,5.5,47.5,47.0,1.25
14175985,40769431,Una,Inceptisols,5.0,clay-loam,poor,wet,moderate,moderate,high,brown,32.8,36.5,30.7,2.0
14175986,40769433,Una,Inceptisols,5.0,clay-loam,poor,wet,moderate,moderate,high,brown,32.8,36.5,30.7,2.0
14175987,40769435,Luverne,Ultisols,4.6,sandy-loam,good,dry,low,moderate,moderate,red,67.0,13.5,19.5,0.75
14175988,40769439,Bibb,Entisols,4.6,sandy-loam,poor,wet,moderate,compacted,moderate,brown,66.9,10.0,23.1,2.0
14175989,40769441,Vaiden,Vertisols,5.5,clay,poor,wet,low,moderate,moderate,brown,30.0,40.0,30.0,1.25
14175990,40769444,Luverne,Ultisols,4.6,sandy-loam,good,dry,low,moderate,moderate,red,67.0,13.5,19.5,0.75
14175991,40769448,Vaiden,Vertisols,5.5,clay,poor,wet,low,moderate,moderate,brown,30.0,40.0,30.0,1.25
14175992,40769451,Luverne,Ultisols,4.6,sandy-loam,good,dry,low,moderate,moderate,red,67.0,13.5,19.5,0.75
14175993,40769455,Wilcox,Vertisols,5.0,clay,poor,wet,low,moderate,high,brown,5.5,47.5,47.0,1.25
14175994,40769459,Eutaw,Vertisols,5.3,clay,poor,wet,moderate,moderate,high,brown,26.1,45.0,28.9,2.0
14175995,40769462,Mayhew,Vertisols,5.3,silty,poor,wet,moderate,moderate,high,brown,18.4,25.0,56.6,2.0
14175996,40769468,Malbis,Ultisols,5.3,sandy-loam,moderate,moderate,low,moderate,moderate,red,67.2,17.5,15.3,0.75
14175997,40769470,Lucedale,Ultisols,5.8,sandy-loam,good,dry,low,moderate,high,red,65.4,5.5,29.1,1.25
14175998,40769471,Bama,Ultisols,5.3,sandy-loam,good,dry,low,moderate,moderate,red,66.4,14.5,19.1,0.75
14175999,40769474,Bama,Ultisols,5.3,sandy-loam,good,dry,low,moderate,moderate,red,66.4,14.5,19.1,0.75
14176000,40769477,Malbis,Ultisols,5.3,sandy-loam,moderate,moderate,low,moderate,moderate,red,67.2,17.5,15.3,0.75
14176001,40769481,Luverne,Ultisols,4.6,sandy-loam,good,dry,low,moderate,moderate,red,67.0,13.5,19.5,0.75
14176002,40769485,Izagora,Ultisols,4.8,sandy-loam,moderate,moderate,low,moderate,moderate,red,66.8,14.0,19.2,0.75
14176003,40769488,Smithdale,Ultisols,5.0,sandy-loam,good,dry,low,moderate,moderate,red,68.0,8.5,23.5,1.25
14176004,40769491,Bibb,Entisols,4.6,sandy-loam,poor,wet,moderate,compacted,moderate,brown,66.9,10.0,23.1,2.0
14176005,40769493,Malbis,Ultisols,5.3,sandy-loam,moderate,moderate,low,moderate,moderate,red,67.2,17.5,15.3,0.75
14176006,40769497,Smithdale,Ultisols,5.0,sandy-loam,good,dry,low,moderate,moderate,red,68.0,8.5,23.5,1.25
14176007,40769501,Luverne,Ultisols,4.6,sandy-loam,good,dry,low,moderate,moderate,red,67.0,13.5,19.5,0.75
14176008,40769505,Troup,Ultisols,5.3,sandy,good,dry,low,moderate,moderate,red,83.8,7.0,9.2,0.75
14176009,40769506,Una,Inceptisols,5.0,silty,poor,wet,moderate,moderate,high,brown,8.6,36.5,54.9,2.0
14176010,40769508,Mantachie,Inceptisols,5.0,sandy-loam,poor,wet,moderate,moderate,high,brown,66.8,14.0,19.2,2.0
14176011,40769510,Lenoir,Ultisols,4.6,loamy,poor,wet,moderate,moderate,moderate,red,45.4,13.0,41.6,3.0
14176012,40769512,Craven,Ultisols,5.1,sandy-loam,moderate,moderate,low,moderate,moderate,red,68.5,17.0,14.5,1.25
14176013,40769515,Luverne,Ultisols,4.6,sandy-loam,good,dry,low,moderate,moderate,red,67.0,13.5,19.5,0.75
14176014,40769519,Una,Inceptisols,5.0,silty,poor,wet,moderate,moderate,high,brown,18.9,36.5,44.6,2.0
14176015,40769521,Chrysler,Ultisols,5.0,silty,moderate,moderate,low,moderate,moderate,red,30.1,15.0,54.9,1.25
14176016,40769524,Canton Bend,Alfisols,5.8,sandy-loam,good,dry,low,unknown,moderate,brown,68.9,9.5,21.6,1.25
14176017,40769527,Chrysler,Ultisols,5.0,silty,moderate,moderate,low,moderate,moderate,red,30.1,15.0,54.9,1.25
14176018,40769530,Yonges,Alfisols,6.5,sandy,poor,wet,moderate,moderate,moderate,dark brown,70.9,12.5,16.6,3.0
14176019,40769535,Luverne,Ultisols,4.6,sandy-loam,good,dry,low,moderate,moderate,red,67.0,13.5,19.5,0.75
14176020,40769537,Bigbee,Entisols,5.3,sandy,good,dry,low,moderate,low,brown,83.8,7.0,9.2,1.25
14176021,40769539,Cahaba,Ultisols,5.3,sandy-loam,good,dry,low,moderate,moderate,red,68.3,12.0,19.7,1.25
14176022,40769542,Urbo,Inceptisols,5.0,silty,poor,wet,moderate,moderate,high,brown,19.0,23.5,57.5,2.0
14176023,40769544,Izagora,Ultisols,4.8,sandy-loam,moderate,moderate,low,moderate,moderate,red,69.6,14.0,16.4,0.75
14176024,40769547,Luverne,Ultisols,4.6,sandy-loam,good,dry,low,moderate,moderate,red,67.0,13.5,19.5,0.75
14176025,40769551,Pine Flat,Ultisols,5.8,sandy-loam,good,dry,low,unknown,moderate,red,67.7,9.0,23.3,0.75
14176026,40769554,Lucedale,Ultisols,5.8,sandy-loam,good,dry,low,moderate,high,red,63.9,5.5,30.6,1.25
14176027,40769556,Bama,Ultisols,5.3,sandy-loam,good,dry,low,moderate,moderate,red,69.2,14.5,16.3,0.75
14176028,40769559,Faceville,Ultisols,5.0,sandy-loam,good,dry,low,moderate,moderate,red,58.2,24.0,17.8,0.75
14176029,40769562,Jones,Alfisols,6.1,sandy-loam,good,dry,low,moderate,moderate,brown,67.7,9.0,23.3,0.75
14176030,40769567,Blanton,Ultisols,5.3,sandy,moderate,moderate,low,moderate,low,red,82.2,9.0,8.8,1.25
14176031,40769568,Lucedale,Ultisols,5.8,sandy-loam,good,dry,low,moderate,high,red,63.9,5.5,30.6,1.25
14176032,40769570,Bama,Ultisols,5.3,sandy-loam,good,dry,low,moderate,moderate,red,69.2,14.5,16.3,0.75
14176033,40769573,Luverne,Ultisols,4.6,sandy-loam,good,dry,low,moderate,moderate,red,67.0,13.5,19.5,0.75
14176034,40769577,Blanton,Ultisols,5.3,sandy,moderate,moderate,low,moderate,low,red,82.2,9.0,8.8,1.25
14176035,40769580,Alaga,Entisols,4.8,sandy,good,dry,moderate,compacted,low,brown,83.8,7.0,9.2,1.75
14176036,40769582,Lucy,Ultisols,5.6,sandy,good,dry,low,moderate,moderate,red,84.3,6.5,9.2,0.75
14176037,40769585,Troup,Ultisols,5.3,sandy,good,dry,low,moderate,moderate,red,83.8,7.0,9.2,0.75
14176038,40769587,Pine Flat,Ultisols,5.8,sandy-loam,good,dry,low,unknown,moderate,red,67.7,9.0,23.3,0.75
14176039,40769590,Colbert,Alfisols,5.5,silty,moderate,moderate,low,moderate,high,brown,29.7,16.0,54.3,1.25
14176040,40769595,Linker,Ultisols,4.6,sandy,good,dry,moderate,moderate,moderate,red,70.9,12.5,16.6,1.75
14176041,40769600,Tupelo,Alfisols,5.8,loamy,poor,wet,moderate,moderate,high,brown,39.8,22.5,37.7,2.0
14176042,40769603,Allen,Ultisols,5.0,sandy-loam,good,dry,moderate,moderate,moderate,red,68.4,15.5,16.1,1.75
14176043,40769606,Colbert,Alfisols,5.5,silty,moderate,moderate,low,moderate,high,brown,29.7,16.0,54.3,1.25
14176044,40769611,Roanoke,Ultisols,4.6,silty,poor,wet,low,moderate,moderate,red,27.1,18.5,54.4,1.25
14176045,40769615,Allen,Ultisols,5.0,sandy-loam,good,dry,moderate,moderate,moderate,red,68.4,15.5,16.1,1.75
14176046,40769618,Linker,Ultisols,4.6,sandy,good,dry,moderate,moderate,moderate,red,70.9,12.5,16.6,1.75
14176047,40769627,Wynnville,Ultisols,4.6,silty,moderate,moderate,low,moderate,high,red,30.5,13.5,56.0,1.25
14176048,40769628,Gorgas,Ultisols,5.5,sandy-loam,good,dry,low,compacted,low,red,67.9,12.5,19.6,1.25
14176049,40769631,Hollywood,Vertisols,7.3,clay,moderate,moderate,moderate,moderate,high,dark brown,29.6,40.0,30.4,3.5
14176050,40769634,Colbert,Alfisols,5.5,silty,moderate,moderate,low,moderate,high,brown,29.7,16.0,54.3,1.25
14176051,40769639,Nauvoo,Ultisols,5.3,sandy-loam,good,dry,low,moderate,moderate,red,68.1,17.5,14.4,1.25
14176052,40769645,Allen,Ultisols,5.0,sandy-loam,good,dry,moderate,moderate,moderate,red,68.4,15.5,16.1,1.75
14176053,40769646,Wynnville,Ultisols,4.6,silty,moderate,moderate,low,moderate,high,red,30.5,13.5,56.0,1.25
14176054,40769651,Hollywood,Vertisols,7.3,clay,moderate,moderate,moderate,moderate,high,dark brown,8.0,40.0,52.0,3.5
14176055,40769654,Roanoke,Ultisols,4.6,silty,poor,wet,low,moderate,moderate,red,27.1,18.5,54.4,1.25
14176056,40769658,Capshaw,Alfisols,5.6,loamy,moderate,moderate,moderate,moderate,high,brown,41.6,21.0,37.4,2.0
14176057,40769663,Wynnville,Ultisols,4.6,silty,moderate,moderate,low,moderate,high,red,30.5,13.5,56.0,1.25
14176058,40769668,Gorgas,Ultisols,5.5,sandy,good,dry,low,compacted,moderate,red,70.9,12.5,16.6,1.25
14176059,40769671,Chastain,Inceptisols,5.3,clay-loam,poor,wet,moderate,moderate,moderate,dark brown,31.2,38.5,30.3,3.5
14176060,40769674,Lenoir,Ultisols,4.6,sandy,poor,wet,moderate,moderate,moderate,red,70.5,13.0,16.5,3.0
14176061,40769676,Congaree,Entisols,5.9,silty,good,dry,moderate,moderate,moderate,brown,29.1,17.5,53.4,2.5
14176062,40769679,Mantachie,Inceptisols,5.0,sandy-loam,poor,wet,moderate,moderate,high,brown,69.6,14.0,16.4,2.0
14176063,40769681,Houlka,Vertisols,5.0,silty,poor,wet,low,moderate,high,brown,17.7,32.5,49.8,0.75
14176064,40769683,Leeper,Inceptisols,7.0,clay,poor,wet,moderate,moderate,high,brown,7.2,45.0,47.8,2.5
14176065,40769687,Annemaine,Ultisols,5.5,silty,moderate,moderate,low,moderate,moderate,red,30.1,15.0,54.9,0.75
14176066,40769690,Benndale,Ultisols,5.0,sandy-loam,good,dry,moderate,moderate,moderate,red,66.9,10.0,23.1,2.0
14176067,40769695,Lenoir,Ultisols,4.6,sandy,poor,wet,moderate,moderate,moderate,red,70.5,13.0,16.5,3.0
14176068,40769696,Houlka,Vertisols,5.0,silty,poor,wet,low,moderate,high,brown,17.7,32.5,49.8,0.75
14176069,40769698,Izagora,Ultisols,4.8,sandy-loam,moderate,moderate,low,moderate,moderate,red,66.8,14.0,19.2,0.75
14176070,40769701,McQueen,Ultisols,5.1,sandy,good,dry,low,moderate,moderate,red,70.1,13.5,16.4,1.25
14176071,40769705,Malbis,Ultisols,5.3,sandy-loam,moderate,moderate,low,moderate,moderate,red,67.2,17.5,15.3,0.75
14176072,40769709,Rains,Ultisols,5.1,sandy-loam,poor,wet,moderate,moderate,moderate,red,67.9,12.5,19.6,3.5
14176073,40769713,Bama,Ultisols,5.3,sandy-loam,good,dry,low,moderate,moderate,red,66.4,14.5,19.1,0.75
14176074,40769716,Mantachie,Inceptisols,5.0,sandy-loam,poor,wet,moderate,moderate,high,brown,69.6,14.0,16.4,2.0
14176075,40769718,Malbis,Ultisols,5.3,sandy-loam,moderate,moderate,low,moderate,moderate,red,67.2,17.5,15.3,0.75
14176076,40769722,Bama,Ultisols,5.3,sandy-loam,good,dry,low,moderate,moderate,red,66.4,14.5,19.1,0.75
14176077,40769725,Benndale,Ultisols,5.0,sandy-loam,good,dry,moderate,moderate,moderate,red,66.9,10.0,23.1,2.0
14176078,40769730,McQueen,Ultisols,5.1,sandy,good,dry,low,moderate,moderate,red,70.1,13.5,16.4,1.25
14176079,40769735,Congaree,Entisols,5.9,silty,good,dry,moderate,moderate,moderate,brown,29.1,17.5,53.4,2.5
14176080,40769736,Smithdale,Ultisols,5.0,sandy-loam,good,dry,low,moderate,moderate,red,68.0,8.5,23.5,1.25
14176081,40769739,Fuquay,Ultisols,5.3,sandy,good,dry,low,compacted,low,red,77.7,6.0,16.3,1.25
14176082,40769745,Luverne,Ultisols,4.6,sandy-loam,good,dry,low,moderate,moderate,red,67.0,13.5,19.5,0.75
14176083,40769747,Troup,Ultisols,5.3,sandy,good,dry,low,moderate,moderate,red,83.8,7.0,9.2,0.75
14176084,40769749,Malbis,Ultisols,5.3,sandy-loam,moderate,moderate,low,moderate,moderate,red,67.2,17.5,15.3,0.75
14176085,40769753,Orangeburg,Ultisols,5.3,sandy-loam,good,dry,low,moderate,low,red,66.0,11.0,23.0,1.25
14176086,40769757,Orangeburg,Ultisols,5.3,sandy-loam,good,dry,low,moderate,low,red,66.0,11.0,23.0,1.25
14176087,40769762,Oktibbeha,Vertisols,5.5,clay,moderate,moderate,high,moderate,moderate,dark brown,22.1,50.0,27.9,5.0
14176088,40769765,Greenville,Ultisols,5.3,sandy-loam,good,dry,low,moderate,moderate,red,67.9,12.5,19.6,1.25
14176089,40769766,Malbis,Ultisols,5.3,sandy-loam,moderate,moderate,low,moderate,moderate,red,67.2,17.5,15.3,0.75
14176090,40769770,Troup,Ultisols,5.3,sandy,good,dry,low,moderate,moderate,red,83.8,7.0,9.2,0.75
14176091,40769772,Arundel,Ultisols,4.6,sandy,good,dry,low,moderate,moderate,red,70.1,13.5,16.4,0.75
14176092,40769775,Conecuh,Ultisols,4.6,sandy-loam,moderate,moderate,low,moderate,moderate,red,65.1,16.0,18.9,1.25
14176093,40769779,Orangeburg,Ultisols,5.3,sandy-loam,good,dry,low,moderate,low,red,66.0,11.0,23.0,1.25
14176094,40769783,Conecuh,Ultisols,4.6,sandy-loam,moderate,moderate,low,moderate,moderate,red,65.1,16.0,18.9,1.25
14176095,40769787,Luverne,Ultisols,4.6,sandy-loam,good,dry,low,moderate,moderate,red,67.0,13.5,19.5,0.75
14176096,40769791,Bladen,Ultisols,4.6,sandy-loam,poor,wet,moderate,moderate,moderate,red,68.8,15.0,16.2,2.5
14176097,40769796,Luverne,Ultisols,4.6,sandy-loam,good,dry,low,moderate,moderate,red,67.0,13.5,19.5,0.75
14176098,40769799,Smithdale,Ultisols,5.0,sandy-loam,good,dry,low,moderate,moderate,red,68.0,8.5,23.5,1.25
14176099,40769802,Searcy,Alfisols,4.8,sandy-loam,moderate,moderate,moderate,moderate,moderate,brown,55.8,26.5,17.7,2.5
14176100,40769806,Oktibbeha,Vertisols,5.5,clay-loam,moderate,moderate,high,moderate,moderate,dark brown,34.2,33.5,32.3,4.5
14176101,40769809,Sumter,Inceptisols,7.5,clay,good,dry,moderate,moderate,moderate,dark brown,7.9,41.0,51.1,3.5
14176102,40769816,Searcy,Alfisols,4.8,loamy,moderate,moderate,moderate,moderate,moderate,brown,37.9,26.5,35.6,2.5
14176103,40769817,Watsonia,Vertisols,5.5,clay,good,dry,moderate,moderate,moderate,dark brown,22.1,50.0,27.9,3.5
14176104,40769823,Luverne,Ultisols,4.6,sandy-loam,good,dry,low,moderate,moderate,red,67.0,13.5,19.5,0.75
14176105,40769825,Oktibbeha,Vertisols,5.5,clay-loam,moderate,moderate,high,moderate,moderate,dark brown,34.2,33.5,32.3,4.5
14176106,40769828,Troup,Ultisols,5.3,sandy,good,dry,low,moderate,moderate,red,83.8,7.0,9.2,0.75
14176107,40769830,Demopolis,Entisols,7.9,loamy,good,dry,moderate,moderate,moderate,brown,38.1,25.5,36.4,1.5
14176108,40769833,Halso,Ultisols,4.6,sandy,moderate,moderate,low,moderate,moderate,red,70.5,13.0,16.5,1.25
14176109,40769838,Troup,Ultisols,5.3,sandy,good,dry,low,moderate,moderate,red,83.8,7.0,9.2,0.75
14176110,40769840,Demopolis,Entisols,7.9,loamy,good,dry,moderate,moderate,moderate,brown,38.1,25.5,36.4,1.5
14176111,40769843,Brantley,Alfisols,5.5,loamy,good,dry,moderate,moderate,moderate,brown,44.7,14.5,40.8,2.5
14176112,40769848,Halso,Ultisols,4.6,silty,moderate,moderate,low,moderate,moderate,red,26.0,22.0,52.0,1.25
14176113,40769855,Luverne,Ultisols,4.6,sandy-loam,good,dry,low,moderate,moderate,red,67.0,13.5,19.5,0.75
14176114,40769856,Congaree,Entisols,5.9,loamy,good,dry,moderate,moderate,moderate,brown,43.0,17.5,39.5,2.5
14176115,40769859,Leeper,Inceptisols,7.0,clay,poor,wet,moderate,moderate,high,brown,26.1,45.0,28.9,2.5
14176116,40769861,Bama,Ultisols,5.3,sandy-loam,good,dry,low,moderate,moderate,red,69.2,14.5,16.3,0.75
14176117,40769864,Bama,Ultisols,5.3,sandy-loam,good,dry,low,moderate,moderate,red,69.2,14.5,16.3,0.75
14176118,40769867,Troup,Ultisols,5.3,sandy,good,dry,low,moderate,low,red,92.9,5.5,1.6,0.75
14176119,40769869,Luverne,Ultisols,4.6,sandy-loam,good,dry,low,moderate,moderate,red,67.0,13.5,19.5,0.75
14176120,40769873,Oktibbeha,Vertisols,5.5,clay-loam,moderate,moderate,high,moderate,moderate,dark brown,34.2,33.5,32.3,4.5
14176121,40769876,Luverne,Ultisols,4.6,sandy-loam,good,dry,low,moderate,moderate,red,67.0,13.5,19.5,0.75
14176122,40769880,Conecuh,Ultisols,4.6,sandy-loam,moderate,moderate,low,moderate,moderate,red,65.1,16.0,18.9,1.25
14176123,40769887,Luverne,Ultisols,4.6,sandy-loam,good,dry,low,moderate,moderate,red,67.0,13.5,19.5,0.75
14176124,40769890,Sumter,Inceptisols,7.5,clay,good,dry,moderate,moderate,moderate,dark brown,7.9,41.0,51.1,3.5
14176125,40769892,Bibb,Entisols,4.6,sandy-loam,poor,wet,moderate,compacted,moderate,brown,66.9,10.0,23.1,2.0
14176126,40769894,Oktibbeha,Vertisols,5.5,clay-loam,moderate,moderate,high,moderate,moderate,dark brown,34.2,33.5,32.3,4.5
14176127,40769897,Una,Inceptisols,5.0,loamy,poor,wet,moderate,moderate,moderate,brown,39.2,23.5,37.3,2.0
14176128,40769899,Sumter,Inceptisols,7.5,clay,good,dry,moderate,moderate,moderate,dark brown,7.9,41.0,51.1,3.5
14176129,40769903,Iuka,Entisols,5.6,sandy-loam,moderate,moderate,low,unknown,moderate,brown,66.3,10.5,23.2,1.25
14176130,40769909,Conecuh,Ultisols,4.6,sandy-loam,moderate,moderate,low,moderate,moderate,red,65.1,16.0,18.9,1.25
14176131,40769910,Conecuh,Ultisols,4.6,sandy-loam,moderate,moderate,low,moderate,moderate,red,68.0,16.0,16.0,1.25
14176132,40769914,Cowarts,Ultisols,5.0,sandy-loam,good,dry,moderate,moderate,moderate,red,67.9,12.5,19.6,2.0
14176133,40769918,Springhill,Ultisols,5.0,sandy-loam,good,dry,low,moderate,moderate,red,66.0,11.0,23.0,1.25
14176134,40769923,Bibb,Entisols,4.6,sandy-loam,poor,wet,moderate,compacted,moderate,brown,66.9,10.0,23.1,2.0
14176135,40769924,Troup,Ultisols,5.3,sandy,good,dry,low,moderate,moderate,red,83.8,7.0,9.2,0.75
14176136,40769926,Conecuh,Ultisols,4.6,sandy-loam,moderate,moderate,low,moderate,moderate,red,68.0,16.0,16.0,1.25
14176137,40769930,Luverne,Ultisols,4.6,sandy-loam,good,dry,low,moderate,moderate,red,67.0,13.5,19.5,0.75
14176138,40769934,Cowarts,Ultisols,5.0,sandy-loam,good,dry,moderate,moderate,moderate,red,67.9,12.5,19.6,2.0
14176139,40769938,Luverne,Ultisols,4.6,sandy-loam,good,dry,low,moderate,moderate,red,67.0,13.5,19.5,0.75
14176140,40769942,Dothan,Ultisols,5.3,sandy-loam,good,dry,low,moderate,moderate,red,66.8,14.0,19.2,0.75
14176141,40769945,Troup,Ultisols,5.3,sandy,good,dry,low,moderate,moderate,red,83.8,7.0,9.2,0.75
14176142,40769947,Springhill,Ultisols,5.0,sandy-loam,good,dry,low,moderate,moderate,red,66.0,11.0,23.0,1.25
14176143,40769951,Dothan,Ultisols,5.3,sandy-loam,good,dry,low,moderate,moderate,red,66.8,14.0,19.2,0.75
14176144,40769954,Luverne,Ultisols,4.6,sandy-loam,good,dry,low,moderate,moderate,red,67.0,13.5,19.5,0.75
14176145,40769958,Conecuh,Ultisols,4.6,sandy-loam,moderate,moderate,low,moderate,moderate,red,65.1,16.0,18.9,1.25
14176146,40769962,Blanton,Ultisols,5.3,sandy,moderate,moderate,low,moderate,low,red,82.2,9.0,8.8,1.25
14176147,40769965,Fuquay,Ultisols,5.3,sandy,good,dry,low,compacted,low,red,77.7,6.0,16.3,1.25
14176148,40769969,Bibb,Entisols,4.6,sandy-loam,poor,wet,moderate,compacted,moderate,brown,66.9,10.0,23.1,2.0
14176149,40769971,Norfolk,Ultisols,4.8,sandy-loam,good,dry,low,moderate,moderate,red,65.7,11.5,22.8,1.25
14176150,40769975,Troup,Ultisols,5.3,sandy,good,dry,low,moderate,moderate,red,83.8,7.0,9.2,0.75
14176151,40769977,Luverne,Ultisols,4.6,sandy-loam,good,dry,low,moderate,moderate,red,67.0,13.5,19.5,0.75
14176152,40769983,Lucy,Ultisols,5.6,sandy,good,dry,low,moderate,moderate,red,84.3,6.5,9.2,0.75
14176153,40769984,Troup,Ultisols,5.3,sandy,good,dry,low,moderate,moderate,red,83.8,7.0,9.2,0.75
14176154,40769986,Buncombe,Entisols,5.5,sandy,good,dry,low,compacted,low,brown,83.5,7.5,9.0,0.75
14176155,40769989,Conecuh,Ultisols,4.6,sandy-loam,moderate,moderate,low,moderate,moderate,red,65.1,16.0,18.9,1.25
14176156,40769993,Blanton,Ultisols,5.3,sandy,moderate,moderate,low,moderate,low,red,82.2,9.0,8.8,1.25
14176157,40769996,Nankin,Ultisols,5.0,sandy-loam,good,dry,low,moderate,moderate,red,67.0,13.5,19.5,0.75
14176158,40770000,Lucy,Ultisols,5.6,sandy,good,dry,low,moderate,moderate,red,84.3,6.5,9.2,0.75
14176159,40770003,Riverview,Inceptisols,5.5,sandy-loam,good,dry,low,moderate,moderate,brown,67.7,11.0,21.3,1.25
14176160,40770006,Mantachie,Inceptisols,5.0,sandy-loam,poor,wet,moderate,moderate,high,brown,66.8,14.0,19.2,2.0
14176161,40770008,Rains,Ultisols,5.1,sandy-loam,poor,wet,moderate,moderate,moderate,red,67.9,12.5,19.6,3.5
14176162,40770012,Goldsboro,Ultisols,4.8,sandy-loam,moderate,moderate,low,moderate,moderate,red,68.5,10.0,21.5,1.25
14176163,40770016,Iuka,Entisols,5.6,sandy-loam,moderate,moderate,low,unknown,moderate,brown,66.3,10.5,23.2,1.25
14176164,40770019,Bonifay,Ultisols,5.5,sandy,good,dry,moderate,moderate,low,red,81.8,9.0,9.2,1.75
14176165,40770022,Eunola,Ultisols,5.0,sandy-loam,moderate,moderate,low,moderate,moderate,red,68.8,15.0,16.2,1.25
14176166,40770027,Cahaba,Ultisols,5.3,sandy,good,dry,low,moderate,low,red,83.8,7.0,9.2,1.25
14176167,40770030,Bibb,Entisols,4.6,sandy-loam,poor,wet,moderate,compacted,moderate,brown,66.9,10.0,23.1,2.0
14176168,40770032,Bigbee,Entisols,5.3,sandy,good,dry,low,moderate,low,brown,83.8,7.0,9.2,1.25
14176169,40770034,Cahaba,Ultisols,5.3,sandy-loam,good,dry,low,moderate,moderate,red,68.3,12.0,19.7,1.25
14176170,40770037,Yonges,Alfisols,6.5,sandy,poor,wet,moderate,moderate,moderate,dark brown,70.9,12.5,16.6,3.0
14176171,40770040,Springhill,Ultisols,5.0,sandy-loam,good,dry,low,moderate,moderate,red,66.0,11.0,23.0,1.25
14176172,40770044,Bibb,Entisols,4.6,sandy-loam,poor,wet,moderate,compacted,moderate,brown,66.9,10.0,23.1,2.0
14176173,40770046,Troup,Ultisols,5.3,sandy,good,dry,low,moderate,moderate,red,83.8,7.0,9.2,0.75
14176174,40770048,Dothan,Ultisols,5.3,sandy-loam,good,dry,low,moderate,moderate,red,66.8,14.0,19.2,0.75
14176175,40770051,Eunola,Ultisols,5.0,sandy-loam,moderate,moderate,low,moderate,moderate,red,65.9,15.0,19.1,1.25
14176176,40770056,Cowarts,Ultisols,5.0,sandy-loam,good,dry,moderate,moderate,moderate,red,67.9,12.5,19.6,2.0
14176177,40770060,Myatt,Ultisols,5.3,sandy-loam,poor,wet,moderate,moderate,moderate,red,67.0,13.5,19.5,2.25
14176178,40770063,Springhill,Ultisols,5.0,sandy-loam,good,dry,low,moderate,moderate,red,66.0,11.0,23.0,1.25
14176179,40770067,Cowarts,Ultisols,5.0,sandy-loam,good,dry,moderate,moderate,moderate,red,67.9,12.5,19.6,2.0
14176180,40770071,Troup,Ultisols,5.3,sandy,good,dry,low,moderate,moderate,red,83.8,7.0,9.2,0.75
14176181,40770073,Luverne,Ultisols,4.6,sandy-loam,good,dry,low,moderate,moderate,red,67.0,13.5,19.5,0.75
14176182,40770077,Dothan,Ultisols,5.3,sandy-loam,good,dry,low,moderate,moderate,red,66.8,14.0,19.2,0.75
14176183,40770080,Luverne,Ultisols,4.6,sandy-loam,good,dry,low,moderate,moderate,red,67.0,13.5,19.5,0.75
14176184,40770084,Chenneby,Inceptisols,5.3,loamy,poor,wet,low,moderate,moderate,brown,37.6,19.5,42.9,1.25
14176185,40770087,Leesburg,Ultisols,5.0,sandy-loam,good,dry,low,moderate,moderate,red,67.5,11.5,21.0,1.25
14176186,40770091,Holston,Ultisols,5.0,sandy-loam,good,dry,low,moderate,high,red,68.1,17.5,14.4,1.25
14176187,40770094,Holston,Ultisols,5.0,sandy-loam,good,dry,low,moderate,high,red,68.1,17.5,14.4,1.25
14176188,40770097,Tupelo,Alfisols,5.8,loamy,poor,wet,moderate,moderate,high,brown,39.8,22.5,37.7,2.0
14176189,40770100,Locust,Ultisols,5.0,sandy,moderate,moderate,low,moderate,moderate,red,70.1,13.5,16.4,0.75
14176190,40770104,Chenneby,Inceptisols,5.3,loamy,poor,wet,moderate,moderate,moderate,brown,37.6,19.5,42.9,1.75
14176191,40770107,Waynesboro,Ultisols,5.0,sandy-loam,good,dry,low,moderate,high,red,66.1,20.0,13.9,1.25
14176192,40770110,Waynesboro,Ultisols,5.0,sandy-loam,good,dry,low,moderate,high,red,66.1,20.0,13.9,1.25
14176193,40770113,Locust,Ultisols,5.0,sandy,moderate,moderate,low,moderate,moderate,red,70.1,13.5,16.4,0.75
14176194,40770117,Leesburg,Ultisols,5.0,sandy-loam,good,dry,low,moderate,moderate,red,67.5,11.5,21.0,1.25
14176195,40770121,Houston,Vertisols,7.3,clay,moderate,moderate,moderate,moderate,moderate,dark brown,15.9,58.5,25.6,3.5
14176196,40770124,Vaiden,Vertisols,5.5,clay,poor,wet,low,moderate,moderate,brown,8.0,40.0,52.0,1.25
14176197,40770127,Leeper,Inceptisols,7.0,silty,poor,wet,moderate,moderate,high,brown,18.1,31.0,50.9,2.5
14176198,40770129,Leeper,Inceptisols,7.0,clay,poor,wet,moderate,moderate,high,brown,7.2,45.0,47.8,2.5
14176199,40770132,Sumter,Inceptisols,7.5,clay,good,dry,moderate,moderate,moderate,dark brown,29.3,41.0,29.7,3.5
14176200,40770135,Garner,Vertisols,6.7,clay,poor,wet,moderate,moderate,moderate,brown,26.1,45.0,28.9,2.5
14176201,40770137,Oktibbeha,Vertisols,5.5,clay,moderate,moderate,high,moderate,moderate,dark brown,22.1,50.0,27.9,5.0
14176202,40770140,Oktibbeha,Vertisols,5.5,clay,moderate,moderate,high,moderate,moderate,dark brown,22.1,50.0,27.9,5.0
14176203,40770143,Sumter,Inceptisols,7.5,clay,good,dry,moderate,moderate,moderate,dark brown,29.3,41.0,29.7,3.5
14176204,40770149,Vaiden,Vertisols,5.5,clay,poor,wet,low,moderate,moderate,brown,8.0,40.0,52.0,1.25
14176205,40770150,Eutaw,Vertisols,5.3,clay,poor,wet,moderate,moderate,high,brown,26.1,45.0,28.9,2.0
14176206,40770155,Oktibbeha,Vertisols,5.5,clay,moderate,moderate,high,moderate,moderate,dark brown,22.1,50.0,27.9,5.0
14176207,40770159,Sumter,Inceptisols,7.5,clay,good,dry,moderate,moderate,moderate,dark brown,29.3,41.0,29.7,3.5
14176208,40770163,McQueen,Ultisols,5.1,sandy,good,dry,low,moderate,moderate,red,70.1,13.5,16.4,1.25
14176209,40770164,Angie,Ultisols,5.5,sandy-loam,moderate,moderate,moderate,moderate,moderate,red,69.3,9.0,21.7,1.75
14176210,40770166,Angie,Ultisols,5.5,sandy-loam,moderate,moderate,moderate,moderate,moderate,red,69.3,9.0,21.7,1.75
14176211,40770168,McQueen,Ultisols,5.1,sandy,good,dry,low,moderate,moderate,red,70.1,13.5,16.4,1.25
14176212,40770172,Wehadkee,Inceptisols,5.5,silty,poor,wet,moderate,moderate,high,dark brown,21.9,23.0,55.1,3.5
14176213,40770175,Augusta,Ultisols,5.3,silty,poor,wet,low,moderate,high,red,29.1,17.5,53.4,1.25
14176214,40770178,Annemaine,Ultisols,5.5,sandy-loam,moderate,moderate,low,moderate,moderate,red,68.8,15.0,16.2,0.75
14176215,40770183,Roanoke,Ultisols,4.6,silty,poor,wet,low,moderate,moderate,red,27.1,18.5,54.4,1.25
14176216,40770187,Cahaba,Ultisols,5.3,sandy,good,dry,low,moderate,moderate,red,71.3,12.0,16.7,1.25
14176217,40770190,Roanoke,Ultisols,4.6,silty,poor,wet,low,moderate,moderate,red,27.1,18.5,54.4,1.25
14176218,40770194,Cahaba,Ultisols,5.3,sandy,good,dry,low,moderate,moderate,red,71.3,12.0,16.7,1.25
14176219,40770197,Augusta,Ultisols,5.3,silty,poor,wet,low,moderate,high,red,29.1,17.5,53.4,1.25
14176220,40770200,Izagora,Ultisols,4.8,sandy-loam,moderate,moderate,low,moderate,moderate,red,69.6,14.0,16.4,0.75
14176221,40770203,McQueen,Ultisols,5.1,sandy,good,dry,low,moderate,moderate,red,70.1,13.5,16.4,1.25
14176222,40770207,McQueen,Ultisols,5.1,sandy,good,dry,low,moderate,moderate,red,70.1,13.5,16.4,1.25
14176223,40770211,Izagora,Ultisols,4.8,sandy-loam,moderate,moderate,low,moderate,moderate,red,69.6,14.0,16.4,0.75
14176224,40770215,Myatt,Ultisols,5.3,sandy-loam,poor,wet,moderate,moderate,moderate,red,67.0,13.5,19.5,2.25
14176225,40770217,Iuka,Entisols,5.6,silty,moderate,moderate,low,unknown,high,brown,32.7,10.5,56.8,1.25
14176226,40770220,Iuka,Entisols,5.6,silty,moderate,moderate,low,unknown,high,brown,32.7,10.5,56.8,1.25
14176227,40770223,Red Bay,Ultisols,5.3,sandy,good,dry,low,moderate,moderate,red,70.1,13.5,16.4,1.25
14176228,40770227,Izagora,Ultisols,4.8,sandy-loam,moderate,moderate,low,moderate,moderate,red,69.6,14.0,16.4,0.75
14176229,40770232,Cahaba,Ultisols,5.3,sandy,good,dry,low,moderate,moderate,red,71.3,12.0,16.7,1.25
14176230,40770233,Smithdale,Ultisols,5.0,sandy-loam,good,dry,low,moderate,moderate,red,69.7,8.5,21.8,1.25
14176231,40770237,Red Bay,Ultisols,5.3,sandy,good,dry,low,moderate,moderate,red,70.1,13.5,16.4,1.25
14176232,40770240,Myatt,Ultisols,5.3,sandy-loam,poor,wet,moderate,moderate,moderate,red,67.0,13.5,19.5,2.25
14176233,40770243,Red Bay,Ultisols,5.3,sandy,good,dry,low,moderate,moderate,red,70.1,13.5,16.4,1.25
14176234,40770247,Cahaba,Ultisols,5.3,sandy,good,dry,low,moderate,moderate,red,71.3,12.0,16.7,1.25
14176235,40770250,Izagora,Ultisols,4.8,sandy-loam,moderate,moderate,low,moderate,moderate,red,69.6,14.0,16.4,0.75
14176236,40770253,Dothan,Ultisols,5.3,sandy-loam,good,dry,low,moderate,moderate,red,69.6,14.0,16.4,0.75
14176237,40770256,Troup,Ultisols,5.3,sandy,good,dry,low,moderate,moderate,red,83.8,7.0,9.2,0.75
14176238,40770258,Troup,Ultisols,5.3,sandy,good,dry,low,moderate,moderate,red,83.8,7.0,9.2,0.75
14176239,40770260,Luverne,Ultisols,4.6,sandy,good,dry,low,moderate,moderate,red,70.1,13.5,16.4,0.75
14176240,40770264,Boswell,Alfisols,5.0,loamy,moderate,moderate,moderate,moderate,high,brown,43.3,17.0,39.7,2.5
14176241,40770267,Uchee,Ultisols,5.0,sandy,good,dry,moderate,moderate,low,red,84.3,6.5,9.2,1.6
14176242,40770271,Dothan,Ultisols,5.3,sandy-loam,good,dry,low,moderate,moderate,red,69.6,14.0,16.4,0.75
14176243,40770274,Smithdale,Ultisols,5.0,sandy-loam,good,dry,low,moderate,moderate,red,69.7,8.5,21.8,1.25
14176244,40770277,Troup,Ultisols,5.3,sandy,good,dry,low,moderate,moderate,red,83.8,7.0,9.2,0.75
14176245,40770279,Luverne,Ultisols,4.6,sandy,good,dry,low,moderate,moderate,red,70.1,13.5,16.4,0.75
14176246,40770283,Boswell,Alfisols,5.0,loamy,moderate,moderate,moderate,moderate,high,brown,43.3,17.0,39.7,2.5
14176247,40770285,Lucy,Ultisols,5.6,sandy,good,dry,low,moderate,moderate,red,84.3,6.5,9.2,0.75
14176248,40770288,Uchee,Ultisols,5.0,sandy,good,dry,moderate,moderate,low,red,84.3,6.5,9.2,1.6
14176249,40770293,Smithdale,Ultisols,5.0,sandy-loam,good,dry,low,moderate,moderate,red,69.7,8.5,21.8,1.25
14176250,40770296,Luverne,Ultisols,4.6,sandy,good,dry,low,moderate,moderate,red,70.1,13.5,16.4,0.75
14176251,40770300,Bibb,Entisols,4.6,sandy-loam,poor,wet,moderate,compacted,moderate,brown,68.5,10.0,21.5,2.0
14176252,40770302,Dothan,Ultisols,5.3,sandy-loam,good,dry,low,moderate,moderate,red,66.8,14.0,19.2,0.75
14176253,40770305,Blanton,Ultisols,5.3,sandy,moderate,moderate,low,moderate,low,red,82.2,9.0,8.8,1.25
14176254,40770308,Bibb,Entisols,4.6,sandy-loam,poor,wet,moderate,compacted,moderate,brown,66.9,10.0,23.1,2.0
14176255,40770310,Troup,Ultisols,5.3,sandy,good,dry,low,moderate,moderate,red,83.8,7.0,9.2,0.75
14176256,40770312,Cowarts,Ultisols,5.0,sandy-loam,good,dry,moderate,moderate,moderate,red,67.9,12.5,19.6,2.0
14176257,40770316,Iuka,Entisols,5.6,sandy-loam,moderate,moderate,low,unknown,moderate,brown,66.3,10.5,23.2,1.25
14176258,40770319,Luverne,Ultisols,4.6,sandy-loam,good,dry,low,moderate,moderate,red,67.0,13.5,19.5,0.75
14176259,40770323,Troup,Ultisols,5.3,sandy,good,dry,low,moderate,moderate,red,83.8,7.0,9.2,0.75
14176260,40770326,Oktibbeha,Vertisols,5.5,clay-loam,moderate,moderate,high,moderate,moderate,dark brown,34.2,33.5,32.3,4.5
14176261,40770328,Dothan,Ultisols,5.3,sandy-loam,good,dry,low,moderate,moderate,red,66.8,14.0,19.2,0.75
14176262,40770331,Cowarts,Ultisols,5.0,sandy-loam,good,dry,moderate,moderate,moderate,red,67.9,12.5,19.6,2.0
14176263,40770335,Luverne,Ultisols,4.6,sandy-loam,good,dry,low,moderate,moderate,red,67.0,13.5,19.5,0.75
14176264,40770339,Cowarts,Ultisols,5.0,sandy-loam,good,dry,moderate,moderate,moderate,red,67.9,12.5,19.6,2.0
14176265,40770343,Luverne,Ultisols,4.6,sandy-loam,good,dry,low,moderate,moderate,red,67.0,13.5,19.5,0.75
14176266,40770347,Troup,Ultisols,5.3,sandy,good,dry,low,moderate,moderate,red,83.8,7.0,9.2,0.75
14176267,40770350,Dothan,Ultisols,5.3,sandy-loam,good,dry,low,moderate,moderate,red,66.8,14.0,19.2,0.75
14176268,40770352,Cowarts,Ultisols,5.0,sandy-loam,good,dry,moderate,moderate,moderate,red,67.9,12.5,19.6,2.0
14176269,40770356,Luverne,Ultisols,4.6,sandy-loam,good,dry,low,moderate,moderate,red,67.0,13.5,19.5,0.75
14176270,40770360,Orangeburg,Ultisols,5.3,sandy-loam,good,dry,low,moderate,low,red,66.0,11.0,23.0,1.25
14176271,40770364,Luverne,Ultisols,4.6,sandy-loam,good,dry,low,moderate,moderate,red,67.0,13.5,19.5,0.75
14176272,40770368,Troup,Ultisols,5.3,sandy,good,dry,low,moderate,moderate,red,83.8,7.0,9.2,0.75
14176273,40770370,Tumbleton,Ultisols,5.5,sandy-loam,good,dry,low,compacted,moderate,red,67.9,12.5,19.6,1.25
14176274,40770375,Osier,Entisols,4.8,sandy,poor,wet,moderate,moderate,low,dark brown,78.1,5.5,16.4,3.5
14176275,40770378,Lucy,Ultisols,5.6,sandy,good,dry,low,moderate,moderate,red,84.3,6.5,9.2,0.75
14176276,40770381,Cowarts,Ultisols,5.0,sandy-loam,good,dry,moderate,moderate,moderate,red,67.9,12.5,19.6,2.0
14176277,40770385,Troup,Ultisols,5.3,sandy,good,dry,low,moderate,moderate,red,83.8,7.0,9.2,0.75
14176278,40770387,Nankin,Ultisols,5.0,sandy-loam,good,dry,low,moderate,moderate,red,67.0,13.5,19.5,0.75
14176279,40770391,Muckalee,Entisols,6.2,sandy,poor,wet,moderate,moderate,moderate,dark brown,70.9,12.5,16.6,4.0
14176280,40770393,Tumbleton,Ultisols,5.5,sandy-loam,good,dry,low,compacted,moderate,red,67.9,12.5,19.6,1.25
14176281,40770398,Luverne,Ultisols,4.6,sandy-loam,good,dry,low,moderate,moderate,red,67.0,13.5,19.5,0.75
14176282,40770402,Tumbleton,Ultisols,5.5,sandy-loam,good,dry,low,compacted,moderate,red,67.9,12.5,19.6,1.25
14176283,40770409,Springhill,Ultisols,5.0,sandy-loam,good,dry,low,moderate,moderate,red,66.0,11.0,23.0,1.25
14176284,40770411,Luverne,Ultisols,4.6,sandy-loam,good,dry,low,moderate,moderate,red,67.0,13.5,19.5,0.75
14176285,40770418,Nankin,Ultisols,5.0,sandy,good,dry,low,moderate,low,red,82.5,8.5,9.0,0.75
14176286,40770419,Troup,Ultisols,5.3,sandy,good,dry,low,moderate,moderate,red,83.8,7.0,9.2,0.75
14176287,40770421,Norfolk,Ultisols,4.8,sandy,good,dry,low,compacted,low,red,78.6,5.0,16.4,1.25
14176288,40770425,Luverne,Ultisols,4.6,sandy-loam,good,dry,low,moderate,moderate,red,67.0,13.5,19.5,0.75
14176289,40770429,Norfolk,Ultisols,4.8,sandy,good,dry,low,compacted,low,red,78.6,5.0,16.4,1.25
14176290,40770433,Troup,Ultisols,5.3,sandy,good,dry,low,moderate,moderate,red,83.8,7.0,9.2,0.75
14176291,40770435,Dothan,Ultisols,5.3,sandy-loam,good,dry,low,moderate,moderate,red,66.8,14.0,19.2,0.75
14176292,40770438,Tumbleton,Ultisols,5.5,sandy-loam,good,dry,low,compacted,moderate,red,67.9,12.5,19.6,1.25
14176293,40770443,Nankin,Ultisols,5.0,sandy-loam,good,dry,low,moderate,moderate,red,67.0,13.5,19.5,0.75
14176294,40770447,Muckalee,Entisols,6.2,sandy,poor,wet,moderate,moderate,moderate,dark brown,70.9,12.5,16.6,4.0
14176295,40770449,Lucy,Ultisols,5.6,sandy,good,dry,low,moderate,moderate,red,84.3,6.5,9.2,0.75
14176296,40770452,Bibb,Entisols,4.6,sandy-loam,poor,wet,moderate,compacted,moderate,brown,66.9,10.0,23.1,2.0
14176297,40770454,Springhill,Ultisols,5.0,sandy-loam,good,dry,low,moderate,moderate,red,66.0,11.0,23.0,1.25
14176298,40770458,Eunola,Ultisols,5.0,sandy-loam,moderate,moderate,low,moderate,moderate,red,65.9,15.0,19.1,1.25
14176299,40770463,Troup,Ultisols,5.3,sandy,good,dry,low,moderate,moderate,red,83.8,7.0,9.2,0.75
14176300,40770465,Troup,Ultisols,5.3,sandy,good,dry,low,moderate,moderate,red,83.8,7.0,9.2,0.75
14176301,40770467,Yonges,Alfisols,6.5,sandy,poor,wet,moderate,moderate,moderate,dark brown,70.9,12.5,16.6,3.0
14176302,40770472,Suffolk,Ultisols,4.8,sandy-loam,good,dry,low,moderate,moderate,red,68.3,12.0,19.7,1.25
14176303,40770473,Mantachie,Inceptisols,5.0,sandy-loam,poor,wet,moderate,moderate,high,brown,66.8,14.0,19.2,2.0
14176304,40770478,Orangeburg,Ultisols,5.3,sandy-loam,good,dry,low,moderate,low,red,66.0,11.0,23.0,1.25
14176305,40770479,Luverne,Ultisols,4.6,sandy-loam,good,dry,low,moderate,moderate,red,67.0,13.5,19.5,0.75
14176306,40770483,Bibb,Entisols,4.6,sandy-loam,poor,wet,moderate,compacted,moderate,brown,66.9,10.0,23.1,2.0
14176307,40770485,Orangeburg,Ultisols,5.3,sandy-loam,good,dry,low,moderate,low,red,66.0,11.0,23.0,1.25
14176308,40770490,Red Bay,Ultisols,5.3,sandy-loam,good,dry,low,moderate,moderate,red,67.0,13.5,19.5,1.25
14176309,40770493,Dothan,Ultisols,5.3,sandy-loam,good,dry,low,moderate,moderate,red,66.8,14.0,19.2,0.75
14176310,40770497,Osier,Entisols,4.8,sandy,poor,wet,moderate,moderate,low,dark brown,78.1,5.5,16.4,3.5
14176311,40770499,Greenville,Ultisols,5.3,sandy-loam,good,dry,low,moderate,moderate,red,67.9,12.5,19.6,1.25
14176312,40770501,Luverne,Ultisols,4.6,sandy-loam,good,dry,low,moderate,moderate,red,67.0,13.5,19.5,0.75
14176313,40770506,Dothan,Ultisols,5.3,sandy-loam,good,dry,low,moderate,moderate,red,66.8,14.0,19.2,0.75
14176314,40770508,Red Bay,Ultisols,5.3,sandy-loam,good,dry,low,moderate,moderate,red,67.0,13.5,19.5,1.25
14176315,40770512,Orangeburg,Ultisols,5.3,sandy-loam,good,dry,low,moderate,low,red,66.0,11.0,23.0,1.25
14176316,40770516,Troup,Ultisols,5.3,sandy,good,dry,low,moderate,moderate,red,83.8,7.0,9.2,0.75
14176317,40770518,Luverne,Ultisols,4.6,sandy-loam,good,dry,low,moderate,moderate,red,67.0,13.5,19.5,0.75
14176318,40770522,Greenville,Ultisols,5.3,sandy-loam,good,dry,low,moderate,moderate,red,67.9,12.5,19.6,1.25
14176319,40770524,Orangeburg,Ultisols,5.3,sandy-loam,good,dry,low,moderate,low,red,66.0,11.0,23.0,1.25
14176320,40770528,Red Bay,Ultisols,5.3,sandy-loam,good,dry,low,moderate,moderate,red,67.0,13.5,19.5,1.25
14176321,40770532,Orangeburg,Ultisols,5.3,sandy-loam,good,dry,low,moderate,low,red,66.0,11.0,23.0,1.25
14176322,40770536,Allen,Ultisols,5.0,sandy-loam,good,dry,moderate,moderate,moderate,red,68.4,15.5,16.1,1.75
14176323,40770539,Allen,Ultisols,5.0,sandy-loam,good,dry,moderate,moderate,moderate,red,68.4,15.5,16.1,1.75
14176324,40770544,Gorgas,Ultisols,5.5,sandy,good,dry,low,compacted,moderate,red,70.9,12.5,16.6,1.25
14176325,40770545,Nella,Ultisols,5.0,sandy-loam,good,dry,unknown,moderate,moderate,red,67.3,18.5,14.2,
14176326,40770548,Allen,Ultisols,5.0,sandy-loam,good,dry,moderate,moderate,moderate,red,68.4,15.5,16.1,1.75
14176327,40770551,Chenneby,Inceptisols,5.3,loamy,poor,wet,low,moderate,moderate,brown,37.6,19.5,42.9,1.25
14176328,40770554,Chenneby,Inceptisols,5.3,loamy,poor,wet,moderate,moderate,moderate,brown,37.6,19.5,42.9,1.75
14176329,40770557,Gorgas,Ultisols,5.5,sandy-loam,good,dry,low,compacted,low,red,67.9,12.5,19.6,1.25
14176330,40770560,Nella,Ultisols,5.0,sandy-loam,good,dry,unknown,moderate,moderate,red,67.3,18.5,14.2,
14176331,40770563,Goldsboro,Ultisols,4.8,sandy-loam,moderate,moderate,low,moderate,moderate,red,66.9,10.0,23.1,1.25
14176332,40770567,Dothan,Ultisols,5.3,sandy-loam,good,dry,low,moderate,moderate,red,66.8,14.0,19.2,0.75
14176333,40770570,Greenville,Ultisols,5.3,sandy-loam,good,dry,low,moderate,moderate,red,67.9,12.5,19.6,1.25
14176334,40770572,Luverne,Ultisols,4.6,sandy-loam,good,dry,low,moderate,moderate,red,67.0,13.5,19.5,0.75
14176335,40770577,Nankin,Ultisols,5.0,sandy-loam,good,dry,low,moderate,moderate,red,67.0,13.5,19.5,0.75
14176336,40770580,Greenville,Ultisols,5.3,sandy-loam,good,dry,low,moderate,moderate,red,67.9,12.5,19.6,1.25
14176337,40770585,Luverne,Ultisols,4.6,sandy-loam,good,dry,low,moderate,moderate,red,67.0,13.5,19.5,0.75
14176338,40770586,Bibb,Entisols,4.6,sandy-loam,poor,wet,moderate,compacted,moderate,brown,66.9,10.0,23.1,2.0
14176339,40770588,Cowarts,Ultisols,5.0,sandy-loam,good,dry,moderate,moderate,moderate,red,67.9,12.5,19.6,2.0
14176340,40770592,Lucy,Ultisols,5.6,sandy,good,dry,low,moderate,moderate,red,84.3,6.5,9.2,0.75
14176341,40770595,Orangeburg,Ultisols,5.3,sandy-loam,good,dry,low,moderate,low,red,66.0,11.0,23.0,1.25
14176342,40770599,Troup,Ultisols,5.3,sandy,good,dry,low,moderate,moderate,red,83.8,7.0,9.2,0.75
14176343,40770601,Osier,Entisols,4.8,sandy,poor,wet,moderate,moderate,low,dark brown,78.1,5.5,16.4,3.5
14176344,40770605,Cowarts,Ultisols,5.0,sandy-loam,good,dry,moderate,moderate,moderate,red,67.9,12.5,19.6,2.0
14176345,40770608,Orangeburg,Ultisols,5.3,sandy-loam,good,dry,low,moderate,low,red,66.0,11.0,23.0,1.25
14176346,40770612,Cowarts,Ultisols,5.0,sandy-loam,good,dry,moderate,moderate,moderate,red,67.9,12.5,19.6,2.0
14176347,40770616,Annemaine,Ultisols,5.5,sandy-loam,moderate,moderate,low,moderate,moderate,red,68.8,15.0,16.2,0.75
14176348,40770621,Grady,Ultisols,4.6,sandy-loam,poor,wet,moderate,moderate,moderate,red,68.1,17.5,14.4,2.5
14176349,40770624,Riverview,Inceptisols,5.5,sandy,good,dry,low,moderate,moderate,brown,84.3,6.5,9.2,1.25
14176350,40770627,Alaga,Entisols,4.8,sandy,good,dry,moderate,compacted,low,brown,83.8,7.0,9.2,1.75
14176351,40770629,Wickham,Ultisols,5.3,sandy,good,dry,low,compacted,low,red,83.8,7.0,9.2,0.75
14176352,40770632,Kolomoki,Ultisols,5.5,sandy,good,dry,moderate,moderate,low,red,82.5,8.5,9.0,1.75
14176353,40770637,Meggett,Alfisols,5.5,sandy,poor,wet,high,moderate,moderate,dark brown,70.9,12.5,16.6,5.0
14176354,40770641,Ochlockonee,Entisols,5.5,sandy-loam,good,dry,low,moderate,moderate,brown,66.3,10.5,23.2,1.25
14176355,40770644,Bigbee,Entisols,5.3,sandy,good,dry,low,moderate,low,brown,93.2,5.5,1.3,1.25
14176356,40770646,Troup,Ultisols,5.3,sandy,good,dry,low,moderate,moderate,red,83.8,7.0,9.2,0.75
14176357,40770649,Nankin,Ultisols,5.0,sandy-loam,good,dry,low,moderate,moderate,red,67.0,13.5,19.5,0.75
14176358,40770652,Saucier,Ultisols,4.6,sandy,moderate,moderate,moderate,moderate,moderate,red,70.5,13.0,16.5,2.0
14176359,40770656,Fuquay,Ultisols,5.3,sandy,good,dry,low,compacted,low,red,77.7,6.0,16.3,1.25
14176360,40770660,Lucy,Ultisols,5.6,sandy,good,dry,low,moderate,moderate,red,84.3,6.5,9.2,0.75
14176361,40770663,Troup,Ultisols,5.3,sandy,good,dry,low,moderate,moderate,red,83.8,7.0,9.2,0.75
14176362,40770665,Lakeland,Entisols,5.3,sandy,good,dry,low,moderate,low,brown,93.6,5.0,1.4,0.75
14176363,40770667,Bibb,Entisols,4.6,sandy-loam,poor,wet,moderate,compacted,moderate,brown,66.9,10.0,23.1,2.0
14176364,40770669,Orangeburg,Ultisols,5.3,sandy-loam,good,dry,low,moderate,low,red,66.0,11.0,23.0,1.25
14176365,40770673,Troup,Ultisols,5.3,sandy,good,dry,low,moderate,moderate,red,83.8,7.0,9.2,0.75
14176366,40770675,Nankin,Ultisols,5.0,sandy-loam,good,dry,low,moderate,moderate,red,67.0,13.5,19.5,0.75
14176367,40770679,Orangeburg,Ultisols,5.3,sandy-loam,good,dry,low,moderate,low,red,66.0,11.0,23.0,1.25
14176368,40770683,Orangeburg,Ultisols,5.3,sandy-loam,good,dry,low,moderate,low,red,66.0,11.0,23.0,1.25
14176369,40770687,Atmore,Ultisols,4.6,sandy,poor,wet,moderate,moderate,moderate,red,70.8,7.0,22.2,1.75
14176370,40770690,Dothan,Ultisols,5.3,sandy,good,dry,low,moderate,low,red,81.1,10.0,8.9,0.25
14176371,40770693,Lucy,Ultisols,5.6,sandy,good,dry,low,moderate,moderate,red,84.3,6.5,9.2,0.75
14176372,40770698,Cowarts,Ultisols,5.0,sandy,good,dry,moderate,moderate,moderate,red,70.9,12.5,16.6,2.0
14176373,40770700,Bibb,Entisols,4.6,sandy-loam,poor,wet,moderate,compacted,moderate,brown,66.9,10.0,23.1,2.0
14176374,40770702,Grady,Ultisols,4.6,loamy,poor,wet,moderate,moderate,moderate,red,38.5,25.0,36.5,2.5
14176375,40770706,Fuquay,Ultisols,5.3,sandy,good,dry,low,compacted,low,red,77.7,6.0,16.3,1.25
14176376,40770709,Red Bay,Ultisols,5.3,sandy-loam,good,dry,low,moderate,moderate,red,67.0,13.5,19.5,1.25
14176377,40770713,Nankin,Ultisols,5.0,sandy-loam,good,dry,low,moderate,moderate,red,67.0,13.5,19.5,0.75
14176378,40770719,Malbis,Ultisols,5.3,sandy-loam,moderate,moderate,low,moderate,moderate,red,67.2,17.5,15.3,0.75
14176379,40770721,Dothan,Ultisols,5.3,sandy,good,dry,low,moderate,low,red,81.1,10.0,8.9,0.25
14176380,40770724,Troup,Ultisols,5.3,sandy,good,dry,low,moderate,low,red,92.9,5.5,1.6,0.75
14176381,40770726,Troup,Ultisols,5.3,sandy,good,dry,low,moderate,low,red,92.9,5.5,1.6,0.75
14176382,40770728,Dothan,Ultisols,5.3,sandy-loam,good,dry,low,moderate,moderate,red,66.8,14.0,19.2,0.75
14176383,40770731,Bonifay,Ultisols,5.5,sandy,good,dry,low,moderate,low,red,92.1,6.0,1.9,1.25
14176384,40770734,Orangeburg,Ultisols,5.3,sandy-loam,good,dry,low,moderate,low,red,66.0,11.0,23.0,1.25
14176385,40770739,Luverne,Ultisols,4.6,sandy-loam,good,dry,low,moderate,moderate,red,67.0,13.5,19.5,0.75
14176386,40770742,Orangeburg,Ultisols,5.3,sandy,good,dry,low,moderate,low,red,83.8,7.0,9.2,0.75
14176387,40770746,Grady,Ultisols,4.6,loamy,poor,wet,moderate,moderate,moderate,red,38.5,25.0,36.5,2.5
14176388,40770749,Red Bay,Ultisols,5.3,sandy,good,dry,low,moderate,low,red,83.0,8.0,9.0,1.25
14176389,40770753,Bibb,Entisols,4.6,sandy-loam,poor,wet,moderate,compacted,moderate,brown,66.9,10.0,23.1,2.0
14176390,40770755,Greenville,Ultisols,5.3,sandy-loam,good,dry,low,moderate,moderate,red,67.9,12.5,19.6,1.25
14176391,40770757,Dothan,Ultisols,5.3,sandy-loam,good,dry,low,moderate,moderate,red,66.8,14.0,19.2,0.75
14176392,40770760,Lucy,Ultisols,5.6,sandy,good,dry,low,moderate,moderate,red,77.4,6.5,16.1,0.75
14176393,40770763,Troup,Ultisols,5.3,sandy,good,dry,low,moderate,moderate,red,83.8,7.0,9.2,0.75
14176394,40770765,Troup,Ultisols,5.3,sandy,good,dry,low,moderate,moderate,red,83.8,7.0,9.2,0.75
14176395,40770767,Fuquay,Ultisols,5.3,sandy,good,dry,low,compacted,low,red,77.9,6.0,16.1,1.25
14176396,40770771,Nankin,Ultisols,5.0,sandy-loam,good,dry,low,moderate,moderate,red,67.0,13.5,19.5,0.75
14176397,40770775,Tumbleton,Ultisols,5.5,sandy-loam,good,dry,low,compacted,moderate,red,67.9,12.5,19.6,1.25
14176398,40770780,Troup,Ultisols,5.3,sandy,good,dry,low,moderate,moderate,red,83.8,7.0,9.2,0.75
14176399,40770783,Dothan,Ultisols,5.3,sandy-loam,good,dry,low,moderate,moderate,red,66.8,14.0,19.2,0.75
14176400,40770785,Tumbleton,Ultisols,5.5,sandy-loam,good,dry,low,compacted,moderate,red,67.9,12.5,19.6,1.25
14176401,40770790,Meggett,Alfisols,5.5,sandy,poor,wet,high,moderate,moderate,dark brown,70.9,12.5,16.6,5.0
14176402,40770794,Nankin,Ultisols,5.0,sandy-loam,good,dry,low,moderate,moderate,red,67.0,13.5,19.5,0.75
14176403,40770798,Muckalee,Entisols,6.2,sandy,poor,wet,moderate,moderate,moderate,dark brown,70.9,12.5,16.6,4.0
14176404,40770800,Red Bay,Ultisols,5.3,sandy,good,dry,low,moderate,moderate,red,70.1,13.5,16.4,1.25
14176405,40770804,Red Bay,Ultisols,5.3,sandy,good,dry,low,moderate,moderate,red,70.1,13.5,16.4,1.25
14176406,40770808,Conecuh,Ultisols,4.6,sandy-loam,moderate,moderate,low,moderate,moderate,red,65.1,16.0,18.9,1.25
14176407,40770812,Lucy,Ultisols,5.6,sandy,good,dry,low,moderate,moderate,red,77.4,6.5,16.1,0.75
14176408,40770816,Nankin,Ultisols,5.0,sandy-loam,good,dry,low,moderate,moderate,red,67.0,13.5,19.5,0.75
14176409,40770819,Orangeburg,Ultisols,5.3,sandy-loam,good,dry,low,moderate,low,red,67.7,11.0,21.3,1.25
14176410,40770823,Orangeburg,Ultisols,5.3,sandy-loam,good,dry,low,moderate,low,red,67.7,11.0,21.3,1.25
14176411,40770827,Conecuh,Ultisols,4.6,sandy-loam,moderate,moderate,low,moderate,moderate,red,65.1,16.0,18.9,1.25
14176412,40770831,Red Bay,Ultisols,5.3,sandy,good,dry,low,moderate,moderate,red,70.1,13.5,16.4,1.25
14176413,40770835,Nankin,Ultisols,5.0,sandy-loam,good,dry,low,moderate,moderate,red,67.0,13.5,19.5,0.75
14176414,40770839,Bonifay,Ultisols,5.5,sandy,good,dry,low,moderate,low,red,92.7,6.0,1.3,1.25
14176415,40770842,Orangeburg,Ultisols,5.3,sandy-loam,good,dry,low,moderate,low,red,66.0,11.0,23.0,1.25
14176416,40770846,Saffell,Ultisols,5.0,sandy-loam,good,dry,moderate,moderate,moderate,red,67.9,12.5,19.6,1.5
14176417,40770850,Bama,Ultisols,5.3,sandy-loam,good,dry,low,moderate,moderate,red,66.4,14.5,19.1,0.75
14176419,40770856,Bonifay,Ultisols,5.5,sandy,good,dry,low,moderate,low,red,92.7,6.0,1.3,1.25
14176420,40770859,Bibb,Entisols,4.6,sandy-loam,poor,wet,moderate,compacted,moderate,brown,66.9,10.0,23.1,2.0
14176421,40770861,Orangeburg,Ultisols,5.3,sandy-loam,good,dry,low,moderate,low,red,66.0,11.0,23.0,1.25
14176422,40770865,Dothan,Ultisols,5.3,sandy-loam,good,dry,low,moderate,moderate,red,66.8,14.0,19.2,0.75
14176423,40770868,Troup,Ultisols,5.3,sandy,good,dry,low,moderate,moderate,red,83.8,7.0,9.2,0.75
14176424,40770870,Esto,Ultisols,4.6,sandy-loam,good,dry,low,moderate,moderate,red,66.8,14.0,19.2,1.25
14176425,40770873,Florala,Ultisols,5.0,sandy-loam,poor,wet,low,moderate,low,red,66.3,10.5,23.2,1.25
14176426,40770876,Sunsweet,Ultisols,5.0,sandy-loam,good,dry,low,moderate,moderate,red,66.9,10.0,23.1,0.75
14176427,40770879,Dothan,Ultisols,5.3,sandy,good,dry,low,moderate,low,red,81.1,10.0,8.9,0.25
14176428,40770882,Leaf,Ultisols,4.6,loamy,poor,wet,moderate,moderate,moderate,red,43.8,16.0,40.2,2.0
14176429,40770884,Kalmia,Ultisols,5.3,sandy,good,dry,low,compacted,low,red,83.0,8.0,9.0,1.25
14176430,40770887,Alpin,Entisols,5.5,sandy,good,dry,low,moderate,low,brown,91.6,6.5,1.9,1.0
14176431,40770890,Lenoir,Ultisols,4.6,loamy,poor,wet,moderate,moderate,moderate,red,45.4,13.0,41.6,3.0
14176432,40770892,Eunola,Ultisols,5.0,sandy-loam,moderate,moderate,low,moderate,moderate,red,65.9,15.0,19.1,1.25
14176433,40770897,Bigbee,Entisols,5.3,sandy,good,dry,low,moderate,low,brown,83.8,7.0,9.2,1.25
14176434,40770899,Bibb,Entisols,4.6,sandy-loam,poor,wet,moderate,compacted,moderate,brown,66.9,10.0,23.1,2.0
14176435,40770902,Plummer,Ultisols,4.6,sandy,poor,wet,moderate,moderate,low,red,78.1,5.5,16.4,2.0
14176436,40770903,Osier,Entisols,4.8,sandy,poor,wet,moderate,moderate,low,dark brown,78.1,5.5,16.4,3.5
14176437,40770906,Bibb,Entisols,4.6,sandy-loam,poor,wet,moderate,compacted,moderate,brown,66.9,10.0,23.1,2.0
14176439,40770911,Pickney,Inceptisols,4.6,sandy,poor,wet,high,moderate,low,black,77.7,6.0,16.3,9.0
14176440,40770913,Iuka,Entisols,5.6,sandy-loam,moderate,moderate,low,unknown,moderate,brown,66.3,10.5,23.2,1.25
14176441,40770916,Kinston,Inceptisols,5.3,sandy-loam,poor,wet,moderate,moderate,moderate,dark brown,67.5,11.5,21.0,3.5
14176442,40770920,Garcon,Ultisols,5.0,sandy,poor,wet,moderate,moderate,moderate,red,78.1,5.5,16.4,2.0
14176443,40770923,Bigbee,Entisols,5.3,sandy,good,dry,low,moderate,low,brown,92.9,5.5,1.6,1.25
14176444,40770925,Bladen,Ultisols,4.6,sandy-loam,poor,wet,moderate,moderate,moderate,red,68.8,15.0,16.2,2.0
14176445,40770929,Grady,Ultisols,4.6,sandy-loam,poor,wet,moderate,moderate,moderate,red,68.1,17.5,14.4,2.5
14176446,40770932,Brickyard,Inceptisols,6.5,clay,poor,wet,high,moderate,moderate,black,16.7,44.0,39.3,5.5
14176447,40770936,Tupelo,Alfisols,5.8,silty,poor,wet,moderate,moderate,high,brown,22.4,22.5,55.1,2.0
14176448,40770938,Decatur,Ultisols,5.3,loamy,good,dry,low,moderate,high,red,41.6,21.0,37.4,1.25
14176449,40770941,Decatur,Ultisols,5.3,loamy,good,dry,low,moderate,high,red,41.6,21.0,37.4,1.25
14176450,40770944,Egam,Mollisols,6.5,silty,good,dry,moderate,moderate,high,black,18.0,27.5,54.5,3.0
14176451,40770947,Hamblen,Inceptisols,6.2,loamy,moderate,moderate,moderate,moderate,high,brown,42.1,20.0,37.9,2.0
14176452,40770950,Emory,Inceptisols,5.6,silty,good,dry,moderate,moderate,high,brown,6.7,27.5,65.8,2.5
14176453,40770953,Allen,Ultisols,5.0,sandy-loam,good,dry,moderate,moderate,moderate,red,68.4,15.5,16.1,1.75
14176454,40770956,Taft,Ultisols,5.0,silty,poor,wet,moderate,moderate,high,red,13.6,17.5,68.9,3.5
14176455,40770961,Allen,Ultisols,5.0,sandy-loam,good,dry,moderate,moderate,moderate,red,68.4,15.5,16.1,1.75
14176456,40770965,Chenneby,Inceptisols,5.3,silty,poor,wet,moderate,moderate,high,brown,6.7,31.0,62.3,1.75
14176457,40770966,Cahaba,Ultisols,5.3,sandy-loam,good,dry,low,moderate,moderate,red,68.3,12.0,19.7,1.25
14176458,40770969,Bonifay,Ultisols,5.5,sandy,good,dry,moderate,moderate,low,red,82.2,9.0,8.8,1.75
14176459,40770972,Maxton,Ultisols,5.3,sandy-loam,good,dry,low,compacted,moderate,red,68.1,10.5,21.4,1.25
14176460,40770975,Bibb,Entisols,4.6,sandy-loam,poor,wet,moderate,compacted,moderate,brown,66.9,10.0,23.1,2.0
14176461,40770981,Eunola,Ultisols,5.0,sandy-loam,moderate,moderate,low,moderate,moderate,red,68.8,15.0,16.2,1.25
14176462,40770982,Troup,Ultisols,5.3,sandy,good,dry,low,moderate,moderate,red,83.8,7.0,9.2,0.75
14176463,40770984,Compass,Ultisols,5.0,sandy,moderate,moderate,moderate,moderate,low,red,82.2,9.0,8.8,2.0
14176464,40770988,Troup,Ultisols,5.3,sandy,good,dry,low,moderate,moderate,red,83.8,7.0,9.2,0.75
14176465,40770990,Dothan,Ultisols,5.3,sandy-loam,good,dry,low,moderate,moderate,red,69.6,14.0,16.4,0.75
14176466,40770993,Bonifay,Ultisols,5.5,sandy,good,dry,moderate,moderate,low,red,82.2,9.0,8.8,1.75
14176467,40770996,Maxton,Ultisols,5.3,sandy-loam,good,dry,low,compacted,moderate,red,68.1,10.5,21.4,1.25
14176468,40770999,Fuquay,Ultisols,5.3,sandy,good,dry,low,compacted,low,red,77.7,6.0,16.3,1.25
14176469,40771003,Dothan,Ultisols,5.3,sandy-loam,good,dry,low,moderate,moderate,red,69.6,14.0,16.4,0.75
14176470,40771006,Dexter,Alfisols,5.9,loamy,good,dry,moderate,moderate,high,brown,38.0,18.5,43.5,2.25
14176471,40771010,Greenville,Ultisols,5.3,sandy-loam,good,dry,low,moderate,moderate,red,67.9,12.5,19.6,1.25
14176472,40771012,Cahaba,Ultisols,5.3,sandy-loam,good,dry,low,moderate,moderate,red,68.3,12.0,19.7,1.25
14176473,40771015,Oktibbeha,Vertisols,5.5,clay-loam,moderate,moderate,high,moderate,moderate,dark brown,34.2,33.5,32.3,4.5
14176474,40771018,Orangeburg,Ultisols,5.3,sandy-loam,good,dry,low,moderate,low,red,66.0,11.0,23.0,1.25
14176475,40771022,Greenville,Ultisols,5.3,sandy-loam,good,dry,low,moderate,moderate,red,67.9,12.5,19.6,1.25
14176476,40771024,Saffell,Ultisols,5.0,sandy,good,dry,moderate,moderate,moderate,red,70.9,12.5,16.6,1.5
14176477,40771028,Yonges,Alfisols,6.5,loamy,poor,wet,moderate,moderate,high,dark brown,43.0,18.5,38.5,3.0
14176478,40771031,Oktibbeha,Vertisols,5.5,clay-loam,moderate,moderate,high,moderate,moderate,dark brown,34.2,33.5,32.3,4.5
14176479,40771034,Malbis,Ultisols,5.3,loamy,moderate,moderate,low,moderate,moderate,red,43.0,17.5,39.5,0.75
14176480,40771038,Bama,Ultisols,5.3,sandy-loam,good,dry,low,moderate,moderate,red,66.4,14.5,19.1,0.75
14176481,40771041,Escambia,Ultisols,4.6,sandy-loam,poor,wet,low,moderate,moderate,red,64.1,9.5,26.4,1.25
14176482,40771044,Poarch,Ultisols,5.0,sandy-loam,good,dry,low,moderate,moderate,red,63.1,11.0,25.9,0.75
14176483,40771047,Malbis,Ultisols,5.3,sandy-loam,moderate,moderate,low,moderate,moderate,red,68.1,17.5,14.4,0.75
14176484,40771051,Lucedale,Ultisols,5.8,loamy,good,dry,low,moderate,high,red,48.2,5.5,46.3,1.25
14176485,40771053,Bama,Ultisols,5.3,sandy-loam,good,dry,low,moderate,moderate,red,66.4,14.5,19.1,0.75
14176486,40771056,Atmore,Ultisols,4.6,silty,poor,wet,moderate,moderate,high,red,33.9,7.0,59.1,1.75
14176487,40771059,Bibb,Entisols,4.6,loamy,poor,wet,moderate,moderate,high,brown,46.0,10.0,44.0,2.0
14176488,40771061,Lucedale,Ultisols,5.8,sandy-loam,good,dry,low,moderate,high,red,63.9,5.5,30.6,1.25
14176489,40771063,Troup,Ultisols,5.3,sandy,good,dry,low,moderate,moderate,red,83.8,7.0,9.2,0.75
14176490,40771065,Greenville,Ultisols,5.3,sandy-loam,good,dry,low,moderate,moderate,red,67.9,12.5,19.6,1.25
14176491,40771067,Orangeburg,Ultisols,5.3,sandy-loam,good,dry,low,moderate,low,red,66.0,11.0,23.0,1.25
14176492,40771071,Saucier,Ultisols,4.6,sandy,moderate,moderate,moderate,moderate,moderate,red,70.5,13.0,16.5,2.0
14176493,40771075,Saffell,Ultisols,5.0,sandy-loam,good,dry,moderate,moderate,moderate,red,67.9,12.5,19.6,1.5
14176494,40771080,Greenville,Ultisols,5.3,sandy-loam,good,dry,low,moderate,moderate,red,67.9,12.5,19.6,1.25
14176495,40771081,Orangeburg,Ultisols,5.3,sandy-loam,good,dry,low,moderate,low,red,66.0,11.0,23.0,1.25
14176496,40771085,Troup,Ultisols,5.3,sandy,good,dry,low,moderate,moderate,red,83.8,7.0,9.2,0.75
14176497,40771087,Malbis,Ultisols,5.3,sandy-loam,moderate,moderate,low,moderate,moderate,red,68.1,17.5,14.4,0.75
14176498,40771091,Red Bay,Ultisols,5.3,sandy-loam,good,dry,low,moderate,moderate,red,67.0,13.5,19.5,1.25
14176499,40771095,Benndale,Ultisols,5.0,sandy-loam,good,dry,moderate,moderate,moderate,red,68.5,10.0,21.5,2.0
14176500,40771099,Greenville,Ultisols,5.3,sandy-loam,good,dry,low,moderate,moderate,red,67.9,12.5,19.6,1.25
14176501,40771101,Malbis,Ultisols,5.3,sandy-loam,moderate,moderate,low,moderate,moderate,red,68.1,17.5,14.4,0.75
14176502,40771105,Benndale,Ultisols,5.0,sandy-loam,good,dry,moderate,moderate,moderate,red,68.5,10.0,21.5,2.0
14176503,40771109,Bibb,Entisols,4.6,sandy-loam,poor,wet,moderate,compacted,moderate,brown,66.9,10.0,23.1,2.0
14176504,40771111,Grady,Ultisols,4.6,loamy,poor,wet,moderate,moderate,moderate,red,38.5,25.0,36.5,2.5
14176505,40771114,Red Bay,Ultisols,5.3,sandy-loam,good,dry,low,moderate,moderate,red,67.0,13.5,19.5,1.25
14176506,40771118,Yonges,Alfisols,6.5,sandy-loam,poor,wet,moderate,moderate,moderate,dark brown,67.9,12.5,19.6,3.0
14176507,40771121,Dothan,Ultisols,5.3,sandy-loam,good,dry,low,moderate,moderate,red,69.6,14.0,16.4,0.75
14176508,40771124,Cowarts,Ultisols,5.0,sandy,good,dry,low,moderate,low,red,84.3,6.5,9.2,1.25
14176509,40771128,Luverne,Ultisols,4.6,sandy,good,dry,low,moderate,low,red,83.8,7.0,9.2,0.75
14176510,40771132,Cowarts,Ultisols,5.0,sandy,good,dry,low,moderate,low,red,84.3,6.5,9.2,1.25
14176511,40771138,Blanton,Ultisols,5.3,sandy,moderate,moderate,low,moderate,low,red,82.2,9.0,8.8,1.25
14176512,40771139,Nankin,Ultisols,5.0,sandy-loam,good,dry,unknown,moderate,moderate,red,57.0,25.0,18.0,
14176513,40771143,Nankin,Ultisols,5.0,sandy,good,dry,low,moderate,low,red,82.5,8.5,9.0,0.75
14176514,40771147,Springhill,Ultisols,5.0,sandy-loam,good,dry,low,moderate,moderate,red,66.0,11.0,23.0,1.25
14176515,40771151,Blanton,Ultisols,5.3,sandy,moderate,moderate,low,moderate,low,red,82.2,9.0,8.8,1.25
14176516,40771154,Dothan,Ultisols,5.3,sandy-loam,good,dry,low,moderate,moderate,red,69.6,14.0,16.4,0.75
14176517,40771157,Alaga,Entisols,4.8,sandy,good,dry,moderate,compacted,low,brown,83.8,7.0,9.2,1.75
14176518,40771159,Cowarts,Ultisols,5.0,sandy-loam,good,dry,moderate,moderate,moderate,red,67.9,12.5,19.6,2.0
14176519,40771164,Troup,Ultisols,5.3,sandy,good,dry,low,moderate,moderate,red,83.8,7.0,9.2,0.75
14176520,40771165,Eunola,Ultisols,5.0,sandy,moderate,moderate,low,compacted,low,red,83.8,7.0,9.2,1.25
14176521,40771170,Bibb,Entisols,4.6,sandy-loam,poor,wet,moderate,compacted,moderate,brown,66.9,10.0,23.1,2.0
14176522,40771172,Troup,Ultisols,5.3,sandy,good,dry,low,moderate,moderate,red,83.8,7.0,9.2,0.75
14176523,40771177,Springhill,Ultisols,5.0,sandy-loam,good,dry,low,moderate,moderate,red,66.0,11.0,23.0,1.25
14176524,40771178,Luverne,Ultisols,4.6,sandy,good,dry,low,moderate,low,red,83.8,7.0,9.2,0.75
14176525,40771182,Luverne,Ultisols,4.6,sandy,good,dry,low,moderate,moderate,red,70.1,13.5,16.4,0.75
14176526,40771186,Orangeburg,Ultisols,5.3,sandy,good,dry,low,moderate,low,red,83.8,7.0,9.2,0.75
14176527,40771190,Greenville,Ultisols,5.3,sandy,good,dry,low,moderate,moderate,red,70.9,12.5,16.6,1.25
14176528,40771192,Luverne,Ultisols,4.6,sandy,good,dry,low,moderate,moderate,red,70.1,13.5,16.4,0.75
14176529,40771196,Greenville,Ultisols,5.3,sandy-loam,good,dry,moderate,moderate,moderate,red,59.6,22.5,17.9,2.0
14176530,40771198,Springhill,Ultisols,5.0,sandy-loam,good,dry,low,moderate,moderate,red,66.0,11.0,23.0,1.25
14176531,40771202,Nankin,Ultisols,5.0,sandy-loam,good,dry,unknown,moderate,moderate,red,57.0,25.0,18.0,
14176532,40771206,Springhill,Ultisols,5.0,sandy-loam,good,dry,low,moderate,moderate,red,66.0,11.0,23.0,1.25
14176533,40771210,Orangeburg,Ultisols,5.3,sandy-loam,good,dry,low,moderate,low,red,67.7,11.0,21.3,1.25
14176534,40771214,Orangeburg,Ultisols,5.3,sandy-loam,good,dry,low,moderate,low,red,67.7,11.0,21.3,1.25
14176535,40771218,Red Bay,Ultisols,5.3,sandy,good,dry,low,moderate,moderate,red,70.1,13.5,16.4,1.25
14176536,40771222,Eunola,Ultisols,5.0,sandy-loam,moderate,moderate,low,moderate,moderate,red,68.8,15.0,16.2,1.25
14176537,40771227,Bibb,Entisols,4.6,sandy-loam,poor,wet,moderate,compacted,moderate,brown,66.9,10.0,23.1,2.0
14176538,40771229,Grady,Ultisols,4.6,loamy,poor,wet,moderate,moderate,moderate,red,38.5,25.0,36.5,2.5
14176539,40771232,Red Bay,Ultisols,5.3,sandy,good,dry,low,moderate,moderate,red,70.1,13.5,16.4,1.25
14176540,40771237,Orangeburg,Ultisols,5.3,sandy-loam,good,dry,low,moderate,low,red,67.7,11.0,21.3,1.25
14176541,40771240,Lucy,Ultisols,5.6,sandy,good,dry,low,moderate,moderate,red,84.3,6.5,9.2,0.75
14176542,40771243,Dothan,Ultisols,5.3,sandy-loam,good,dry,low,moderate,moderate,red,69.6,14.0,16.4,0.75
14176543,40771246,Red Bay,Ultisols,5.3,sandy,good,dry,low,moderate,moderate,red,70.1,13.5,16.4,1.25
14176544,40771251,Dothan,Ultisols,5.3,sandy-loam,good,dry,low,moderate,moderate,red,69.6,14.0,16.4,0.75
14176545,40771253,Esto,Ultisols,4.6,sandy-loam,good,dry,low,moderate,moderate,red,69.6,14.0,16.4,1.25
14176546,40771256,Greenville,Ultisols,5.3,sandy,good,dry,low,moderate,moderate,red,70.9,12.5,16.6,1.25
14176547,40771258,Atmore,Ultisols,4.6,silty,poor,wet,moderate,moderate,high,red,33.9,7.0,59.1,1.75
14176548,40771261,Troup,Ultisols,5.3,sandy,good,dry,low,moderate,low,red,93.2,5.5,1.3,0.75
14176549,40771266,Malbis,Ultisols,5.3,sandy-loam,moderate,moderate,low,moderate,moderate,red,68.1,17.5,14.4,0.75
14176550,40771267,Smithdale,Ultisols,5.0,sandy-loam,good,dry,low,moderate,moderate,red,69.7,8.5,21.8,1.25
14176551,40771270,Atmore,Ultisols,4.6,sandy,poor,wet,moderate,moderate,moderate,red,70.8,7.0,22.2,1.75
14176552,40771273,Poarch,Ultisols,5.0,sandy-loam,good,dry,low,moderate,moderate,red,68.5,10.0,21.5,0.75
14176553,40771276,Tifton,Ultisols,5.3,sandy-loam,good,dry,moderate,moderate,low,red,68.8,15.0,16.2,1.5
14176554,40771281,Smithdale,Ultisols,5.0,sandy-loam,good,dry,low,moderate,moderate,red,69.7,8.5,21.8,1.25
14176555,40771284,Esto,Ultisols,4.6,sandy-loam,good,dry,low,moderate,moderate,red,69.6,14.0,16.4,1.25
14176556,40771287,Tifton,Ultisols,5.3,sandy-loam,good,dry,moderate,moderate,low,red,68.8,15.0,16.2,1.5
14176557,40771294,Malbis,Ultisols,5.3,sandy-loam,moderate,moderate,low,moderate,moderate,red,68.1,17.5,14.4,0.75
14176558,40771296,Troup,Ultisols,5.3,sandy,good,dry,low,moderate,moderate,red,83.5,7.0,9.5,0.75
14176559,40771298,Poarch,Ultisols,5.0,sandy-loam,good,dry,low,moderate,moderate,red,68.5,10.0,21.5,0.75
14176560,40771301,Rains,Ultisols,5.1,sandy-loam,poor,wet,moderate,moderate,moderate,red,67.9,12.5,19.6,3.5
14176561,40771305,Troup,Ultisols,5.3,sandy,good,dry,low,moderate,moderate,red,83.5,7.0,9.5,0.75
14176562,40771307,Greenville,Ultisols,5.3,sandy,good,dry,low,moderate,moderate,red,70.9,12.5,16.6,1.25
14176563,40771309,Smithdale,Ultisols,5.0,sandy-loam,good,dry,low,moderate,moderate,red,69.7,8.5,21.8,1.25
14176564,40771312,Cahaba,Ultisols,5.3,sandy,good,dry,low,moderate,moderate,red,71.3,12.0,16.7,1.25
14176565,40771315,Coxville,Ultisols,4.6,loamy,poor,wet,moderate,moderate,moderate,red,43.8,16.0,40.2,3.0
14176566,40771318,Kalmia,Ultisols,5.3,sandy,good,dry,low,moderate,moderate,red,70.4,7.5,22.1,1.25
14176567,40771321,Weston,Ultisols,5.3,sandy-loam,poor,wet,moderate,moderate,moderate,red,68.5,10.0,21.5,2.0
14176568,40771324,Coxville,Ultisols,4.6,sandy-loam,poor,wet,moderate,moderate,moderate,red,68.0,16.0,16.0,3.0
14176569,40771328,Bigbee,Entisols,5.3,sandy,good,dry,low,moderate,low,brown,92.9,5.5,1.6,1.25
14176570,40771329,Craven,Ultisols,5.1,sandy-loam,moderate,moderate,low,moderate,moderate,red,68.5,17.0,14.5,1.25
14176571,40771332,Bibb,Entisols,4.6,sandy-loam,poor,wet,moderate,compacted,moderate,brown,66.9,10.0,23.1,2.0
14176572,40771334,Lenoir,Ultisols,4.6,sandy-loam,poor,wet,moderate,moderate,moderate,red,63.5,13.0,23.5,3.0
14176573,40771337,Brewton,Ultisols,5.0,sandy-loam,poor,wet,low,moderate,moderate,red,68.9,9.5,21.6,1.25
14176574,40771339,Fuquay,Ultisols,5.3,sandy,good,dry,low,compacted,low,red,77.7,6.0,16.3,1.25
14176575,40771343,Arundel,Ultisols,4.6,sandy,good,dry,low,moderate,low,red,83.5,7.0,9.5,0.75
14176576,40771346,Bibb,Entisols,4.6,sandy-loam,poor,wet,moderate,compacted,moderate,brown,66.9,10.0,23.1,2.0
14176577,40771348,Cahaba,Ultisols,5.3,sandy-loam,good,dry,low,moderate,moderate,red,68.3,12.0,19.7,1.25
14176578,40771351,Bewleyville,Ultisols,5.5,silty,good,wet,moderate,moderate,high,red,11.3,21.0,67.7,2.0
14176579,40771354,Decatur,Ultisols,5.3,silty,good,dry,low,moderate,moderate,red,17.5,33.5,49.0,1.25
14176580,40771357,Fullerton,Ultisols,5.0,silty,good,dry,low,moderate,moderate,red,26.3,21.0,52.7,1.25
14176581,40771360,Emory,Inceptisols,5.6,silty,good,dry,moderate,moderate,high,brown,6.7,27.0,66.3,2.5
14176582,40771363,Etowah,Ultisols,5.0,silty,good,dry,moderate,moderate,high,red,26.3,21.0,52.7,2.0
14176583,40771367,Bewleyville,Ultisols,5.5,silty,good,wet,moderate,moderate,high,red,11.3,21.0,67.7,2.0
14176584,40771369,Guthrie,Ultisols,4.6,silty,poor,wet,moderate,moderate,high,red,13.6,17.5,68.9,1.5
14176585,40771373,Fullerton,Ultisols,5.0,silty,good,dry,low,moderate,moderate,red,26.3,21.0,52.7,1.25
14176586,40771376,Dickson,Ultisols,5.0,silty,moderate,moderate,low,moderate,high,red,11.4,20.5,68.1,1.25
14176587,40771380,Decatur,Ultisols,5.3,silty,good,dry,low,moderate,high,red,26.3,21.0,52.7,1.25
14176588,40771384,Chenneby,Inceptisols,5.3,silty,poor,wet,low,moderate,moderate,brown,11.6,19.5,68.9,1.25
14176589,40771386,Remlap,Ultisols,4.3,silty,good,dry,low,moderate,high,red,18.4,27.5,54.1,0.75
14176590,40771389,Ketona,Alfisols,7.3,silty,poor,wet,moderate,moderate,moderate,brown,8.4,37.5,54.1,2.5
14176591,40771392,Decatur,Ultisols,5.3,silty,good,dry,low,moderate,moderate,red,17.5,33.5,49.0,1.25
14176592,40771395,Locust,Ultisols,5.0,loamy,moderate,moderate,low,moderate,moderate,red,45.0,13.5,41.5,0.75
14176593,40771399,Etowah,Ultisols,5.0,silty,good,dry,low,moderate,high,red,18.1,31.0,50.9,0.75
14176594,40771402,Holston,Ultisols,5.0,sandy-loam,good,dry,low,moderate,high,red,68.1,17.5,14.4,1.25
14176595,40771405,Taft,Ultisols,5.0,silty,poor,wet,moderate,moderate,high,red,13.6,17.5,68.9,3.5
14176596,40771410,Emory,Inceptisols,5.6,silty,good,dry,moderate,moderate,high,brown,6.7,27.0,66.3,2.5
14176597,40771415,Roanoke,Ultisols,4.6,silty,poor,wet,low,moderate,high,red,17.5,29.5,53.0,0.75
14176598,40771418,Capshaw,Alfisols,5.6,loamy,moderate,moderate,moderate,moderate,high,brown,41.6,21.0,37.4,2.0
14176599,40771421,Tupelo,Alfisols,5.8,silty,poor,wet,moderate,moderate,high,brown,22.4,22.5,55.1,2.0
14176600,40771424,Decatur,Ultisols,5.3,silty,good,dry,low,moderate,high,red,26.3,21.0,52.7,1.25
14176601,40771427,Etowah,Ultisols,5.0,silty,good,dry,moderate,moderate,high,red,26.3,21.0,52.7,2.0
14176602,40771430,Chenneby,Inceptisols,5.3,silty,poor,wet,moderate,moderate,moderate,brown,11.6,19.5,68.9,1.75
14176603,40771434,Urbo,Inceptisols,5.0,silty,poor,wet,moderate,moderate,high,brown,21.7,23.5,54.8,2.0
14176604,40771435,Fripp,Entisols,6.5,sandy,good,dry,low,moderate,low,brown,96.0,2.5,1.5,0.75
14176606,40771440,Levy,Entisols,4.6,clay,poor,wet,high,loose,high,black,5.5,47.5,47.0,7.5
14176607,40771443,Iuka,Entisols,5.6,silty,moderate,moderate,low,unknown,high,brown,32.7,10.5,56.8,1.25
14176608,40771446,Iuka,Entisols,5.6,silty,moderate,moderate,low,unknown,high,brown,32.7,10.5,56.8,1.25
14176609,40771449,Luverne,Ultisols,4.6,sandy-loam,good,dry,low,moderate,moderate,red,67.0,13.5,19.5,0.75
14176610,40771453,Bama,Ultisols,5.3,sandy-loam,good,dry,low,moderate,moderate,red,66.4,14.5,19.1,0.75
14176611,40771457,Luverne,Ultisols,4.6,sandy-loam,good,dry,low,moderate,moderate,red,67.0,13.5,19.5,0.75
14176612,40771460,Arundel,Ultisols,4.6,loamy,good,dry,low,moderate,moderate,red,42.1,20.0,37.9,0.75
14176613,40771463,Mantachie,Inceptisols,5.0,silty,poor,wet,moderate,moderate,high,brown,30.1,15.0,54.9,2.0
14176614,40771465,Iuka,Entisols,5.6,sandy-loam,moderate,moderate,low,unknown,moderate,brown,66.3,10.5,23.2,1.25
14176615,40771468,Bibb,Entisols,4.6,loamy,poor,wet,moderate,moderate,high,brown,46.0,10.0,44.0,2.0
14176616,40771471,Bama,Ultisols,5.3,sandy-loam,good,dry,low,moderate,moderate,red,66.4,14.5,19.1,0.75
14176617,40771473,Lenoir,Ultisols,4.6,loamy,poor,wet,moderate,moderate,moderate,red,45.4,13.0,41.6,3.0
14176618,40771475,Mantachie,Inceptisols,5.0,silty,poor,wet,moderate,moderate,high,brown,30.1,15.0,54.9,2.0
14176619,40771477,Izagora,Ultisols,4.8,sandy-loam,moderate,moderate,low,moderate,moderate,red,69.6,14.0,16.4,0.75
14176620,40771480,Cahaba,Ultisols,5.3,sandy-loam,good,dry,low,moderate,moderate,red,68.3,12.0,19.7,1.25
14176621,40771483,Chrysler,Ultisols,5.0,silty,moderate,moderate,low,moderate,moderate,red,30.1,15.0,54.9,1.25
14176622,40771488,Iuka,Entisols,5.6,sandy-loam,moderate,moderate,low,unknown,moderate,brown,66.3,10.5,23.2,1.25
14176623,40771489,Lenoir,Ultisols,4.6,loamy,poor,wet,moderate,moderate,moderate,red,45.4,13.0,41.6,3.0
14176624,40771491,Bibb,Entisols,4.6,loamy,poor,wet,moderate,moderate,high,brown,46.0,10.0,44.0,2.0
14176625,40771493,Myatt,Ultisols,5.3,sandy,poor,wet,moderate,moderate,moderate,red,70.1,13.5,16.4,2.25
14176626,40771497,Izagora,Ultisols,4.8,sandy-loam,moderate,moderate,low,moderate,moderate,red,62.7,14.0,23.3,0.75
14176627,40771499,Cahaba,Ultisols,5.3,sandy,good,dry,low,moderate,moderate,red,71.3,12.0,16.7,1.25
14176628,40771502,Annemaine,Ultisols,5.5,silty,moderate,moderate,low,moderate,moderate,red,30.1,15.0,54.9,0.75
14176629,40771507,Leaf,Ultisols,4.6,silty,poor,wet,moderate,moderate,high,red,27.1,18.5,54.4,2.0
14176630,40771509,Suffolk,Ultisols,4.8,sandy,good,dry,low,moderate,moderate,red,71.3,12.0,16.7,1.25
14176631,40771512,Wahee,Ultisols,5.3,silty,poor,wet,moderate,moderate,high,red,27.1,18.5,54.4,2.75
14176632,40771515,Levy,Entisols,4.6,clay,poor,wet,high,loose,high,black,5.5,47.5,47.0,7.5
14176634,40771520,Axis,Entisols,7.3,loamy,poor,wet,high,moderate,moderate,black,42.1,20.0,37.9,6.0
14176635,40771523,Troup,Ultisols,5.3,sandy,good,dry,low,moderate,moderate,red,83.5,7.0,9.5,0.75
14176637,40771529,Izagora,Ultisols,4.8,sandy-loam,moderate,moderate,low,moderate,moderate,red,62.7,14.0,23.3,0.75
14176638,40771532,Myatt,Ultisols,5.3,sandy,poor,wet,moderate,moderate,moderate,red,70.1,13.5,16.4,2.25
14176639,40771534,Rains,Ultisols,4.6,loamy,poor,wet,moderate,moderate,high,red,43.3,17.0,39.7,3.5
14176640,40771538,Bayboro,Ultisols,4.6,sandy-loam,poor,wet,high,moderate,moderate,black,68.5,10.0,21.5,7.0
14176641,40771540,Plummer,Ultisols,4.6,sandy,poor,wet,moderate,moderate,low,red,78.1,5.5,16.4,2.0
14176642,40771542,Atmore,Ultisols,4.6,sandy,poor,wet,moderate,moderate,moderate,red,70.8,7.0,22.2,1.75
14176643,40771545,Izagora,Ultisols,4.8,sandy-loam,moderate,moderate,low,moderate,moderate,red,62.7,14.0,23.3,0.75
14176644,40771548,Troup,Ultisols,5.3,sandy,good,dry,low,moderate,moderate,red,83.5,7.0,9.5,0.75
14176645,40771550,Malbis,Ultisols,5.3,sandy-loam,moderate,moderate,low,moderate,moderate,red,68.1,17.5,14.4,0.75
14176646,40771554,Malbis,Ultisols,5.3,sandy-loam,moderate,moderate,low,moderate,moderate,red,68.1,17.5,14.4,0.75
14176647,40771558,Bibb,Entisols,4.6,sandy-loam,poor,wet,moderate,compacted,moderate,brown,66.9,10.0,23.1,2.0
14176648,40771560,Lucedale,Ultisols,5.8,sandy-loam,good,dry,low,moderate,high,red,63.9,5.5,30.6,1.25
14176649,40771562,Benndale,Ultisols,5.0,sandy-loam,good,dry,moderate,moderate,moderate,red,68.5,10.0,21.5,2.0
14176650,40771566,Troup,Ultisols,5.3,sandy,good,dry,low,moderate,moderate,red,83.8,7.0,9.2,0.75
14176651,40771568,Troup,Ultisols,5.3,sandy,good,dry,low,moderate,moderate,red,83.8,7.0,9.2,0.75
14176652,40771570,Bethera,Ultisols,4.8,loamy,poor,wet,moderate,moderate,moderate,red,44.3,15.0,40.7,3.5
14176653,40771573,Notcher,Ultisols,6.2,sandy-loam,moderate,moderate,low,moderate,moderate,red,67.7,11.0,21.3,1.25
14176654,40771576,Lucedale,Ultisols,5.8,sandy-loam,good,dry,low,moderate,high,red,63.9,5.5,30.6,1.25
14176655,40771578,Benndale,Ultisols,5.0,sandy-loam,good,dry,moderate,moderate,moderate,red,68.5,10.0,21.5,2.0
14176656,40771582,Notcher,Ultisols,6.2,sandy-loam,moderate,moderate,low,moderate,moderate,red,67.7,11.0,21.3,1.25
14176657,40771585,Luverne,Ultisols,4.6,sandy-loam,good,dry,low,moderate,moderate,red,67.0,13.5,19.5,0.75
14176658,40771589,Troup,Ultisols,5.3,sandy,good,dry,low,moderate,moderate,red,83.8,7.0,9.2,0.75
14176659,40771593,Escambia,Ultisols,4.6,sandy-loam,poor,wet,low,moderate,moderate,red,67.3,9.5,23.2,1.25
14176660,40771594,Johnston,Inceptisols,5.0,loamy,poor,wet,high,moderate,high,black,45.7,12.5,41.8,13.0
14176661,40771597,Troup,Ultisols,5.3,sandy,good,dry,low,moderate,moderate,red,83.8,7.0,9.2,0.75
14176662,40771600,Malbis,Ultisols,5.3,sandy-loam,moderate,moderate,low,moderate,moderate,red,67.2,17.5,15.3,0.75
14176663,40771603,Benndale,Ultisols,5.0,sandy-loam,good,dry,moderate,moderate,moderate,red,66.9,10.0,23.1,2.0
14176664,40771607,Smithton,Ultisols,5.0,sandy-loam,poor,wet,moderate,moderate,moderate,red,65.7,11.5,22.8,2.0
14176665,40771611,Esto,Ultisols,4.6,sandy-loam,good,dry,low,moderate,moderate,red,69.6,14.0,16.4,1.25
14176666,40771614,Luverne,Ultisols,4.6,sandy-loam,good,dry,low,moderate,moderate,red,67.0,13.5,19.5,0.75
14176667,40771618,Malbis,Ultisols,5.3,sandy-loam,moderate,moderate,low,moderate,moderate,red,67.2,17.5,15.3,0.75
14176668,40771622,Poarch,Ultisols,5.0,sandy-loam,good,dry,low,moderate,moderate,red,66.9,10.0,23.1,0.75
14176669,40771625,Benndale,Ultisols,5.0,sandy-loam,good,dry,moderate,moderate,moderate,red,66.9,10.0,23.1,2.0
14176670,40771629,Esto,Ultisols,4.6,sandy-loam,good,dry,low,moderate,moderate,red,69.6,14.0,16.4,1.25
14176671,40771634,Smithdale,Ultisols,5.0,sandy-loam,good,dry,low,moderate,moderate,red,68.0,8.5,23.5,1.25
14176672,40771635,Troup,Ultisols,5.3,sandy,good,dry,low,moderate,moderate,red,83.8,7.0,9.2,0.75
14176673,40771637,Bibb,Entisols,4.6,sandy-loam,poor,wet,moderate,compacted,moderate,brown,66.9,10.0,23.1,2.0
14176674,40771639,Esto,Ultisols,4.6,sandy-loam,good,dry,low,moderate,moderate,red,69.6,14.0,16.4,1.25
14176675,40771642,Troup,Ultisols,5.3,sandy,good,dry,low,moderate,moderate,red,83.8,7.0,9.2,0.75
14176676,40771644,Malbis,Ultisols,5.3,sandy-loam,moderate,moderate,low,moderate,moderate,red,68.1,17.5,14.4,0.75
14176677,40771648,Luverne,Ultisols,4.6,sandy-loam,good,dry,low,moderate,moderate,red,67.0,13.5,19.5,0.75
14176678,40771653,Mantachie,Inceptisols,5.0,sandy-loam,poor,wet,moderate,moderate,high,brown,69.6,14.0,16.4,2.0
14176679,40771654,Troup,Ultisols,5.3,sandy,good,dry,low,moderate,moderate,red,83.8,7.0,9.2,0.75
14176680,40771656,Smithdale,Ultisols,5.0,sandy-loam,good,dry,low,moderate,moderate,red,68.0,8.5,23.5,1.25
14176681,40771660,Esto,Ultisols,4.6,sandy-loam,good,dry,low,moderate,moderate,red,69.6,14.0,16.4,1.25
14176682,40771662,Smithton,Ultisols,5.0,sandy-loam,poor,wet,moderate,moderate,moderate,red,67.5,11.5,21.0,2.0
14176683,40771666,Luverne,Ultisols,4.6,sandy-loam,good,dry,low,moderate,moderate,red,67.0,13.5,19.5,0.75
14176684,40771670,Bibb,Entisols,4.6,sandy-loam,poor,wet,moderate,compacted,moderate,brown,66.9,10.0,23.1,2.0
14176685,40771672,Malbis,Ultisols,5.3,sandy-loam,moderate,moderate,low,moderate,moderate,red,68.1,17.5,14.4,0.75
14176686,40771676,Bama,Ultisols,5.3,sandy-loam,good,dry,low,moderate,moderate,red,69.2,14.5,16.3,0.75
14176687,40771679,Luverne,Ultisols,4.6,sandy-loam,good,dry,low,moderate,moderate,red,67.0,13.5,19.5,0.75
14176688,40771685,Escambia,Ultisols,4.6,sandy-loam,poor,wet,low,moderate,moderate,red,68.9,9.5,21.6,1.25
14176689,40771687,Smithdale,Ultisols,5.0,sandy-loam,good,dry,low,moderate,moderate,red,68.0,8.5,23.5,1.25
14176690,40771689,Troup,Ultisols,5.3,sandy,good,dry,low,moderate,moderate,red,83.8,7.0,9.2,0.75
14176691,40771691,Bama,Ultisols,5.3,sandy-loam,good,dry,low,moderate,moderate,red,69.2,14.5,16.3,0.75
14176692,40771694,Malbis,Ultisols,5.3,sandy-loam,moderate,moderate,low,moderate,moderate,red,68.1,17.5,14.4,0.75
14176693,40771698,Smithdale,Ultisols,5.0,sandy-loam,good,dry,low,moderate,moderate,red,68.0,8.5,23.5,1.25
14176694,40771701,Smithdale,Ultisols,5.0,sandy-loam,good,dry,low,moderate,moderate,red,68.0,8.5,23.5,1.25
14176695,40771704,Troup,Ultisols,5.3,sandy,good,dry,low,moderate,moderate,red,83.8,7.0,9.2,0.75
14176696,40771706,Luverne,Ultisols,4.6,sandy-loam,good,dry,low,moderate,moderate,red,67.0,13.5,19.5,0.75
14176697,40771710,Smithton,Ultisols,5.0,sandy-loam,poor,wet,moderate,moderate,moderate,red,67.5,11.5,21.0,2.0
14176698,40771714,Luverne,Ultisols,4.6,sandy-loam,good,dry,low,moderate,moderate,red,67.0,13.5,19.5,0.75
14176699,40771718,Bibb,Entisols,4.6,sandy-loam,poor,wet,moderate,compacted,moderate,brown,66.9,10.0,23.1,2.0
14176700,40771720,Bama,Ultisols,5.3,sandy-loam,good,dry,low,moderate,moderate,red,69.2,14.5,16.3,0.75
14176701,40771723,Malbis,Ultisols,5.3,sandy-loam,moderate,moderate,low,moderate,moderate,red,68.1,17.5,14.4,0.75
14176702,40771727,Troup,Ultisols,5.3,sandy,good,dry,low,moderate,moderate,red,83.8,7.0,9.2,0.75
14176703,40771729,Troup,Ultisols,5.3,sandy,good,dry,low,moderate,moderate,red,83.8,7.0,9.2,0.75
14176704,40771731,Bama,Ultisols,5.3,sandy-loam,good,dry,low,moderate,moderate,red,69.2,14.5,16.3,0.75
14176705,40771736,Luverne,Ultisols,4.6,sandy-loam,good,dry,low,moderate,moderate,red,67.0,13.5,19.5,0.75
14176706,40771739,Colbert,Alfisols,5.5,silty,moderate,moderate,low,moderate,high,brown,29.7,16.0,54.3,1.25
14176707,40771745,Fullerton,Ultisols,5.0,silty,good,dry,low,moderate,moderate,red,26.3,21.0,52.7,1.25
14176708,40771746,Decatur,Ultisols,5.3,silty,good,dry,low,moderate,moderate,red,17.5,33.5,49.0,1.25
14176709,40771749,Allen,Ultisols,5.0,sandy-loam,good,dry,moderate,moderate,moderate,red,68.4,15.5,16.1,1.75
14176710,40771752,Hollywood,Vertisols,7.3,clay,moderate,moderate,moderate,moderate,high,dark brown,8.0,40.0,52.0,3.5
14176711,40771755,Fullerton,Ultisols,5.0,silty,good,dry,low,moderate,moderate,red,26.3,21.0,52.7,1.25
14176712,40771758,Decatur,Ultisols,5.3,silty,good,dry,low,moderate,high,red,26.3,21.0,52.7,1.25
14176713,40771764,Capshaw,Alfisols,5.6,silty,moderate,moderate,moderate,moderate,high,brown,26.3,21.0,52.7,2.0
14176714,40771766,Allen,Ultisols,5.0,sandy-loam,good,dry,moderate,moderate,moderate,red,68.4,15.5,16.1,1.75
14176715,40771769,Capshaw,Alfisols,5.6,silty,moderate,moderate,moderate,moderate,high,brown,26.3,21.0,52.7,2.0
14176716,40771774,Colbert,Alfisols,5.5,silty,moderate,moderate,low,moderate,high,brown,17.5,33.5,49.0,1.25
14176717,40771779,Chenneby,Inceptisols,5.3,silty,poor,wet,moderate,moderate,high,brown,6.7,31.0,62.3,1.75
14176718,40771782,Decatur,Ultisols,5.3,silty,good,dry,low,moderate,high,red,26.3,21.0,52.7,1.25
14176719,40771785,Fullerton,Ultisols,5.0,silty,good,dry,low,moderate,moderate,red,26.3,21.0,52.7,1.25
14176720,40771788,Luverne,Ultisols,4.6,sandy-loam,good,dry,low,moderate,moderate,red,67.0,13.5,19.5,0.75
14176721,40771792,Troup,Ultisols,5.3,sandy,good,dry,low,moderate,moderate,red,83.8,7.0,9.2,0.75
14176722,40771794,Malbis,Ultisols,5.3,sandy-loam,moderate,moderate,low,moderate,moderate,red,68.1,17.5,14.4,0.75
14176723,40771798,Bama,Ultisols,5.3,sandy-loam,good,dry,low,moderate,moderate,red,69.2,14.5,16.3,0.75
14176724,40771801,Luverne,Ultisols,4.6,sandy-loam,good,dry,low,moderate,moderate,red,67.0,13.5,19.5,0.75
14176725,40771805,Smithdale,Ultisols,5.0,sandy-loam,good,dry,low,moderate,moderate,red,68.0,8.5,23.5,1.25
14176726,40771808,Bibb,Entisols,4.6,sandy-loam,poor,wet,moderate,compacted,moderate,brown,66.9,10.0,23.1,2.0
14176727,40771810,Troup,Ultisols,5.3,sandy,good,dry,low,moderate,moderate,red,83.8,7.0,9.2,0.75
14176728,40771812,Smithdale,Ultisols,5.0,sandy-loam,good,dry,low,moderate,moderate,red,68.0,8.5,23.5,1.25
14176729,40771816,Luverne,Ultisols,4.6,sandy-loam,good,dry,low,moderate,moderate,red,67.0,13.5,19.5,0.75
14176730,40771819,Esto,Ultisols,4.6,sandy-loam,good,dry,low,moderate,moderate,red,69.6,14.0,16.4,1.25
14176731,40771822,Troup,Ultisols,5.3,sandy,good,dry,low,moderate,moderate,red,83.8,7.0,9.2,0.75
14176732,40771824,Esto,Ultisols,4.6,sandy-loam,good,dry,low,moderate,moderate,red,69.6,14.0,16.4,1.25
14176733,40771827,Bama,Ultisols,5.3,sandy-loam,good,dry,low,moderate,moderate,red,69.2,14.5,16.3,0.75
14176734,40771830,Malbis,Ultisols,5.3,sandy-loam,moderate,moderate,low,moderate,moderate,red,68.1,17.5,14.4,0.75
14176735,40771834,Luverne,Ultisols,4.6,sandy-loam,good,dry,low,moderate,moderate,red,67.0,13.5,19.5,0.75
14176736,40771838,Luverne,Ultisols,4.6,sandy-loam,good,dry,low,moderate,moderate,red,67.0,13.5,19.5,0.75
14176737,40771842,Smithdale,Ultisols,5.0,sandy-loam,good,dry,low,moderate,moderate,red,68.0,8.5,23.5,1.25
14176738,40771845,Troup,Ultisols,5.3,sandy,good,dry,low,moderate,moderate,red,83.8,7.0,9.2,0.75
14176739,40771847,Arundel,Ultisols,4.6,loamy,good,dry,low,moderate,moderate,red,42.1,20.0,37.9,0.75
14176740,40771850,Mantachie,Inceptisols,5.0,sandy-loam,poor,wet,moderate,moderate,high,brown,66.8,14.0,19.2,2.0
14176741,40771852,Bibb,Entisols,4.6,sandy-loam,poor,wet,moderate,compacted,moderate,brown,66.9,10.0,23.1,2.0
14176742,40771854,Cantuche,Entisols,4.6,loamy,good,dry,low,moderate,moderate,brown,44.3,15.0,40.7,0.75
14176743,40771857,Smithdale,Ultisols,5.0,sandy-loam,good,dry,low,moderate,moderate,red,68.0,8.5,23.5,1.25
14176744,40771860,Cowarts,Ultisols,5.0,sandy-loam,good,dry,moderate,moderate,moderate,red,67.9,12.5,19.6,2.0
14176745,40771864,Arundel,Ultisols,4.6,loamy,good,dry,low,moderate,moderate,red,42.1,20.0,37.9,0.75
14176746,40771867,Luverne,Ultisols,4.6,sandy-loam,good,dry,low,moderate,moderate,red,67.0,13.5,19.5,0.75
14176747,40771871,Troup,Ultisols,5.3,sandy,good,dry,low,moderate,moderate,red,83.8,7.0,9.2,0.75
14176748,40771873,Izagora,Ultisols,4.8,sandy-loam,moderate,moderate,low,moderate,moderate,red,69.6,14.0,16.4,0.75
14176749,40771879,Luverne,Ultisols,4.6,sandy-loam,good,dry,low,moderate,moderate,red,67.0,13.5,19.5,0.75
14176750,40771880,Maubila,Ultisols,4.6,sandy-loam,good,dry,low,moderate,moderate,red,67.4,13.0,19.6,0.75
14176751,40771884,Smithdale,Ultisols,5.0,sandy-loam,good,dry,low,moderate,moderate,red,68.0,8.5,23.5,1.25
14176752,40771887,Troup,Ultisols,5.3,sandy,good,dry,low,moderate,moderate,red,83.8,7.0,9.2,0.75
14176753,40771889,Bama,Ultisols,5.3,sandy-loam,good,dry,low,moderate,moderate,red,66.4,14.5,19.1,0.75
14176754,40771892,Oktibbeha,Vertisols,5.5,loamy,moderate,moderate,high,moderate,high,dark brown,41.6,21.0,37.4,4.5
14176755,40771895,Maubila,Ultisols,4.6,sandy-loam,good,dry,low,moderate,moderate,red,67.4,13.0,19.6,0.75
14176756,40771899,Troup,Ultisols,5.3,sandy,good,dry,low,moderate,moderate,red,83.8,7.0,9.2,0.75
14176757,40771901,Smithdale,Ultisols,5.0,sandy-loam,good,dry,low,moderate,moderate,red,68.0,8.5,23.5,1.25
14176758,40771904,Prim,Mollisols,7.9,silty,good,dry,moderate,moderate,moderate,black,17.4,30.0,52.6,3.0
14176759,40771907,Bibb,Entisols,4.6,sandy-loam,poor,wet,moderate,compacted,moderate,brown,66.9,10.0,23.1,2.0
14176760,40771909,Troup,Ultisols,5.3,sandy,good,dry,low,moderate,moderate,red,83.8,7.0,9.2,0.75
14176761,40771911,Watsonia,Vertisols,5.5,clay,good,dry,moderate,moderate,moderate,dark brown,5.3,50.0,44.7,3.5
14176762,40771915,Mantachie,Inceptisols,5.0,sandy-loam,poor,wet,moderate,moderate,high,brown,66.8,14.0,19.2,2.0
14176763,40771919,Smithdale,Ultisols,5.0,sandy-loam,good,dry,low,moderate,moderate,red,68.0,8.5,23.5,1.25
14176764,40771920,Oktibbeha,Vertisols,5.5,loamy,moderate,moderate,high,moderate,high,dark brown,41.6,21.0,37.4,4.5
14176765,40771923,Lucedale,Ultisols,5.8,sandy-loam,good,dry,low,moderate,high,red,65.4,5.5,29.1,1.25
14176766,40771925,Smithdale,Ultisols,5.0,sandy-loam,good,dry,low,moderate,moderate,red,68.0,8.5,23.5,1.25
14176767,40771928,Bama,Ultisols,5.3,sandy-loam,good,dry,low,moderate,moderate,red,66.4,14.5,19.1,0.75
14176768,40771931,Smithdale,Ultisols,5.0,sandy-loam,good,dry,low,moderate,moderate,red,68.0,8.5,23.5,1.25
14176769,40771934,Troup,Ultisols,5.3,sandy,good,dry,low,moderate,moderate,red,83.8,7.0,9.2,0.75
14176770,40771936,Troup,Ultisols,5.3,sandy,good,dry,low,moderate,moderate,red,83.8,7.0,9.2,0.75
14176771,40771938,Lucedale,Ultisols,5.8,sandy-loam,good,dry,low,moderate,high,red,65.4,5.5,29.1,1.25
14176772,40771940,Harleston,Ultisols,4.6,sandy-loam,moderate,moderate,moderate,moderate,moderate,red,65.6,5.0,29.4,3.5
14176773,40771943,Troup,Ultisols,5.3,sandy,good,dry,low,moderate,moderate,red,83.8,7.0,9.2,0.75
14176774,40771945,Heidel,Ultisols,5.0,sandy-loam,good,dry,low,moderate,moderate,red,65.4,5.5,29.1,1.25
14176775,40771948,Johnston,Inceptisols,5.0,loamy,poor,wet,high,moderate,high,black,45.7,12.5,41.8,13.0
14176776,40771951,Troup,Ultisols,5.3,sandy,good,dry,low,moderate,moderate,red,83.8,7.0,9.2,0.75
14176777,40771954,Pactolus,Entisols,4.6,sandy,moderate,moderate,low,compacted,low,brown,83.8,7.0,9.2,1.25
14176778,40771955,Heidel,Ultisols,5.0,sandy-loam,good,dry,low,moderate,moderate,red,65.4,5.5,29.1,1.25
14176779,40771958,Heidel,Ultisols,5.0,sandy-loam,good,dry,low,moderate,moderate,red,65.4,5.5,29.1,1.25
14176780,40771961,Troup,Ultisols,5.3,sandy,good,dry,low,moderate,moderate,red,83.8,7.0,9.2,0.75
14176781,40771963,Bama,Ultisols,5.3,sandy-loam,good,dry,low,moderate,moderate,red,66.4,14.5,19.1,0.75
14176782,40771966,Bibb,Entisols,4.6,sandy-loam,poor,wet,moderate,compacted,moderate,brown,66.9,10.0,23.1,2.0
14176783,40771968,Bama,Ultisols,5.3,sandy-loam,good,dry,low,moderate,moderate,red,66.4,14.5,19.1,0.75
14176784,40771971,Heidel,Ultisols,5.0,sandy-loam,good,dry,low,moderate,moderate,red,65.4,5.5,29.1,1.25
14176785,40771974,Bibb,Entisols,4.6,sandy-loam,poor,wet,moderate,compacted,moderate,brown,66.9,10.0,23.1,2.0
14176786,40771976,Escambia,Ultisols,4.6,sandy-loam,poor,wet,low,moderate,moderate,red,67.3,9.5,23.2,1.25
14176787,40771979,Johnston,Inceptisols,5.0,loamy,poor,wet,high,moderate,high,black,45.7,12.5,41.8,13.0
14176788,40771982,Levy,Entisols,4.6,silty,poor,wet,high,loose,high,black,16.9,35.0,48.1,7.5
14176789,40771985,Harleston,Ultisols,4.6,sandy-loam,moderate,moderate,moderate,moderate,moderate,red,65.6,5.0,29.4,3.5
14176790,40771988,Pactolus,Entisols,4.6,sandy,moderate,moderate,low,compacted,low,brown,83.8,7.0,9.2,1.25
14176793,40771995,Bama,Ultisols,5.3,sandy-loam,good,dry,low,moderate,moderate,red,66.4,14.5,19.1,0.75
14176794,40771998,Notcher,Ultisols,6.2,sandy-loam,moderate,moderate,low,moderate,moderate,red,66.0,11.0,23.0,1.25
14176795,40772001,Heidel,Ultisols,5.0,sandy-loam,good,dry,low,moderate,moderate,red,65.4,5.5,29.1,1.25
14176796,40772004,Notcher,Ultisols,6.2,sandy-loam,moderate,moderate,low,moderate,moderate,red,66.0,11.0,23.0,1.25
14176797,40772007,Malbis,Ultisols,5.3,sandy-loam,moderate,moderate,low,moderate,moderate,red,67.2,17.5,15.3,0.75
14176798,40772011,Grady,Ultisols,4.6,loamy,poor,wet,moderate,moderate,moderate,red,38.5,25.0,36.5,2.5
14176799,40772015,Saucier,Ultisols,4.6,sandy-loam,moderate,moderate,moderate,moderate,moderate,red,67.4,13.0,19.6,2.0
14176800,40772018,Bama,Ultisols,5.3,sandy-loam,good,dry,low,moderate,moderate,red,66.4,14.5,19.1,0.75
14176801,40772021,Malbis,Ultisols,5.3,sandy-loam,moderate,moderate,low,moderate,moderate,red,67.2,17.5,15.3,0.75
14176802,40772025,Bibb,Entisols,4.6,sandy-loam,poor,wet,moderate,compacted,moderate,brown,66.9,10.0,23.1,2.0
14176803,40772027,Notcher,Ultisols,6.2,sandy-loam,moderate,moderate,low,moderate,moderate,red,66.0,11.0,23.0,1.25
14176804,40772030,Heidel,Ultisols,5.0,sandy-loam,good,dry,low,moderate,moderate,red,65.4,5.5,29.1,1.25
14176805,40772036,Benndale,Ultisols,5.0,sandy-loam,good,dry,moderate,moderate,moderate,red,66.9,10.0,23.1,2.0
14176807,40772040,Poarch,Ultisols,5.0,sandy-loam,good,dry,low,moderate,moderate,red,66.9,10.0,23.1,0.75
14176808,40772044,Bayou,Ultisols,5.0,sandy-loam,poor,wet,unknown,unknown,moderate,red,66.9,10.0,23.1,
14176810,40772048,Harleston,Ultisols,4.6,sandy-loam,moderate,moderate,moderate,moderate,moderate,red,65.6,5.0,29.4,3.5
14176811,40772051,Malbis,Ultisols,5.3,sandy-loam,moderate,moderate,low,moderate,moderate,red,67.2,17.5,15.3,0.75
14176812,40772055,Escambia,Ultisols,4.6,sandy-loam,poor,wet,low,moderate,moderate,red,67.3,9.5,23.2,1.25
14176813,40772060,Benndale,Ultisols,5.0,sandy-loam,good,dry,moderate,moderate,moderate,red,66.9,10.0,23.1,2.0
14176814,40772062,Malbis,Ultisols,5.3,sandy-loam,moderate,moderate,low,moderate,moderate,red,67.2,17.5,15.3,0.75
14176817,40772069,Benndale,Ultisols,5.0,sandy-loam,good,dry,moderate,moderate,moderate,red,66.9,10.0,23.1,2.0
14176818,40772073,Johnston,Inceptisols,5.0,loamy,poor,wet,high,moderate,high,black,45.7,12.5,41.8,13.0
14176819,40772076,Benndale,Ultisols,5.0,sandy-loam,good,dry,moderate,moderate,moderate,red,66.9,10.0,23.1,2.0
14176822,40772085,Smithton,Ultisols,5.0,sandy-loam,poor,wet,moderate,moderate,moderate,red,65.7,11.5,22.8,2.0
14176823,40772089,Pruitton,Inceptisols,5.3,silty,good,dry,moderate,unknown,high,dark brown,27.0,19.0,54.0,3.0
14176824,40772094,Guthrie,Ultisols,4.6,silty,poor,wet,moderate,moderate,high,red,13.6,17.5,68.9,1.5
14176825,40772096,Fullerton,Ultisols,5.0,silty,good,dry,low,moderate,moderate,red,26.3,21.0,52.7,1.25
14176826,40772099,Fullerton,Ultisols,5.0,silty,good,dry,low,moderate,moderate,red,26.3,21.0,52.7,1.25
14176827,40772102,Colbert,Alfisols,5.5,silty,moderate,moderate,low,moderate,high,brown,17.5,33.5,49.0,1.25
14176828,40772107,Decatur,Ultisols,5.3,silty,good,dry,low,moderate,moderate,red,17.5,33.5,49.0,1.25
14176829,40772112,Emory,Inceptisols,5.6,silty,good,dry,moderate,moderate,high,brown,6.7,27.5,65.8,2.5
14176830,40772113,Decatur,Ultisols,5.3,silty,good,dry,low,moderate,high,red,26.3,21.0,52.7,1.25
14176831,40772116,Dickson,Ultisols,5.0,silty,moderate,moderate,low,moderate,high,red,11.4,20.5,68.1,1.25
14176832,40772120,Bewleyville,Ultisols,5.5,silty,good,wet,moderate,moderate,high,red,11.3,21.0,67.7,2.0
14176833,40772123,Chenneby,Inceptisols,5.3,silty,poor,wet,moderate,moderate,moderate,brown,11.6,19.5,68.9,1.75
14176834,40772126,Benndale,Ultisols,5.0,sandy-loam,good,dry,moderate,moderate,moderate,red,66.9,10.0,23.1,2.0
14176835,40772130,Troup,Ultisols,5.3,sandy,good,dry,low,moderate,moderate,red,83.8,7.0,9.2,0.75
14176836,40772132,Harleston,Ultisols,4.6,sandy-loam,moderate,moderate,moderate,moderate,moderate,red,65.6,5.0,29.4,3.5
14176838,40772138,Bibb,Entisols,4.6,sandy-loam,poor,wet,moderate,compacted,moderate,brown,66.9,10.0,23.1,2.0
14176839,40772140,Benndale,Ultisols,5.0,sandy-loam,good,dry,moderate,moderate,moderate,red,66.9,10.0,23.1,2.0
14176840,40772144,Troup,Ultisols,5.3,sandy,good,dry,low,moderate,moderate,red,83.8,7.0,9.2,0.75
14176841,40772146,Esto,Ultisols,4.6,sandy-loam,good,dry,low,moderate,moderate,red,66.8,14.0,19.2,1.25
14176842,40772151,Heidel,Ultisols,5.0,sandy-loam,good,dry,low,moderate,moderate,red,65.4,5.5,29.1,1.25
14176843,40772152,Troup,Ultisols,5.3,sandy,good,dry,low,moderate,moderate,red,83.8,7.0,9.2,0.75
14176844,40772154,Heidel,Ultisols,5.0,sandy-loam,good,dry,low,moderate,moderate,red,65.4,5.5,29.1,1.25
14176845,40772157,Benndale,Ultisols,5.0,sandy-loam,good,dry,moderate,moderate,moderate,red,66.9,10.0,23.1,2.0
14176846,40772161,Axis,Entisols,7.3,sandy-loam,poor,wet,high,moderate,moderate,black,61.4,20.0,18.6,10.0
14176849,40772168,Osier,Entisols,4.8,sandy,poor,wet,moderate,moderate,low,dark brown,78.1,5.5,16.4,3.5
14176850,40772171,Fripp,Entisols,6.5,sandy,good,dry,low,moderate,low,brown,96.0,2.5,1.5,0.75
14176851,40772173,Duckston,Entisols,6.0,sandy,poor,wet,moderate,compacted,low,brown,96.5,2.0,1.5,1.75
14176852,40772175,Pactolus,Entisols,4.6,sandy,moderate,moderate,low,compacted,low,brown,83.8,7.0,9.2,1.25
14176853,40772177,Poarch,Ultisols,5.0,sandy-loam,good,dry,low,moderate,moderate,red,68.5,10.0,21.5,0.75
14176854,40772180,Bama,Ultisols,5.3,sandy-loam,good,dry,low,moderate,moderate,red,69.2,14.5,16.3,0.75
14176855,40772183,Bama,Ultisols,5.3,sandy-loam,good,dry,low,moderate,moderate,red,69.2,14.5,16.3,0.75
14176856,40772186,Poarch,Ultisols,5.0,sandy-loam,good,dry,low,moderate,moderate,red,68.5,10.0,21.5,0.75
14176857,40772189,Pactolus,Entisols,4.6,sandy,moderate,moderate,low,compacted,low,brown,83.5,7.0,9.5,1.25
14176858,40772191,Bama,Ultisols,5.3,sandy-loam,good,dry,low,moderate,moderate,red,69.2,14.5,16.3,0.75
14176859,40772194,Levy,Entisols,4.6,clay,poor,wet,high,loose,high,black,5.5,47.5,47.0,7.5
14176860,40772197,Escambia,Ultisols,4.6,sandy-loam,poor,wet,low,moderate,moderate,red,68.9,9.5,21.6,1.25
14176861,40772200,Pactolus,Entisols,4.6,sandy,moderate,moderate,low,compacted,low,brown,83.5,7.0,9.5,1.25
14176862,40772202,Bibb,Entisols,4.6,sandy-loam,poor,wet,moderate,compacted,moderate,brown,66.9,10.0,23.1,2.0
14176863,40772204,Scranton,Entisols,5.5,sandy,poor,wet,moderate,moderate,low,brown,94.4,5.0,0.6,2.5
14176864,40772207,Poarch,Ultisols,5.0,sandy-loam,good,dry,low,moderate,moderate,red,68.5,10.0,21.5,0.75
14176865,40772211,Scranton,Entisols,5.5,sandy,poor,wet,moderate,moderate,low,brown,82.2,8.5,9.3,2.5
14176867,40772216,Fripp,Entisols,6.5,sandy,good,dry,low,moderate,low,brown,96.0,2.5,1.5,0.75
14176868,40772218,Levy,Entisols,4.6,clay,poor,wet,high,loose,high,black,5.5,47.5,47.0,7.5
14176871,40772226,Leon,Spodosols,5.1,sandy,poor,wet,moderate,moderate,moderate,grey,95.5,3.0,1.5,2.25
14176872,40772230,Smithdale,Ultisols,5.0,sandy-loam,good,dry,low,moderate,moderate,red,69.7,8.5,21.8,1.25
14176873,40772236,Pikeville,Ultisols,5.0,loamy,good,dry,low,unknown,moderate,red,45.8,10.5,43.7,1.25
14176874,40772237,Nauvoo,Ultisols,5.3,sandy-loam,good,dry,low,moderate,moderate,red,68.1,17.5,14.4,1.25
14176876,40772245,Nauvoo,Ultisols,5.3,loamy,good,dry,low,moderate,moderate,red,43.0,17.5,39.5,1.25
14176877,40772246,Iuka,Entisols,5.6,silty,moderate,moderate,low,unknown,high,brown,32.7,10.5,56.8,1.25
14176878,40772250,Hector,Inceptisols,5.8,sandy,good,dry,low,moderate,moderate,brown,70.9,12.5,16.6,1.25
14176879,40772252,Smithdale,Ultisols,5.0,sandy-loam,good,dry,low,moderate,moderate,red,69.7,8.5,21.8,1.25
14176880,40772255,Dothan,Ultisols,5.3,sandy-loam,good,dry,low,moderate,moderate,red,69.6,14.0,16.4,0.75
14176881,40772258,Fuquay,Ultisols,5.3,sandy,good,dry,low,compacted,low,red,77.9,6.0,16.1,1.25
14176882,40772262,Malbis,Ultisols,5.3,sandy-loam,moderate,moderate,low,moderate,moderate,red,68.1,17.5,14.4,0.75
14176883,40772266,Lynchburg,Ultisols,4.6,sandy-loam,poor,wet,moderate,moderate,moderate,red,67.9,12.5,19.6,2.75
14176884,40772268,Malbis,Ultisols,5.3,sandy-loam,moderate,moderate,low,moderate,moderate,red,68.1,17.5,14.4,0.75
14176885,40772272,Blanton,Ultisols,5.3,sandy,moderate,moderate,low,moderate,low,red,81.8,9.0,9.2,1.25
14176886,40772275,Cowarts,Ultisols,5.0,sandy,good,dry,moderate,moderate,moderate,red,70.9,12.5,16.6,2.0
14176887,40772279,Blanton,Ultisols,5.3,sandy,moderate,moderate,low,moderate,low,red,81.8,9.0,9.2,1.25
14176888,40772282,Dothan,Ultisols,5.3,sandy-loam,good,dry,low,moderate,moderate,red,69.6,14.0,16.4,0.75
14176889,40772285,Cowarts,Ultisols,5.0,sandy,good,dry,moderate,moderate,moderate,red,70.9,12.5,16.6,2.0
14176890,40772289,Chewacla,Inceptisols,5.5,silty,poor,wet,moderate,moderate,high,brown,22.4,22.5,55.1,2.5
14176891,40772294,Eulonia,Ultisols,5.5,sandy-loam,moderate,moderate,low,moderate,moderate,red,67.9,12.5,19.6,1.25
14176892,40772298,Kinston,Inceptisols,5.3,silty,poor,wet,moderate,moderate,moderate,dark brown,29.7,16.0,54.3,3.5
14176893,40772302,Troup,Ultisols,5.3,sandy,good,dry,low,moderate,moderate,red,83.8,7.0,9.2,0.75
14176894,40772303,Riverview,Inceptisols,5.5,loamy,good,dry,low,moderate,high,brown,43.0,18.5,38.5,1.25
14176895,40772307,Bigbee,Entisols,5.3,sandy,good,dry,low,moderate,low,brown,92.9,5.5,1.6,1.25
14176896,40772308,Rains,Ultisols,5.1,sandy-loam,poor,wet,moderate,moderate,moderate,red,67.9,12.5,19.6,3.5
14176897,40772312,Kalmia,Ultisols,5.3,sandy,good,dry,low,compacted,low,red,82.5,8.0,9.5,1.25
14176898,40772315,Lakeland,Entisols,5.3,sandy,good,dry,low,moderate,low,brown,93.6,5.0,1.4,0.75
14176899,40772317,Troup,Ultisols,5.3,sandy,good,dry,low,moderate,moderate,red,83.8,7.0,9.2,0.75
14176900,40772319,Bibb,Entisols,4.6,silty,poor,wet,moderate,moderate,high,brown,32.9,10.0,57.1,2.0
14176901,40772321,Wahee,Ultisols,5.3,silty,poor,wet,moderate,moderate,high,red,27.1,18.5,54.4,2.75
14176902,40772324,Guthrie,Ultisols,4.6,silty,poor,wet,moderate,moderate,high,red,13.6,17.5,68.9,1.5
14176903,40772328,Fullerton,Ultisols,5.0,silty,good,dry,low,moderate,moderate,red,26.3,21.0,52.7,1.25
14176904,40772331,Decatur,Ultisols,5.3,silty,good,dry,low,moderate,moderate,red,17.5,33.5,49.0,1.25
14176905,40772334,Bodine,Ultisols,4.6,silty,good,dry,moderate,moderate,moderate,red,30.4,14.0,55.6,1.5
14176906,40772337,Guthrie,Ultisols,4.6,silty,poor,wet,moderate,moderate,high,red,13.6,17.5,68.9,1.5
14176907,40772341,Taft,Ultisols,5.0,silty,poor,wet,moderate,moderate,high,red,13.6,17.5,68.9,3.5
14176908,40772345,Dickson,Ultisols,5.0,silty,moderate,moderate,low,moderate,high,red,11.4,20.5,68.1,1.25
14176909,40772351,Chenneby,Inceptisols,5.3,silty,poor,wet,moderate,moderate,moderate,brown,11.6,19.5,68.9,1.75
14176910,40772352,Emory,Inceptisols,5.6,silty,good,dry,moderate,moderate,high,brown,6.7,27.0,66.3,2.5
14176911,40772355,Dickson,Ultisols,5.0,silty,moderate,moderate,low,moderate,high,red,11.4,20.5,68.1,1.25
14176912,40772359,Decatur,Ultisols,5.3,silty,good,dry,low,moderate,moderate,red,17.5,33.5,49.0,1.25
14176913,40772362,Decatur,Ultisols,5.3,silty,good,dry,low,moderate,high,red,26.3,21.0,52.7,1.25
14176914,40772365,Bewleyville,Ultisols,5.5,silty,good,wet,moderate,moderate,high,red,11.3,21.0,67.7,2.0
14176915,40772369,Guthrie,Ultisols,4.6,silty,poor,wet,moderate,moderate,high,red,13.6,17.5,68.9,1.5
14176916,40772375,Dickson,Ultisols,5.0,silty,moderate,moderate,low,moderate,high,red,11.4,20.5,68.1,1.25
14176917,40772376,Talbott,Alfisols,5.6,silty,good,dry,low,moderate,high,brown,26.3,21.0,52.7,1.25
14176918,40772379,Gorgas,Ultisols,5.5,sandy-loam,good,dry,low,compacted,low,red,67.9,12.5,19.6,1.25
14176919,40772382,Allen,Ultisols,5.0,loamy,good,dry,moderate,moderate,moderate,red,44.0,15.5,40.5,1.75
14176921,40772386,Ramsey,Inceptisols,5.0,loamy,good,dry,unknown,moderate,moderate,brown,43.5,16.5,40.0,
14176922,40772389,Muskingum,Inceptisols,5.3,silty,good,dry,moderate,moderate,moderate,brown,29.1,17.5,53.4,2.0
14176923,40772392,Muskingum,Inceptisols,5.3,silty,good,dry,moderate,moderate,moderate,brown,29.1,17.5,53.4,2.0
14176924,40772395,Gorgas,Ultisols,5.5,sandy-loam,good,dry,low,compacted,low,red,67.9,12.5,19.6,1.25
14176925,40772398,Bouldin,Ultisols,5.0,loamy,good,dry,moderate,moderate,low,red,44.3,15.0,40.7,1.5
14176926,40772400,Barfield,Mollisols,7.0,silty,good,dry,moderate,compacted,moderate,black,8.6,36.0,55.4,1.75
14176927,40772403,Braxton,Alfisols,5.6,silty,good,dry,moderate,moderate,moderate,brown,18.4,27.5,54.1,2.0
14176928,40772406,Talbott,Alfisols,5.6,silty,good,dry,low,moderate,high,brown,26.3,21.0,52.7,1.25
14176929,40772409,Jefferson,Ultisols,5.0,loamy,good,dry,moderate,moderate,moderate,red,43.0,17.5,39.5,2.75
14176930,40772412,Hartsells,Ultisols,4.6,sandy-loam,good,dry,low,moderate,moderate,red,67.7,11.0,21.3,1.25
14176931,40772416,Jefferson,Ultisols,5.0,loamy,good,dry,moderate,moderate,moderate,red,43.0,17.5,39.5,2.75
14176932,40772421,Allen,Ultisols,5.0,sandy-loam,good,dry,moderate,moderate,moderate,red,68.4,15.5,16.1,1.75
14176933,40772422,Fullerton,Ultisols,5.0,silty,good,dry,low,moderate,moderate,red,26.3,21.0,52.7,1.25
14176934,40772425,Toccoa,Entisols,5.8,sandy-loam,moderate,moderate,moderate,moderate,moderate,pale,69.7,8.5,21.8,1.5
14176935,40772427,Fullerton,Ultisols,5.0,silty,good,dry,low,moderate,moderate,red,17.5,33.5,49.0,0.75
14176936,40772430,Fullerton,Ultisols,5.0,silty,good,dry,low,moderate,moderate,red,17.5,33.5,49.0,0.75
14176937,40772433,Dewey,Ultisols,5.0,silty,good,dry,low,moderate,moderate,red,18.2,38.5,43.3,0.75
14176938,40772438,Bodine,Ultisols,4.6,silty,good,dry,moderate,moderate,moderate,red,30.4,14.0,55.6,1.5
14176939,40772440,Colbert,Alfisols,5.5,silty,moderate,moderate,low,moderate,high,brown,17.5,33.5,49.0,1.25
14176940,40772445,Remlap,Ultisols,4.3,silty,good,dry,low,moderate,high,red,18.0,27.5,54.5,0.75
14176941,40772448,Dewey,Ultisols,5.0,silty,good,dry,low,moderate,moderate,red,18.2,38.5,43.3,0.75
14176942,40772452,Bodine,Ultisols,4.6,silty,good,dry,moderate,moderate,moderate,red,30.4,14.0,55.6,1.5
14176943,40772455,Colbert,Alfisols,5.5,silty,moderate,moderate,low,moderate,high,brown,17.5,33.5,49.0,1.25
14176944,40772463,Roanoke,Ultisols,4.6,silty,poor,wet,low,moderate,high,red,17.5,29.5,53.0,0.75
14176945,40772464,Minvale,Ultisols,5.0,silty,good,dry,low,moderate,moderate,red,22.4,22.5,55.1,1.25
14176946,40772467,Tupelo,Alfisols,5.8,silty,poor,wet,moderate,moderate,high,brown,22.4,22.5,55.1,2.0
14176947,40772471,Chewacla,Inceptisols,5.5,silty,poor,wet,moderate,moderate,high,brown,22.4,22.5,55.1,2.5
14176948,40772475,Hollywood,Vertisols,7.3,clay,moderate,moderate,moderate,moderate,high,dark brown,8.0,40.0,52.0,3.5
14176949,40772478,Roanoke,Ultisols,4.6,silty,poor,wet,low,moderate,high,red,17.5,29.5,53.0,0.75
14176950,40772482,Ketona,Alfisols,7.3,silty,poor,wet,moderate,moderate,moderate,brown,8.4,37.5,54.1,2.5
14176951,40772485,Tupelo,Alfisols,5.8,silty,poor,wet,moderate,moderate,high,brown,22.4,22.5,55.1,2.0
14176952,40772488,Decatur,Ultisols,5.3,silty,good,dry,low,moderate,moderate,red,17.5,33.5,49.0,1.25
14176953,40772491,Chenneby,Inceptisols,5.3,loamy,poor,wet,moderate,moderate,moderate,brown,37.6,19.5,42.9,1.75
14176954,40772494,Colbert,Alfisols,5.5,silty,moderate,moderate,low,moderate,high,brown,17.5,33.5,49.0,1.25
14176955,40772499,Colbert,Alfisols,5.5,silty,moderate,moderate,low,moderate,high,brown,17.5,33.5,49.0,1.25
14176956,40772504,Tupelo,Alfisols,5.8,silty,poor,wet,moderate,moderate,high,brown,22.4,22.5,55.1,2.0
14176957,40772507,Chenneby,Inceptisols,5.3,loamy,poor,wet,moderate,moderate,moderate,brown,37.6,19.5,42.9,1.75
14176958,40772510,Egam,Mollisols,6.5,silty,good,dry,moderate,moderate,high,black,18.0,27.5,54.5,3.0
14176959,40772513,Decatur,Ultisols,5.3,silty,good,dry,low,moderate,moderate,red,17.5,33.5,49.0,1.25
14176960,40772516,Chenneby,Inceptisols,5.3,silty,poor,wet,low,moderate,moderate,brown,11.6,19.5,68.9,1.25
14176961,40772519,Decatur,Ultisols,5.3,silty,good,dry,low,moderate,high,red,26.3,21.0,52.7,1.25
14176962,40772522,Hollywood,Vertisols,7.3,clay,moderate,moderate,moderate,moderate,high,dark brown,8.0,40.0,52.0,3.5
14176963,40772525,Taft,Ultisols,5.0,silty,poor,wet,moderate,moderate,high,red,13.6,17.5,68.9,3.5
14176964,40772529,Leadvale,Ultisols,5.0,silty,moderate,moderate,moderate,moderate,high,red,13.7,17.0,69.3,2.5
14176965,40772536,Nauvoo,Ultisols,5.3,sandy-loam,good,dry,low,moderate,moderate,red,68.1,17.5,14.4,1.25
14176966,40772537,Gorgas,Ultisols,5.5,sandy-loam,good,dry,low,compacted,low,red,67.9,12.5,19.6,1.25
14176967,40772540,Nella,Ultisols,5.0,loamy,good,dry,moderate,moderate,moderate,red,43.0,18.5,38.5,1.75
14176968,40772544,Hartsells,Ultisols,4.6,sandy-loam,good,dry,low,moderate,moderate,red,67.7,11.0,21.3,1.25
14176969,40772547,Albertville,Ultisols,5.0,silty,good,dry,low,moderate,high,red,29.5,16.5,54.0,1.25
14176971,40772552,Barfield,Mollisols,7.0,silty,good,dry,moderate,compacted,moderate,black,8.6,36.0,55.4,1.75
14176972,40772555,Nella,Ultisols,5.0,loamy,good,dry,unknown,moderate,moderate,red,43.0,18.5,38.5,
14176973,40772558,Townley,Ultisols,4.6,silty,good,dry,low,moderate,moderate,red,27.1,18.5,54.4,1.25
14176974,40772562,Chewacla,Inceptisols,5.5,silty,poor,wet,moderate,moderate,high,brown,22.4,22.5,55.1,2.5
14176975,40772569,Montevallo,Inceptisols,5.3,silty,good,dry,low,moderate,moderate,brown,29.3,17.0,53.7,1.25
14176976,40772572,Allen,Ultisols,5.0,loamy,good,dry,moderate,moderate,moderate,red,44.0,15.5,40.5,1.75
14176977,40772573,Nectar,Ultisols,5.6,sandy,good,dry,low,moderate,moderate,red,71.3,12.0,16.7,1.25
14176978,40772578,Gorgas,Ultisols,5.5,sandy-loam,good,dry,low,compacted,low,red,67.9,12.5,19.6,1.25
14176979,40772581,Townley,Ultisols,4.6,sandy-loam,good,dry,low,moderate,moderate,red,67.0,13.5,19.5,1.25
14176980,40772585,Hartsells,Ultisols,4.6,sandy-loam,good,dry,low,moderate,moderate,red,67.7,11.0,21.3,1.25
14176981,40772589,Nella,Ultisols,5.0,loamy,good,dry,unknown,moderate,moderate,red,43.0,18.5,38.5,
14176982,40772592,Gorgas,Ultisols,5.5,sandy-loam,good,dry,low,compacted,low,red,67.9,12.5,19.6,1.25
14176983,40772595,Albertville,Ultisols,5.0,silty,good,dry,low,moderate,high,red,29.5,16.5,54.0,1.25
14176984,40772599,Nectar,Ultisols,5.6,sandy,good,dry,low,moderate,moderate,red,71.3,12.0,16.7,1.25
14176985,40772604,Hartsells,Ultisols,4.6,sandy-loam,good,dry,low,moderate,moderate,red,67.7,11.0,21.3,1.25
14176986,40772608,Gorgas,Ultisols,5.5,sandy-loam,good,dry,low,compacted,low,red,67.9,12.5,19.6,1.25
14176987,40772615,Chewacla,Inceptisols,5.5,silty,poor,wet,moderate,moderate,high,brown,22.4,22.5,55.1,2.5
14176989,40772617,Linker,Ultisols,4.6,sandy,good,dry,moderate,moderate,moderate,red,70.9,12.5,16.6,1.75
14176990,40772622,Townley,Ultisols,4.6,loamy,good,dry,low,moderate,moderate,red,43.0,18.5,38.5,1.25
14176991,40772626,Nauvoo,Ultisols,5.3,sandy-loam,good,dry,low,moderate,moderate,red,68.1,17.5,14.4,1.25
14176992,40772630,Nauvoo,Ultisols,5.3,sandy-loam,good,dry,low,moderate,moderate,red,68.1,17.5,14.4,1.25
14176993,40772634,Sipsey,Ultisols,5.3,sandy,good,dry,low,moderate,moderate,red,70.5,13.0,16.5,1.25
14176994,40772638,Townley,Ultisols,4.6,silty,good,dry,low,moderate,moderate,red,19.0,36.0,45.0,1.25
14176995,40772643,Gorgas,Ultisols,5.5,sandy-loam,good,dry,low,compacted,low,red,67.9,12.5,19.6,1.25
14176996,40772645,Montevallo,Inceptisols,5.3,silty,good,dry,low,moderate,moderate,brown,29.3,17.0,53.7,1.25
14176997,40772648,Albertville,Ultisols,5.0,sandy,good,dry,low,moderate,moderate,red,70.1,13.5,16.4,1.25
14176998,40772652,Townley,Ultisols,4.6,silty,good,dry,low,moderate,moderate,red,19.0,36.0,45.0,1.25
14176999,40772656,Nauvoo,Ultisols,5.3,sandy-loam,good,dry,low,moderate,moderate,red,67.2,17.5,15.3,1.25
14177000,40772660,Colbert,Alfisols,5.5,silty,moderate,moderate,low,moderate,high,brown,29.7,16.0,54.3,1.25
14177001,40772668,Wynnville,Ultisols,4.6,sandy-loam,moderate,moderate,low,moderate,high,red,68.1,10.5,21.4,1.25
14177002,40772670,Bankhead,Inceptisols,5.0,sandy-loam,good,dry,low,moderate,moderate,brown,66.9,10.0,23.1,1.25
14177003,40772675,Smithdale,Ultisols,5.0,sandy-loam,good,dry,low,moderate,moderate,red,69.7,8.5,21.8,1.25
14177004,40772676,Nauvoo,Ultisols,5.3,sandy-loam,good,dry,low,moderate,moderate,red,68.1,17.5,14.4,1.25
14177005,40772680,Hartsells,Ultisols,4.6,sandy-loam,good,dry,low,moderate,moderate,red,67.7,11.0,21.3,1.25
14177006,40772684,Albertville,Ultisols,5.0,sandy,good,dry,low,moderate,moderate,red,70.1,13.5,16.4,1.25
14177008,40772689,Chenneby,Inceptisols,5.3,silty,poor,wet,moderate,moderate,moderate,brown,11.6,19.5,68.9,1.75
14177009,40772696,Nectar,Ultisols,5.6,silty,good,dry,low,moderate,high,red,29.7,16.0,54.3,1.25
14177010,40772697,Montevallo,Inceptisols,5.3,silty,good,dry,low,moderate,moderate,brown,29.3,17.0,53.7,1.25
14177011,40772700,Gorgas,Ultisols,5.5,sandy,good,dry,low,compacted,moderate,red,70.9,12.5,16.6,1.25
14177012,40772703,Chewacla,Inceptisols,5.5,loamy,poor,wet,moderate,moderate,high,brown,39.8,22.5,37.7,2.5
14177013,40772708,Sequatchie,Ultisols,5.0,silty,good,dry,moderate,compacted,moderate,red,29.1,17.5,53.4,2.0
14177014,40772711,Nauvoo,Ultisols,5.3,sandy-loam,good,dry,low,moderate,moderate,red,68.1,17.5,14.4,1.25
14177015,40772718,Townley,Ultisols,4.6,silty,good,dry,low,moderate,moderate,red,19.0,36.0,45.0,1.25
14177016,40772719,Roanoke,Ultisols,4.6,silty,poor,wet,low,moderate,moderate,red,27.1,18.5,54.4,1.25
14177017,40772723,Nauvoo,Ultisols,5.3,sandy-loam,good,dry,low,moderate,moderate,red,68.1,17.5,14.4,1.25
14177018,40772729,Wynnville,Ultisols,4.6,sandy-loam,moderate,moderate,low,moderate,high,red,68.1,10.5,21.4,1.25
14177019,40772732,Whitwell,Ultisols,5.3,loamy,moderate,moderate,moderate,moderate,high,red,43.0,17.5,39.5,2.0
14177020,40772734,Sequatchie,Ultisols,5.0,silty,good,dry,moderate,compacted,moderate,red,29.1,17.5,53.4,2.0
14177021,40772737,Locust,Ultisols,5.0,sandy,moderate,moderate,low,moderate,moderate,red,70.1,13.5,16.4,0.75
14177022,40772741,Spadra,Ultisols,5.3,sandy,good,dry,moderate,moderate,moderate,red,70.9,12.5,16.6,2.0
14177023,40772744,Mooreville,Inceptisols,5.0,sandy-loam,moderate,moderate,low,moderate,moderate,brown,68.0,16.0,16.0,1.25
14177024,40772747,Taft,Ultisols,5.0,silty,poor,wet,moderate,moderate,high,red,13.6,17.5,68.9,3.5
14177025,40772751,Locust,Ultisols,5.0,sandy,moderate,moderate,low,moderate,moderate,red,70.1,13.5,16.4,0.75
14177026,40772758,Wynnville,Ultisols,4.6,loamy,moderate,moderate,low,moderate,high,red,45.0,13.5,41.5,1.25
14177027,40772760,Fullerton,Ultisols,5.0,silty,good,dry,low,moderate,moderate,red,26.3,21.0,52.7,1.25
14177028,40772763,Fullerton,Ultisols,5.0,silty,good,dry,low,moderate,moderate,red,26.3,21.0,52.7,1.25
14177029,40772766,Pruitton,Inceptisols,5.3,silty,good,dry,moderate,unknown,high,dark brown,27.0,19.0,54.0,3.0
14177030,40772769,Guthrie,Ultisols,4.6,silty,poor,wet,moderate,moderate,high,red,13.6,17.5,68.9,1.5
14177031,40772773,Decatur,Ultisols,5.3,silty,good,dry,low,moderate,moderate,red,17.5,33.5,49.0,1.25
14177032,40772776,Dewey,Ultisols,5.0,silty,good,dry,moderate,moderate,high,red,26.0,22.0,52.0,2.0
14177033,40772780,Decatur,Ultisols,5.3,silty,good,dry,low,moderate,high,red,26.3,21.0,52.7,1.25
14177034,40772783,Grasmere,Inceptisols,5.3,clay,good,dry,moderate,unknown,high,dark brown,17.8,40.0,42.2,3.5
14177035,40772786,Dewey,Ultisols,5.0,silty,good,dry,moderate,moderate,high,red,26.0,22.0,52.0,2.0
14177036,40772790,Dickson,Ultisols,5.0,silty,moderate,moderate,low,moderate,high,red,11.4,20.5,68.1,1.25
14177037,40772794,Bodine,Ultisols,4.6,silty,good,dry,moderate,moderate,moderate,red,30.4,14.0,55.6,1.5
14177038,40772799,Luverne,Ultisols,4.6,sandy-loam,good,dry,low,moderate,moderate,red,55.1,27.5,17.4,0.25
14177039,40772801,Townley,Ultisols,4.6,silty,good,dry,low,moderate,moderate,red,27.1,18.5,54.4,1.25
14177040,40772805,Ora,Ultisols,4.6,loamy,moderate,moderate,moderate,moderate,high,red,43.0,17.5,39.5,2.0
14177041,40772809,Smithdale,Ultisols,5.0,sandy-loam,good,dry,low,moderate,moderate,red,69.7,8.5,21.8,1.25
14177042,40772812,Smithdale,Ultisols,5.0,sandy-loam,good,dry,low,moderate,moderate,red,69.7,8.5,21.8,1.25
14177043,40772817,Ora,Ultisols,4.6,sandy-loam,moderate,moderate,moderate,moderate,moderate,red,69.6,14.0,16.4,2.0
14177044,40772819,Ora,Ultisols,4.6,sandy-loam,moderate,moderate,moderate,moderate,moderate,red,69.6,14.0,16.4,2.0
14177045,40772823,Iuka,Entisols,5.6,loamy,moderate,moderate,low,unknown,high,brown,45.8,10.5,43.7,1.25
14177046,40772826,Flomaton,Ultisols,5.3,sandy,good,dry,low,moderate,low,red,78.1,5.5,16.4,0.25
14177047,40772828,Pikeville,Ultisols,5.0,loamy,good,dry,low,unknown,moderate,red,45.8,10.5,43.7,1.25
14177048,40772832,Gorgas,Ultisols,5.5,sandy-loam,good,dry,low,compacted,low,red,67.9,12.5,19.6,1.25
14177049,40772835,Savannah,Ultisols,4.6,loamy,moderate,moderate,moderate,moderate,high,red,46.2,9.5,44.3,1.75
14177050,40772838,Townley,Ultisols,4.6,silty,good,dry,low,moderate,moderate,red,27.1,18.5,54.4,1.25
14177051,40772842,Smithdale,Ultisols,5.0,sandy-loam,good,dry,low,moderate,moderate,red,68.0,8.5,23.5,1.25
14177052,40772845,Savannah,Ultisols,4.6,sandy-loam,moderate,moderate,moderate,moderate,moderate,red,68.9,9.5,21.6,1.75
14177053,40772848,Luverne,Ultisols,4.6,sandy,good,dry,low,moderate,moderate,red,70.1,13.5,16.4,0.75
14177054,40772852,Ochlockonee,Entisols,5.5,sandy-loam,good,dry,low,moderate,moderate,brown,68.1,10.5,21.4,1.25
14177055,40772855,Savannah,Ultisols,4.6,sandy-loam,moderate,moderate,moderate,moderate,moderate,red,68.9,9.5,21.6,1.75
14177056,40772858,Albertville,Ultisols,5.0,sandy,good,dry,low,moderate,moderate,red,70.1,13.5,16.4,1.25
14177057,40772862,Albertville,Ultisols,5.0,sandy,good,dry,low,moderate,moderate,red,70.1,13.5,16.4,1.25
14177058,40772866,Savannah,Ultisols,4.6,sandy-loam,moderate,moderate,moderate,moderate,moderate,red,68.9,9.5,21.6,1.75
14177059,40772869,Ochlockonee,Entisols,5.5,sandy-loam,good,dry,low,moderate,moderate,brown,68.1,10.5,21.4,1.25
14177060,40772873,Gorgas,Ultisols,5.5,sandy-loam,good,dry,low,compacted,low,red,67.9,12.5,19.6,1.25
14177061,40772875,Smithdale,Ultisols,5.0,sandy-loam,good,dry,low,moderate,moderate,red,69.7,8.5,21.8,1.25
14177062,40772878,Cahaba,Ultisols,5.3,sandy,good,dry,low,moderate,moderate,red,71.3,12.0,16.7,1.25
14177063,40772881,Cahaba,Ultisols,5.3,sandy,good,dry,low,moderate,moderate,red,71.3,12.0,16.7,1.25
14177064,40772884,Nauvoo,Ultisols,5.3,sandy-loam,good,dry,low,moderate,moderate,red,68.1,17.5,14.4,1.25
14177065,40772888,Ochlockonee,Entisols,5.5,sandy-loam,good,dry,low,moderate,moderate,brown,68.1,10.5,21.4,1.25
14177066,40772891,Pikeville,Ultisols,5.0,sandy-loam,good,dry,low,unknown,moderate,red,66.3,10.5,23.2,1.25
14177067,40772895,Saffell,Ultisols,5.0,sandy-loam,good,dry,moderate,moderate,moderate,red,67.9,12.5,19.6,1.5
14177068,40772900,Gorgas,Ultisols,5.5,sandy-loam,good,dry,low,compacted,low,red,67.9,12.5,19.6,1.25
14177069,40772902,Savannah,Ultisols,4.6,sandy-loam,moderate,moderate,moderate,moderate,moderate,red,68.9,9.5,21.6,1.75
14177070,40772905,Flomaton,Ultisols,5.3,sandy,good,dry,low,moderate,low,red,78.1,5.5,16.4,0.25
14177071,40772907,Chisca,Alfisols,4.6,loamy,good,dry,moderate,moderate,moderate,brown,44.8,14.0,41.2,2.0
14177072,40772912,Saffell,Ultisols,5.0,sandy-loam,good,dry,moderate,moderate,moderate,red,67.9,12.5,19.6,1.5
14177073,40772916,Luverne,Ultisols,4.6,sandy-loam,good,dry,low,moderate,moderate,red,67.0,13.5,19.5,0.75
14177074,40772920,Savannah,Ultisols,4.6,sandy-loam,moderate,moderate,moderate,moderate,moderate,red,68.9,9.5,21.6,1.75
14177075,40772923,Bibb,Entisols,4.6,loamy,poor,wet,moderate,moderate,high,brown,46.0,10.0,44.0,2.0
14177076,40772925,Luverne,Ultisols,4.6,sandy,good,dry,low,moderate,moderate,red,70.1,13.5,16.4,0.75
14177077,40772929,Luverne,Ultisols,4.6,sandy,good,dry,low,moderate,moderate,red,70.1,13.5,16.4,0.75
14177078,40772933,Mantachie,Inceptisols,5.0,loamy,poor,wet,moderate,moderate,high,brown,44.8,14.0,41.2,2.0
14177079,40772935,Smithdale,Ultisols,5.0,sandy-loam,good,dry,low,moderate,moderate,red,68.0,8.5,23.5,1.25
14177080,40772939,Smithdale,Ultisols,5.0,sandy-loam,good,dry,low,moderate,moderate,red,68.0,8.5,23.5,1.25
14177081,40772941,Mooreville,Inceptisols,5.0,loamy,moderate,moderate,low,moderate,moderate,brown,43.8,16.0,40.2,1.25
14177082,40772945,Smithdale,Ultisols,5.0,sandy-loam,good,dry,low,moderate,moderate,red,68.0,8.5,23.5,1.25
14177083,40772947,Pikeville,Ultisols,5.0,sandy-loam,good,dry,low,unknown,moderate,red,66.3,10.5,23.2,1.25
14177084,40772951,Pruitton,Inceptisols,5.3,silty,good,dry,moderate,unknown,high,dark brown,27.0,19.0,54.0,3.0
14177085,40772954,Cahaba,Ultisols,5.3,sandy,good,dry,low,moderate,moderate,red,71.3,12.0,16.7,1.25
14177086,40772957,Savannah,Ultisols,4.6,sandy-loam,moderate,moderate,moderate,moderate,moderate,red,68.9,9.5,21.6,1.75
14177087,40772960,Ochlockonee,Entisols,5.5,sandy-loam,good,dry,low,moderate,moderate,brown,68.1,10.5,21.4,1.25
14177088,40772963,Mantachie,Inceptisols,5.0,loamy,poor,wet,moderate,moderate,high,brown,44.8,14.0,41.2,2.0
14177089,40772965,Stough,Ultisols,5.0,loamy,poor,wet,moderate,moderate,moderate,red,45.6,11.0,43.4,2.5
14177090,40772968,Chenneby,Inceptisols,5.3,silty,poor,wet,moderate,moderate,moderate,brown,11.6,19.5,68.9,1.75
14177091,40772971,Ochlockonee,Entisols,5.5,sandy-loam,good,dry,low,moderate,moderate,brown,68.1,10.5,21.4,1.25
14177092,40772975,Bibb,Entisols,4.6,sandy-loam,poor,wet,moderate,compacted,moderate,brown,66.9,10.0,23.1,2.0
14177093,40772976,Savannah,Ultisols,4.6,sandy-loam,moderate,moderate,moderate,moderate,moderate,red,68.9,9.5,21.6,1.75
14177094,40772979,Cahaba,Ultisols,5.3,sandy,good,dry,low,moderate,moderate,red,71.3,12.0,16.7,1.25
14177095,40772982,Mantachie,Inceptisols,5.0,sandy-loam,poor,wet,moderate,moderate,high,brown,69.6,14.0,16.4,2.0
14177096,40772984,Smithdale,Ultisols,5.0,sandy-loam,good,dry,low,moderate,moderate,red,68.0,8.5,23.5,1.25
14177097,40772987,Gorgas,Ultisols,5.5,sandy-loam,good,dry,low,compacted,low,red,67.9,12.5,19.6,1.25
14177098,40772990,Chenneby,Inceptisols,5.3,silty,poor,wet,moderate,moderate,moderate,brown,11.6,19.5,68.9,1.75
14177099,40772993,Allen,Ultisols,5.0,sandy-loam,good,dry,moderate,moderate,moderate,red,68.4,15.5,16.1,1.75
14177100,40772996,Taft,Ultisols,5.0,silty,poor,wet,moderate,moderate,high,red,13.6,17.5,68.9,3.5
14177101,40773000,Linker,Ultisols,4.6,sandy,good,dry,moderate,moderate,moderate,red,70.9,12.5,16.6,1.75
14177102,40773006,Chisca,Alfisols,4.6,silty,good,dry,moderate,moderate,high,brown,20.9,24.5,54.6,2.0
14177103,40773010,Chenneby,Inceptisols,5.3,loamy,poor,wet,low,moderate,moderate,brown,37.6,19.5,42.9,1.25
14177104,40773013,Wynnville,Ultisols,4.6,silty,moderate,moderate,low,moderate,high,red,30.5,13.5,56.0,1.25
14177105,40773018,Gorgas,Ultisols,5.5,sandy,good,dry,low,compacted,moderate,red,70.9,12.5,16.6,1.25
14177106,40773021,Colbert,Alfisols,5.5,silty,moderate,moderate,low,moderate,high,brown,17.5,33.5,49.0,1.25
14177107,40773029,Nectar,Ultisols,5.6,sandy,good,dry,low,moderate,moderate,red,71.3,12.0,16.7,1.25
14177108,40773031,Chisca,Alfisols,4.6,loamy,good,dry,moderate,moderate,moderate,brown,44.8,14.0,41.2,2.0
14177109,40773036,Colbert,Alfisols,5.5,silty,moderate,moderate,low,moderate,high,brown,29.7,16.0,54.3,1.25
14177110,40773041,Allen,Ultisols,5.0,sandy-loam,good,dry,moderate,moderate,moderate,red,68.4,15.5,16.1,1.75
14177111,40773044,Wynnville,Ultisols,4.6,silty,moderate,moderate,low,moderate,high,red,30.5,13.5,56.0,1.25
14177112,40773049,Linker,Ultisols,4.6,sandy,good,dry,moderate,moderate,moderate,red,70.9,12.5,16.6,1.75
14177113,40773055,Gorgas,Ultisols,5.5,sandy-loam,good,dry,low,compacted,low,red,67.9,12.5,19.6,1.25
14177114,40773058,Hanceville,Ultisols,5.5,loamy,good,dry,low,moderate,moderate,red,42.4,19.5,38.1,1.25
14177115,40773061,Hanceville,Ultisols,5.5,sandy-loam,good,dry,low,moderate,moderate,red,66.5,19.5,14.0,1.25
14177116,40773065,Nauvoo,Ultisols,5.3,sandy-loam,good,dry,low,moderate,moderate,red,68.1,17.5,14.4,1.25
14177117,40773070,Gorgas,Ultisols,5.5,sandy,good,dry,low,compacted,moderate,red,70.9,12.5,16.6,1.25
14177118,40773072,Linker,Ultisols,4.6,sandy,good,dry,moderate,moderate,moderate,red,70.9,12.5,16.6,1.75
14177119,40773077,Congaree,Entisols,5.9,sandy-loam,good,dry,moderate,moderate,moderate,brown,68.5,10.0,21.5,2.0
14177120,40773080,Minvale,Ultisols,5.0,loamy,good,dry,low,moderate,moderate,red,39.8,22.5,37.7,1.25
14177121,40773083,Nella,Ultisols,5.0,sandy-loam,good,dry,moderate,moderate,moderate,red,67.3,18.5,14.2,1.75
14177122,40773086,Allen,Ultisols,5.0,loamy,good,dry,moderate,moderate,moderate,red,44.0,15.5,40.5,1.75
14177123,40773089,Decatur,Ultisols,5.3,silty,good,dry,low,moderate,moderate,red,17.5,33.5,49.0,1.25
14177124,40773092,Minvale,Ultisols,5.0,loamy,good,dry,low,moderate,moderate,red,39.8,22.5,37.7,1.25
14177125,40773095,Fullerton,Ultisols,5.0,silty,good,dry,low,moderate,moderate,red,26.3,21.0,52.7,1.25
14177126,40773098,Lobelville,Inceptisols,5.3,silty,moderate,moderate,moderate,moderate,moderate,brown,27.1,18.5,54.4,2.0
14177127,40773101,Decatur,Ultisols,5.3,loamy,good,dry,low,moderate,high,red,41.6,21.0,37.4,1.25
14177128,40773104,Tupelo,Alfisols,5.8,silty,poor,wet,moderate,moderate,high,brown,22.4,22.5,55.1,2.0
14177129,40773107,Decatur,Ultisols,5.3,silty,good,dry,low,moderate,moderate,red,17.5,33.5,49.0,1.25
14177130,40773110,Chenneby,Inceptisols,5.3,silty,poor,wet,moderate,moderate,moderate,brown,11.6,19.5,68.9,1.75
14177131,40773113,Bodine,Ultisols,4.6,loamy,good,dry,moderate,moderate,moderate,red,44.8,14.0,41.2,1.5
14177132,40773116,Hamblen,Inceptisols,6.2,loamy,moderate,moderate,moderate,moderate,high,brown,42.1,20.0,37.9,2.0
14177133,40773119,Remlap,Ultisols,4.3,silty,good,dry,low,moderate,high,red,18.0,27.5,54.5,0.75
14177134,40773123,Ketona,Alfisols,7.3,silty,poor,wet,moderate,moderate,moderate,brown,10.6,37.5,51.9,2.5
14177135,40773125,Colbert,Alfisols,5.5,silty,moderate,moderate,low,moderate,high,brown,29.7,16.0,54.3,1.25
14177136,40773130,Colbert,Alfisols,5.5,silty,moderate,moderate,low,moderate,high,brown,17.5,33.5,49.0,1.25
14177137,40773135,Emory,Inceptisols,5.6,silty,good,dry,moderate,moderate,high,brown,6.7,27.0,66.3,2.5
14177138,40773138,Decatur,Ultisols,5.3,clay,good,dry,low,moderate,moderate,red,7.2,45.0,47.8,0.75
14177139,40773141,Decatur,Ultisols,5.3,silty,good,dry,low,moderate,moderate,red,17.5,33.5,49.0,1.25
14177140,40773144,Tupelo,Alfisols,5.8,silty,poor,wet,moderate,moderate,high,brown,22.4,22.5,55.1,2.0
14177141,40773147,Etowah,Ultisols,5.0,silty,good,dry,moderate,moderate,high,red,26.3,21.0,52.7,2.0
14177142,40773150,Chenneby,Inceptisols,5.3,silty,poor,wet,low,moderate,moderate,brown,11.6,19.5,68.9,1.25
14177143,40773153,Taft,Ultisols,5.0,silty,poor,wet,moderate,moderate,high,red,13.6,17.5,68.9,3.5
14177144,40773157,Ketona,Alfisols,7.3,silty,poor,wet,moderate,moderate,moderate,brown,18.5,37.5,44.0,2.5
14177145,40773160,Townley,Ultisols,4.6,loamy,good,dry,low,moderate,moderate,red,43.0,18.5,38.5,1.25
14177146,40773164,Montevallo,Inceptisols,5.3,silty,good,dry,low,moderate,moderate,brown,29.3,17.0,53.7,1.25
14177147,40773169,Hartsells,Ultisols,4.6,sandy-loam,good,dry,low,moderate,moderate,red,67.7,11.0,21.3,1.25
14177148,40773171,Townley,Ultisols,4.6,loamy,good,dry,low,moderate,moderate,red,43.0,18.5,38.5,1.25
14177149,40773175,Nella,Ultisols,5.0,loamy,good,dry,unknown,moderate,moderate,red,43.0,18.5,38.5,
14177150,40773178,Montevallo,Inceptisols,5.3,silty,good,dry,low,moderate,moderate,brown,29.3,17.0,53.7,1.25
14177151,40773181,Gorgas,Ultisols,5.5,sandy-loam,good,dry,low,compacted,low,red,67.9,12.5,19.6,1.25
14177152,40773184,Montevallo,Inceptisols,5.3,silty,good,dry,low,moderate,moderate,brown,29.3,17.0,53.7,1.25
14177153,40773187,Nella,Ultisols,5.0,loamy,good,dry,unknown,moderate,moderate,red,43.0,18.5,38.5,
14177154,40773190,Gorgas,Ultisols,5.5,sandy-loam,good,dry,low,compacted,low,red,67.9,12.5,19.6,1.25
14177155,40773193,Colbert,Alfisols,5.5,silty,moderate,moderate,low,moderate,high,brown,17.5,33.5,49.0,1.25
14177156,40773198,Minvale,Ultisols,5.0,loamy,good,dry,low,moderate,moderate,red,39.8,22.5,37.7,1.25
14177157,40773201,Minvale,Ultisols,5.0,silty,good,dry,low,moderate,moderate,red,22.4,22.5,55.1,1.25
14177158,40773204,Talbott,Alfisols,5.6,clay,good,dry,low,moderate,moderate,brown,17.5,41.0,41.5,0.75
14177159,40773208,Lyerly,Alfisols,5.5,silty,good,dry,low,moderate,high,brown,18.4,25.0,56.6,1.25
14177160,40773211,Shack,Ultisols,5.3,loamy,good,dry,moderate,moderate,moderate,red,43.0,18.5,38.5,1.5
14177161,40773215,Colbert,Alfisols,5.5,silty,moderate,moderate,low,moderate,high,brown,17.5,33.5,49.0,1.25
14177162,40773220,Fullerton,Ultisols,5.0,silty,good,dry,low,moderate,moderate,red,26.3,21.0,52.7,1.25
14177163,40773223,Shack,Ultisols,5.3,loamy,good,dry,moderate,moderate,moderate,red,43.0,18.5,38.5,1.5
14177164,40773227,Minvale,Ultisols,5.0,silty,good,dry,low,moderate,moderate,red,22.4,22.5,55.1,1.25
14177165,40773230,Chenneby,Inceptisols,5.3,loamy,poor,wet,moderate,moderate,moderate,brown,37.6,19.5,42.9,1.75
14177166,40773233,Lee,Inceptisols,5.5,silty,poor,wet,moderate,moderate,moderate,brown,22.4,22.5,55.1,2.0
14177167,40773236,Smithdale,Ultisols,5.0,sandy-loam,good,dry,low,moderate,moderate,red,69.7,8.5,21.8,1.25
14177168,40773239,Bodine,Ultisols,4.6,silty,good,dry,moderate,moderate,moderate,red,30.4,14.0,55.6,1.5
14177169,40773242,Dickson,Ultisols,5.0,silty,moderate,moderate,low,moderate,high,red,11.4,20.5,68.1,1.25
14177170,40773248,Lobelville,Inceptisols,5.3,silty,moderate,moderate,moderate,moderate,moderate,brown,27.1,18.5,54.4,2.0
14177171,40773249,Saffell,Ultisols,5.0,sandy,good,dry,moderate,moderate,moderate,red,70.9,12.5,16.6,1.5
14177172,40773256,Saffell,Ultisols,5.0,sandy,good,dry,moderate,moderate,moderate,red,70.9,12.5,16.6,1.5
14177173,40773257,Montevallo,Inceptisols,5.3,silty,good,dry,low,moderate,moderate,brown,29.3,17.0,53.7,1.25
14177174,40773262,Bodine,Ultisols,4.6,silty,good,dry,moderate,moderate,moderate,red,30.4,14.0,55.6,1.5
14177175,40773265,Fullerton,Ultisols,5.0,silty,good,dry,low,moderate,moderate,red,26.3,21.0,52.7,1.25
14177176,40773266,Minvale,Ultisols,5.0,silty,good,dry,low,moderate,moderate,red,22.4,22.5,55.1,1.25
14177177,40773269,Stemley,Ultisols,5.8,loamy,moderate,moderate,low,moderate,moderate,red,46.2,9.5,44.3,0.75
14177178,40773273,Minvale,Ultisols,5.0,silty,good,dry,low,moderate,moderate,red,22.4,22.5,55.1,1.25
14177179,40773277,Colbert,Alfisols,5.5,silty,moderate,moderate,low,moderate,high,brown,17.5,33.5,49.0,1.25
14177180,40773281,Allen,Ultisols,5.0,loamy,good,dry,moderate,moderate,moderate,red,44.0,15.5,40.5,1.75
14177181,40773284,Bodine,Ultisols,4.6,silty,good,dry,moderate,moderate,moderate,red,30.4,14.0,55.6,1.5
14177182,40773287,Bodine,Ultisols,4.6,silty,good,dry,moderate,moderate,moderate,red,30.4,14.0,55.6,1.5
14177183,40773290,Allen,Ultisols,5.0,loamy,good,dry,moderate,moderate,moderate,red,44.0,15.5,40.5,1.75
14177184,40773293,Montevallo,Inceptisols,5.3,silty,good,dry,low,moderate,moderate,brown,29.3,17.0,53.7,1.25
14177185,40773296,Fullerton,Ultisols,5.0,silty,good,dry,low,moderate,moderate,red,26.3,21.0,52.7,1.25
14177186,40773299,Minvale,Ultisols,5.0,silty,good,dry,low,moderate,moderate,red,22.4,22.5,55.1,1.25
14177187,40773302,Lobelville,Inceptisols,5.3,loamy,moderate,moderate,moderate,moderate,moderate,brown,43.0,18.5,38.5,2.0
14177188,40773305,Ennis,Inceptisols,5.3,loamy,good,dry,moderate,moderate,moderate,brown,43.0,18.5,38.5,2.0
14177189,40773308,Wickham,Ultisols,5.3,sandy-loam,good,dry,low,moderate,moderate,red,67.5,11.5,21.0,1.25
14177190,40773310,McQueen,Ultisols,5.1,loamy,good,dry,low,moderate,moderate,red,41.6,21.0,37.4,1.25
14177191,40773314,Toccoa,Entisols,5.8,silty,moderate,moderate,moderate,moderate,moderate,pale,32.1,12.0,55.9,1.5
14177192,40773316,Cedarbluff,Ultisols,5.6,sandy-loam,poor,wet,low,moderate,moderate,red,69.2,14.5,16.3,0.75
14177193,40773320,Chewacla,Inceptisols,5.5,silty,poor,wet,moderate,moderate,high,brown,22.4,22.5,55.1,2.5
14177194,40773325,Bomar,Ultisols,5.3,silty,moderate,moderate,low,moderate,high,red,29.7,16.0,54.3,1.25
14177195,40773329,McQueen,Ultisols,5.1,loamy,good,dry,low,moderate,moderate,red,41.6,21.0,37.4,1.25
14177196,40773333,Wickham,Ultisols,5.3,sandy-loam,good,dry,low,moderate,moderate,red,67.5,11.5,21.0,1.25
14177197,40773336,Choccolocco,Ultisols,5.3,silty,good,dry,moderate,moderate,moderate,red,13.9,16.0,70.1,2.0
14177198,40773339,Gorgas,Ultisols,5.5,sandy-loam,good,dry,low,compacted,moderate,red,67.9,12.5,19.6,1.25
14177199,40773342,Hartsells,Ultisols,4.6,sandy-loam,good,dry,low,moderate,moderate,red,67.7,11.0,21.3,1.25
14177200,40773346,Leesburg,Ultisols,5.0,sandy-loam,good,dry,low,moderate,moderate,red,65.7,11.5,22.8,1.25
14177202,40773351,Allen,Ultisols,5.0,sandy-loam,good,dry,moderate,moderate,moderate,red,68.4,15.5,16.1,1.75
14177203,40773354,Gorgas,Ultisols,5.5,sandy-loam,good,dry,low,compacted,moderate,red,67.9,12.5,19.6,1.25
14177204,40773357,Hartsells,Ultisols,4.6,sandy-loam,good,dry,low,moderate,moderate,red,67.7,11.0,21.3,1.25
14177205,40773361,Allen,Ultisols,5.0,sandy-loam,good,dry,moderate,moderate,moderate,red,68.4,15.5,16.1,1.75
14177206,40773364,Palmerdale,Entisols,4.6,loamy,good,dry,low,compacted,low,brown,43.3,17.0,39.7,0.25
14177207,40773367,Townley,Ultisols,4.6,silty,good,dry,low,moderate,moderate,red,27.1,18.5,54.4,1.25
14177208,40773370,Chewacla,Inceptisols,5.5,silty,poor,wet,moderate,moderate,high,brown,22.4,22.5,55.1,2.5
14177209,40773376,Cloudland,Ultisols,5.3,loamy,moderate,moderate,low,moderate,moderate,red,45.6,11.0,43.4,1.25
14177210,40773379,Ennis,Inceptisols,5.3,loamy,good,dry,moderate,moderate,moderate,brown,43.0,18.5,38.5,2.0
14177211,40773382,Lobelville,Inceptisols,5.3,loamy,moderate,moderate,moderate,moderate,moderate,brown,43.0,18.5,38.5,2.0
14177212,40773384,Stemley,Ultisols,5.8,loamy,moderate,moderate,low,moderate,moderate,red,46.2,9.5,44.3,0.75
14177213,40773388,Cloudland,Ultisols,5.3,loamy,moderate,moderate,low,moderate,moderate,red,45.6,11.0,43.4,1.25
14177214,40773392,Bomar,Ultisols,5.3,silty,moderate,moderate,low,moderate,high,red,29.7,16.0,54.3,1.25
14177215,40773396,Chewacla,Inceptisols,5.5,silty,poor,wet,moderate,moderate,high,brown,22.4,22.5,55.1,2.5
14177216,40773402,Ellisville,Inceptisols,5.3,silty,good,dry,moderate,unknown,moderate,brown,7.3,25.0,67.7,1.75
14177217,40773403,Cedarbluff,Ultisols,5.6,sandy-loam,poor,wet,low,moderate,moderate,red,69.2,14.5,16.3,0.75
14177218,40773409,Gaylesville,Alfisols,4.8,silty,poor,wet,low,moderate,high,brown,18.4,25.0,56.6,1.25
14177219,40773410,Cloudland,Ultisols,5.3,loamy,moderate,moderate,low,moderate,moderate,red,45.6,11.0,43.4,1.25
14177220,40773414,Holston,Ultisols,5.0,sandy-loam,good,dry,low,moderate,high,red,68.1,17.5,14.4,1.25
14177221,40773417,Leesburg,Ultisols,5.0,sandy-loam,good,dry,low,moderate,moderate,red,67.5,11.5,21.0,1.25
14177222,40773421,Holston,Ultisols,5.0,loamy,good,dry,low,moderate,high,red,43.0,17.5,39.5,1.25
14177223,40773424,Leesburg,Ultisols,5.0,sandy-loam,good,dry,low,moderate,moderate,red,67.5,11.5,21.0,1.25
14177224,40773428,Cedarbluff,Ultisols,5.6,sandy-loam,poor,wet,low,moderate,moderate,red,69.2,14.5,16.3,0.75
14177225,40773432,Leesburg,Ultisols,5.0,sandy-loam,good,dry,low,moderate,moderate,red,67.5,11.5,21.0,1.25
14177226,40773436,Leesburg,Ultisols,5.0,sandy-loam,good,dry,low,moderate,moderate,red,67.5,11.5,21.0,1.25
14177227,40773440,Allen,Ultisols,5.0,sandy-loam,good,dry,moderate,moderate,moderate,red,68.4,15.5,16.1,1.75
14177228,40773443,Dewey,Ultisols,5.0,silty,good,dry,low,moderate,moderate,red,18.2,38.5,43.3,0.75
14177229,40773447,Dewey,Ultisols,5.0,loamy,good,dry,moderate,moderate,high,red,41.1,22.0,36.9,2.0
14177230,40773451,Minvale,Ultisols,5.0,loamy,good,dry,low,moderate,moderate,red,39.8,22.5,37.7,1.25
14177231,40773454,Dewey,Ultisols,5.0,loamy,good,dry,moderate,moderate,high,red,41.1,22.0,36.9,2.0
14177232,40773459,Holston,Ultisols,5.0,loamy,good,dry,low,moderate,high,red,43.0,17.5,39.5,1.25
14177233,40773461,Holston,Ultisols,5.0,sandy-loam,good,dry,low,moderate,high,red,68.1,17.5,14.4,1.25
14177234,40773464,Minvale,Ultisols,5.0,loamy,good,dry,low,moderate,moderate,red,39.8,22.5,37.7,1.25
14177235,40773467,Allen,Ultisols,5.0,sandy-loam,good,dry,moderate,moderate,moderate,red,55.1,27.5,17.4,1.75
14177236,40773470,Fullerton,Ultisols,5.0,silty,good,dry,low,moderate,moderate,red,17.5,33.5,49.0,0.75
14177237,40773474,Dewey,Ultisols,5.0,silty,good,dry,low,moderate,moderate,red,18.2,38.5,43.3,0.75
14177238,40773477,Guthrie,Ultisols,4.6,silty,poor,wet,moderate,moderate,high,red,13.6,17.5,68.9,1.5
14177239,40773481,Minvale,Ultisols,5.0,loamy,good,dry,low,moderate,moderate,red,39.8,22.5,37.7,1.25
14177240,40773484,Chewacla,Inceptisols,5.5,silty,poor,wet,moderate,moderate,high,brown,22.4,22.5,55.1,2.5
14177241,40773489,Locust,Ultisols,5.0,loamy,moderate,moderate,low,moderate,moderate,red,45.0,13.5,41.5,0.75
14177242,40773493,Lee,Inceptisols,5.5,silty,poor,wet,moderate,moderate,moderate,brown,22.4,22.5,55.1,2.0
14177243,40773496,Minvale,Ultisols,5.0,silty,good,dry,low,moderate,moderate,red,22.4,22.5,55.1,1.25
14177244,40773499,Bodine,Ultisols,4.6,loamy,good,dry,moderate,moderate,moderate,red,44.8,14.0,41.2,1.5
14177245,40773502,Bodine,Ultisols,4.6,silty,good,dry,moderate,moderate,moderate,red,30.4,14.0,55.6,1.5
14177246,40773505,Lobelville,Inceptisols,5.3,silty,moderate,moderate,moderate,moderate,moderate,brown,27.1,18.5,54.4,2.0
14177247,40773508,Fullerton,Ultisols,5.0,silty,good,dry,low,moderate,moderate,red,17.5,33.5,49.0,0.75
14177248,40773511,Dewey,Ultisols,5.0,silty,good,dry,low,moderate,moderate,red,18.2,38.5,43.3,0.75
14177249,40773515,Leesburg,Ultisols,5.0,loamy,good,dry,low,moderate,moderate,red,45.3,11.5,43.2,1.25
14177251,40773522,Firestone,Alfisols,5.0,loamy,good,dry,moderate,moderate,moderate,brown,41.6,21.0,37.4,1.5
14177252,40773527,Chewacla,Inceptisols,5.5,silty,poor,wet,moderate,moderate,high,brown,22.4,22.5,55.1,2.5
14177253,40773532,Montevallo,Inceptisols,5.3,loamy,good,dry,low,moderate,moderate,brown,43.3,17.0,39.7,1.25
14177254,40773533,Allen,Ultisols,5.0,sandy-loam,good,dry,moderate,moderate,moderate,red,68.4,15.5,16.1,1.75
14177255,40773536,Nella,Ultisols,5.0,sandy-loam,good,dry,moderate,moderate,moderate,red,67.3,18.5,14.2,1.75
14177256,40773539,Lobelville,Inceptisols,5.3,loamy,moderate,moderate,moderate,moderate,moderate,brown,43.0,18.5,38.5,2.0
14177257,40773542,Minvale,Ultisols,5.0,loamy,good,dry,low,moderate,moderate,red,39.8,22.5,37.7,1.25
14177258,40773545,Dewey,Ultisols,5.0,loamy,good,dry,moderate,moderate,high,red,41.1,22.0,36.9,2.0
14177259,40773549,Emory,Inceptisols,5.6,silty,good,dry,moderate,moderate,high,brown,6.7,27.0,66.3,2.5
14177260,40773552,Bodine,Ultisols,4.6,loamy,good,dry,moderate,moderate,moderate,red,44.8,14.0,41.2,1.5
14177261,40773556,Minvale,Ultisols,5.0,loamy,good,dry,low,moderate,moderate,red,39.8,22.5,37.7,1.25
14177262,40773560,Dewey,Ultisols,5.0,silty,good,dry,low,moderate,moderate,red,18.2,38.5,43.3,0.75
14177263,40773562,Etowah,Ultisols,5.0,loamy,good,dry,moderate,moderate,high,red,41.6,21.0,37.4,2.0
14177264,40773565,Egam,Mollisols,6.5,silty,good,dry,moderate,moderate,high,black,18.0,27.5,54.5,3.0
14177265,40773568,Guthrie,Ultisols,4.6,silty,poor,wet,moderate,moderate,high,red,13.6,17.5,68.9,1.5
14177266,40773572,Ennis,Inceptisols,5.3,silty,good,dry,moderate,moderate,moderate,brown,27.1,18.5,54.4,2.0
14177267,40773574,Capshaw,Alfisols,5.6,silty,moderate,moderate,moderate,moderate,high,brown,26.3,21.0,52.7,2.0
14177268,40773579,Emory,Inceptisols,5.6,silty,good,dry,moderate,moderate,high,brown,6.7,27.0,66.3,2.5
14177269,40773582,Chenneby,Inceptisols,5.3,silty,poor,wet,moderate,moderate,moderate,brown,11.6,19.5,68.9,1.75
14177270,40773585,Lobelville,Inceptisols,5.3,silty,moderate,moderate,moderate,moderate,moderate,brown,27.1,18.5,54.4,2.0
14177271,40773588,Ellisville,Inceptisols,5.3,silty,good,dry,moderate,unknown,moderate,brown,6.9,25.0,68.1,1.75
14177272,40773590,Pruitton,Inceptisols,5.3,silty,good,dry,moderate,unknown,high,dark brown,27.0,19.0,54.0,3.0
14177273,40773593,Leesburg,Ultisols,5.0,sandy-loam,good,dry,low,moderate,moderate,red,65.7,11.5,22.8,1.25
14177274,40773597,Leesburg,Ultisols,5.0,sandy-loam,good,dry,low,moderate,moderate,red,65.7,11.5,22.8,1.25
14177275,40773601,Nauvoo,Ultisols,5.3,sandy-loam,good,dry,low,moderate,moderate,red,67.2,17.5,15.3,1.25
14177277,40773606,Conasauga,Alfisols,4.8,silty,moderate,moderate,moderate,moderate,high,brown,30.1,15.0,54.9,2.0
14177278,40773611,Firestone,Alfisols,5.0,silty,good,dry,moderate,moderate,moderate,brown,26.3,21.0,52.7,1.5
14177279,40773616,Gaylesville,Alfisols,4.8,silty,poor,wet,low,moderate,high,brown,18.4,25.0,56.6,1.25
14177280,40773623,Conasauga,Alfisols,4.8,silty,moderate,moderate,moderate,moderate,high,brown,30.1,15.0,54.9,2.0
14177281,40773624,Nauvoo,Ultisols,5.3,sandy-loam,good,dry,low,moderate,moderate,red,67.2,17.5,15.3,1.25
14177282,40773628,Townley,Ultisols,4.6,sandy-loam,good,dry,low,moderate,moderate,red,67.0,13.5,19.5,1.25
14177283,40773632,Firestone,Alfisols,5.0,silty,good,dry,moderate,moderate,moderate,brown,26.3,21.0,52.7,1.5
14177284,40773638,Chenneby,Inceptisols,5.3,silty,poor,wet,moderate,moderate,moderate,brown,11.6,19.5,68.9,1.75
14177285,40773640,Montevallo,Inceptisols,5.3,silty,good,dry,low,moderate,moderate,brown,29.3,17.0,53.7,1.25
14177286,40773643,Locust,Ultisols,5.0,loamy,moderate,moderate,low,moderate,moderate,red,45.0,13.5,41.5,0.75
14177287,40773647,Leesburg,Ultisols,5.0,loamy,good,dry,low,moderate,moderate,red,45.3,11.5,43.2,1.25
14177288,40773651,Firestone,Alfisols,5.0,silty,good,dry,moderate,moderate,moderate,brown,26.3,21.0,52.7,1.5
14177289,40773656,Allen,Ultisols,5.0,sandy-loam,good,dry,moderate,moderate,moderate,red,68.4,15.5,16.1,1.75
14177290,40773659,Montevallo,Inceptisols,5.3,loamy,good,dry,low,moderate,moderate,brown,43.3,17.0,39.7,1.25
14177291,40773662,Herndon,Ultisols,5.5,loamy,good,dry,low,moderate,moderate,red,43.8,16.0,40.2,0.75
14177292,40773665,Conasauga,Alfisols,4.8,silty,moderate,moderate,moderate,moderate,high,brown,30.1,15.0,54.9,2.0
14177293,40773670,Chewacla,Inceptisols,5.5,silty,poor,wet,moderate,moderate,high,brown,22.4,22.5,55.1,2.5
14177294,40773675,Firestone,Alfisols,5.0,silty,good,dry,moderate,moderate,moderate,brown,26.3,21.0,52.7,1.5
14177295,40773680,Gaylesville,Alfisols,4.8,silty,poor,wet,low,moderate,high,brown,18.4,25.0,56.6,1.25
14177296,40773683,Montevallo,Inceptisols,5.3,loamy,good,dry,low,moderate,moderate,brown,43.3,17.0,39.7,1.25
14177297,40773686,Nella,Ultisols,5.0,sandy-loam,good,dry,moderate,moderate,moderate,red,66.5,18.5,15.0,1.75
14177298,40773689,Nella,Ultisols,5.0,loamy,good,dry,moderate,moderate,moderate,red,43.0,18.5,38.5,1.75
14177299,40773692,Allen,Ultisols,5.0,sandy-loam,good,dry,moderate,moderate,moderate,red,68.4,15.5,16.1,1.75
14177301,40773696,Hartsells,Ultisols,4.6,sandy-loam,good,dry,low,moderate,moderate,red,67.7,11.0,21.3,1.25
14177302,40773700,Townley,Ultisols,4.6,silty,good,dry,low,moderate,moderate,red,27.1,18.5,54.4,1.25
14177303,40773704,Allen,Ultisols,5.0,sandy-loam,good,dry,moderate,moderate,moderate,red,68.4,15.5,16.1,1.75
14177304,40773707,Hartsells,Ultisols,4.6,sandy-loam,good,dry,low,moderate,moderate,red,67.7,11.0,21.3,1.25
14177305,40773711,Gorgas,Ultisols,5.5,sandy,good,dry,low,compacted,moderate,red,70.9,12.5,16.6,1.25
14177306,40773715,Wynnville,Ultisols,4.6,sandy-loam,moderate,moderate,low,moderate,high,red,68.1,10.5,21.4,1.25
14177307,40773719,Chenneby,Inceptisols,5.3,silty,poor,wet,low,moderate,moderate,brown,11.6,19.5,68.9,1.25
14177308,40773722,Wynnville,Ultisols,4.6,sandy-loam,moderate,moderate,low,moderate,high,red,68.1,10.5,21.4,1.25
14177309,40773730,Albertville,Ultisols,5.0,sandy,good,dry,low,moderate,moderate,red,70.1,13.5,16.4,1.25
14177310,40773731,Chenneby,Inceptisols,5.3,loamy,poor,wet,moderate,moderate,moderate,brown,37.6,19.5,42.9,1.75
14177311,40773734,Hartsells,Ultisols,4.6,sandy-loam,good,dry,low,moderate,moderate,red,67.7,11.0,21.3,1.25
14177312,40773739,Gorgas,Ultisols,5.5,sandy,good,dry,low,compacted,moderate,red,70.9,12.5,16.6,1.25
14177313,40773741,Albertville,Ultisols,5.0,sandy,good,dry,low,moderate,moderate,red,70.1,13.5,16.4,1.25
14177314,40773745,Minvale,Ultisols,5.0,silty,good,dry,low,moderate,high,red,22.4,22.5,55.1,1.25
14177315,40773748,Decatur,Ultisols,5.3,loamy,good,dry,low,moderate,high,red,41.6,21.0,37.4,1.25
14177316,40773751,Taft,Ultisols,5.0,silty,poor,wet,moderate,moderate,high,red,13.6,17.5,68.9,3.5
14177317,40773755,Wehadkee,Inceptisols,5.5,silty,poor,wet,moderate,moderate,high,dark brown,21.9,23.0,55.1,3.5
14177318,40773758,Stemley,Ultisols,5.8,loamy,moderate,moderate,low,moderate,moderate,red,46.2,9.5,44.3,0.75
14177319,40773762,Minvale,Ultisols,5.0,silty,good,dry,low,moderate,high,red,22.4,22.5,55.1,1.25
14177320,40773765,Ennis,Inceptisols,5.3,silty,good,dry,moderate,moderate,moderate,brown,27.1,18.5,54.4,2.0
14177321,40773767,Lobelville,Inceptisols,5.3,silty,moderate,moderate,moderate,moderate,moderate,brown,27.1,18.5,54.4,2.0
14177322,40773770,Decatur,Ultisols,5.3,loamy,good,dry,low,moderate,high,red,41.6,21.0,37.4,1.25
14177323,40773773,Fullerton,Ultisols,5.0,silty,good,dry,low,moderate,moderate,red,26.3,21.0,52.7,1.25
14177324,40773776,Fullerton,Ultisols,5.0,silty,good,dry,low,moderate,moderate,red,26.3,21.0,52.7,1.25
14177325,40773779,Gorgas,Ultisols,5.5,sandy,good,dry,low,compacted,moderate,red,70.9,12.5,16.6,1.25
14177326,40773782,Hartsells,Ultisols,4.6,sandy-loam,good,dry,low,moderate,moderate,red,67.7,11.0,21.3,1.25
14177327,40773789,Nectar,Ultisols,5.6,silty,good,dry,low,moderate,high,red,29.7,16.0,54.3,1.25
14177329,40773792,Allen,Ultisols,5.0,loamy,good,dry,moderate,moderate,moderate,red,44.0,15.5,40.5,1.75
14177331,40773796,Decatur,Ultisols,5.3,silty,good,dry,low,moderate,moderate,red,17.5,33.5,49.0,1.25
14177332,40773799,Barfield,Mollisols,7.0,clay,good,dry,moderate,moderate,moderate,black,7.2,45.0,47.8,3.0
14177333,40773802,Remlap,Ultisols,4.3,silty,good,dry,low,moderate,high,red,18.0,27.5,54.5,0.75
14177334,40773805,Tupelo,Alfisols,5.8,silty,poor,wet,moderate,moderate,high,brown,22.4,22.5,55.1,2.0
14177335,40773808,Remlap,Ultisols,4.3,silty,good,dry,low,moderate,high,red,18.0,27.5,54.5,0.75
14177336,40773811,Remlap,Ultisols,4.3,silty,good,dry,low,moderate,high,red,18.0,27.5,54.5,0.75
14177337,40773814,Wehadkee,Inceptisols,5.5,silty,poor,wet,moderate,moderate,high,dark brown,21.9,23.0,55.1,3.5
14177338,40773817,Barfield,Mollisols,7.0,clay,good,dry,moderate,moderate,moderate,black,7.2,45.0,47.8,3.0
14177339,40773820,Allen,Ultisols,5.0,sandy-loam,good,dry,moderate,moderate,moderate,red,68.4,15.5,16.1,1.75
14177340,40773823,Bodine,Ultisols,4.6,silty,good,dry,moderate,moderate,moderate,red,30.4,14.0,55.6,1.5
14177341,40773826,Townley,Ultisols,4.6,silty,good,dry,low,moderate,moderate,red,27.1,18.5,54.4,1.25
14177342,40773830,Bodine,Ultisols,4.6,silty,good,dry,moderate,moderate,moderate,red,30.4,14.0,55.6,1.5
14177343,40773833,Palmerdale,Entisols,4.6,silty,good,dry,low,compacted,low,brown,22.4,22.5,55.1,0.25
14177344,40773835,Wax,Ultisols,5.3,loamy,moderate,moderate,moderate,moderate,moderate,red,42.4,19.5,38.1,2.0
14177345,40773838,Minvale,Ultisols,5.0,loamy,good,dry,low,moderate,moderate,red,39.8,22.5,37.7,1.25
14177346,40773841,Quitman,Ultisols,5.0,silty,poor,wet,moderate,moderate,high,red,32.9,10.0,57.1,2.0
14177347,40773844,Dewey,Ultisols,5.0,loamy,good,dry,moderate,moderate,high,red,41.1,22.0,36.9,2.0
14177348,40773848,Minvale,Ultisols,5.0,silty,good,dry,low,moderate,high,red,22.4,22.5,55.1,1.25
14177349,40773851,Cane,Ultisols,6.1,loamy,moderate,moderate,low,moderate,moderate,red,45.7,12.5,41.8,0.75
14177350,40773854,Mooreville,Inceptisols,5.0,silty,moderate,moderate,low,moderate,moderate,brown,29.7,16.0,54.3,1.25
14177351,40773859,Barfield,Mollisols,7.0,silty,good,dry,moderate,compacted,moderate,black,19.0,36.0,45.0,1.75
14177352,40773860,Allen,Ultisols,5.0,loamy,good,dry,moderate,moderate,moderate,red,44.0,15.5,40.5,1.75
14177353,40773863,Minvale,Ultisols,5.0,loamy,good,dry,low,moderate,moderate,red,39.8,22.5,37.7,1.25
14177354,40773866,Townley,Ultisols,4.6,silty,good,dry,low,moderate,moderate,red,19.0,36.0,45.0,1.25
14177355,40773870,Fullerton,Ultisols,5.0,silty,good,dry,low,moderate,moderate,red,26.3,21.0,52.7,1.25
14177356,40773873,Dewey,Ultisols,5.0,loamy,good,dry,moderate,moderate,high,red,41.1,22.0,36.9,2.0
14177357,40773877,Sullivan,Inceptisols,6.2,silty,good,dry,moderate,moderate,moderate,brown,26.1,21.5,52.4,2.0
14177358,40773882,Nectar,Ultisols,5.6,silty,good,dry,low,moderate,high,red,29.7,16.0,54.3,1.25
14177359,40773884,Albertville,Ultisols,5.0,silty,good,dry,low,moderate,high,red,29.5,16.5,54.0,1.25
14177360,40773888,Nectar,Ultisols,5.6,silty,good,dry,low,moderate,high,red,29.7,16.0,54.3,1.25
14177361,40773893,Nauvoo,Ultisols,5.3,sandy-loam,good,dry,low,moderate,moderate,red,68.1,17.5,14.4,1.25
14177362,40773899,Montevallo,Inceptisols,5.3,silty,good,dry,low,moderate,moderate,brown,29.3,17.0,53.7,1.25
14177364,40773901,Townley,Ultisols,4.6,silty,good,dry,low,moderate,moderate,red,19.0,36.0,45.0,1.25
14177365,40773905,Nauvoo,Ultisols,5.3,sandy-loam,good,dry,low,moderate,moderate,red,68.1,17.5,14.4,1.25
14177366,40773909,Nectar,Ultisols,5.6,silty,good,dry,low,moderate,high,red,29.7,16.0,54.3,1.25
14177367,40773914,Nauvoo,Ultisols,5.3,sandy-loam,good,dry,low,moderate,moderate,red,68.1,17.5,14.4,1.25
14177368,40773918,Montevallo,Inceptisols,5.3,silty,good,dry,low,moderate,moderate,brown,29.3,17.0,53.7,1.25
14177369,40773921,Albertville,Ultisols,5.0,silty,good,dry,low,moderate,high,red,29.5,16.5,54.0,1.25
14177370,40773927,Townley,Ultisols,4.6,silty,good,dry,low,moderate,moderate,red,19.0,36.0,45.0,1.25
14177371,40773931,Nauvoo,Ultisols,5.3,sandy-loam,good,dry,low,moderate,moderate,red,68.1,17.5,14.4,1.25
14177372,40773933,Docena,Ultisols,5.3,silty,moderate,moderate,low,moderate,high,red,13.6,17.5,68.9,1.25
14177373,40773937,Decatur,Ultisols,5.3,silty,good,dry,low,moderate,moderate,red,17.5,33.5,49.0,1.25
14177374,40773940,Decatur,Ultisols,5.3,silty,good,dry,low,moderate,moderate,red,17.5,33.5,49.0,1.25
14177375,40773944,Chenneby,Inceptisols,5.3,silty,poor,wet,low,moderate,moderate,brown,11.6,19.5,68.9,1.25
14177376,40773947,Emory,Inceptisols,5.6,silty,good,dry,moderate,moderate,high,brown,6.7,27.5,65.8,2.5
14177377,40773949,Dickson,Ultisols,5.0,silty,moderate,moderate,low,moderate,high,red,11.4,20.5,68.1,1.25
14177378,40773953,Chenneby,Inceptisols,5.3,silty,poor,wet,moderate,moderate,moderate,brown,11.6,19.5,68.9,1.75
14177379,40773956,Decatur,Ultisols,5.3,silty,good,dry,low,moderate,high,red,26.3,21.0,52.7,1.25
14177380,40773959,Bewleyville,Ultisols,5.5,silty,good,wet,moderate,moderate,high,red,11.3,21.0,67.7,2.0
14177381,40773962,Palmerdale,Entisols,4.6,silty,good,dry,low,compacted,low,brown,22.4,22.5,55.1,0.25
14177382,40773967,Leadvale,Ultisols,5.0,silty,moderate,moderate,moderate,moderate,high,red,13.7,17.0,69.3,2.5
14177383,40773968,Montevallo,Inceptisols,5.3,silty,good,dry,low,moderate,moderate,brown,29.3,17.0,53.7,1.25
14177384,40773971,Nauvoo,Ultisols,5.3,sandy-loam,good,dry,low,moderate,moderate,red,67.2,17.5,15.3,1.25
14177385,40773975,Sunlight,Ultisols,5.0,silty,good,dry,moderate,moderate,moderate,red,27.1,18.5,54.4,1.5
14177386,40773979,Smithdale,Ultisols,5.0,sandy-loam,good,dry,low,moderate,moderate,red,68.0,8.5,23.5,1.25
14177387,40773982,Chenneby,Inceptisols,5.3,silty,poor,wet,moderate,moderate,moderate,brown,11.6,19.5,68.9,1.75
14177388,40773985,Townley,Ultisols,4.6,silty,good,dry,low,moderate,moderate,red,19.0,36.0,45.0,1.25
14177389,40773989,Townley,Ultisols,4.6,silty,good,dry,low,moderate,moderate,red,27.1,18.5,54.4,1.25
14177390,40773993,Smithdale,Ultisols,5.0,sandy-loam,good,dry,low,moderate,moderate,red,68.0,8.5,23.5,1.25
14177391,40773996,Montevallo,Inceptisols,5.3,silty,good,dry,low,moderate,moderate,brown,29.3,17.0,53.7,1.25
14177392,40773999,Allen,Ultisols,5.0,loamy,good,dry,moderate,moderate,moderate,red,44.0,15.5,40.5,1.75
14177393,40774002,Gorgas,Ultisols,5.5,sandy-loam,good,dry,low,compacted,moderate,red,67.9,12.5,19.6,1.25
14177394,40774005,Nauvoo,Ultisols,5.3,sandy-loam,good,dry,low,moderate,moderate,red,67.2,17.5,15.3,1.25
14177395,40774012,Sunlight,Ultisols,5.0,silty,good,dry,moderate,moderate,moderate,red,27.1,18.5,54.4,1.5
14177396,40774013,Townley,Ultisols,4.6,silty,good,dry,low,moderate,moderate,red,19.0,36.0,45.0,1.25
14177397,40774017,State,Ultisols,4.6,silty,good,dry,low,moderate,moderate,red,30.4,14.0,55.6,1.25
14177398,40774020,Townley,Ultisols,4.6,silty,good,dry,low,moderate,moderate,red,19.0,36.0,45.0,1.25
14177399,40774024,Townley,Ultisols,4.6,silty,good,dry,low,moderate,moderate,red,19.0,36.0,45.0,1.25
14177400,40774028,Montevallo,Inceptisols,5.3,silty,good,dry,low,moderate,moderate,brown,29.3,17.0,53.7,1.25
14177401,40774031,Palmerdale,Entisols,4.6,silty,good,dry,low,compacted,low,brown,22.4,22.5,55.1,0.25
14177402,40774034,Etowah,Ultisols,5.0,loamy,good,dry,moderate,moderate,high,red,41.6,21.0,37.4,2.0
14177403,40774036,Holston,Ultisols,5.0,loamy,good,dry,low,moderate,high,red,43.0,17.5,39.5,1.25
14177404,40774039,Allen,Ultisols,5.0,sandy-loam,good,dry,moderate,moderate,moderate,red,68.4,15.5,16.1,1.75
14177406,40774043,Nauvoo,Ultisols,5.3,sandy-loam,good,dry,low,moderate,moderate,red,68.1,17.5,14.4,1.25
14177407,40774049,Allen,Ultisols,5.0,sandy-loam,good,dry,moderate,moderate,moderate,red,68.4,15.5,16.1,1.75
14177408,40774052,Albertville,Ultisols,5.0,silty,good,dry,low,moderate,high,red,29.5,16.5,54.0,1.25
14177409,40774054,Decatur,Ultisols,5.3,silty,good,dry,low,moderate,high,red,26.3,21.0,52.7,1.25
14177410,40774058,State,Ultisols,4.6,silty,good,dry,low,moderate,moderate,red,30.4,14.0,55.6,1.25
14177411,40774060,Townley,Ultisols,4.6,silty,good,dry,low,moderate,moderate,red,27.1,18.5,54.4,1.25
14177412,40774064,Decatur,Ultisols,5.3,silty,good,dry,low,moderate,high,red,26.3,21.0,52.7,1.25
14177413,40774067,Nauvoo,Ultisols,5.3,sandy-loam,good,dry,low,moderate,moderate,red,68.1,17.5,14.4,1.25
14177414,40774071,Fullerton,Ultisols,5.0,silty,good,dry,low,moderate,moderate,red,26.3,21.0,52.7,1.25
14177415,40774074,Etowah,Ultisols,5.0,loamy,good,dry,moderate,moderate,high,red,41.6,21.0,37.4,2.0
14177416,40774077,Decatur,Ultisols,5.3,silty,good,dry,low,moderate,high,red,26.3,21.0,52.7,1.25
14177417,40774080,Ketona,Alfisols,7.3,silty,poor,wet,moderate,moderate,moderate,brown,18.5,37.5,44.0,2.5
14177418,40774083,Decatur,Ultisols,5.3,silty,good,dry,low,moderate,high,red,26.3,21.0,52.7,1.25
14177419,40774086,Tupelo,Alfisols,5.8,silty,poor,wet,moderate,moderate,high,brown,22.4,22.5,55.1,2.0
14177420,40774089,Sullivan,Inceptisols,6.2,silty,good,dry,moderate,moderate,moderate,brown,26.1,21.5,52.4,2.0
14177421,40774093,Tupelo,Alfisols,5.8,silty,poor,wet,moderate,moderate,high,brown,22.4,22.5,55.1,2.0
14177422,40774094,Etowah,Ultisols,5.0,loamy,good,dry,moderate,moderate,high,red,41.6,21.0,37.4,2.0
14177424,40774098,Ketona,Alfisols,7.3,silty,poor,wet,moderate,moderate,moderate,brown,18.5,37.5,44.0,2.5
14177425,40774101,Decatur,Ultisols,5.3,silty,good,dry,low,moderate,high,red,26.3,21.0,52.7,1.25
14177426,40774104,Sullivan,Inceptisols,6.2,silty,good,dry,moderate,moderate,moderate,brown,26.1,21.5,52.4,2.0
14177427,40774106,Birmingham,Alfisols,5.5,loamy,good,dry,low,moderate,moderate,brown,43.0,18.5,38.5,1.25
14177428,40774110,Tupelo,Alfisols,5.8,silty,poor,wet,moderate,moderate,high,brown,22.4,22.5,55.1,2.0
14177429,40774113,Fullerton,Ultisols,5.0,silty,good,dry,low,moderate,moderate,red,26.3,21.0,52.7,1.25
14177430,40774116,Decatur,Ultisols,5.3,silty,good,dry,low,moderate,high,red,26.3,21.0,52.7,1.25
14177431,40774119,Gorgas,Ultisols,5.5,sandy-loam,good,dry,low,compacted,moderate,red,67.9,12.5,19.6,1.25
14177432,40774122,Bodine,Ultisols,4.6,silty,good,dry,moderate,moderate,moderate,red,30.4,14.0,55.6,1.5
14177433,40774125,Allen,Ultisols,5.0,sandy-loam,good,dry,moderate,moderate,moderate,red,68.4,15.5,16.1,1.75
14177434,40774128,Leesburg,Ultisols,5.0,sandy-loam,good,dry,low,moderate,moderate,red,65.7,11.5,22.8,1.25
14177435,40774132,Allen,Ultisols,5.0,sandy-loam,good,dry,moderate,moderate,moderate,red,68.4,15.5,16.1,1.75
14177436,40774135,Montevallo,Inceptisols,5.3,silty,good,dry,low,moderate,moderate,brown,29.3,17.0,53.7,1.25
14177437,40774138,Townley,Ultisols,4.6,silty,good,dry,low,moderate,moderate,red,27.1,18.5,54.4,1.25
14177438,40774142,Sullivan,Inceptisols,6.2,silty,good,dry,moderate,moderate,moderate,brown,26.1,21.5,52.4,2.0
14177439,40774144,Gorgas,Ultisols,5.5,sandy-loam,good,dry,low,compacted,moderate,red,67.9,12.5,19.6,1.25
14177440,40774147,Nauvoo,Ultisols,5.3,sandy-loam,good,dry,low,moderate,moderate,red,68.1,17.5,14.4,1.25
14177441,40774151,Holston,Ultisols,5.0,loamy,good,dry,low,moderate,high,red,43.0,17.5,39.5,1.25
14177442,40774154,Ketona,Alfisols,7.3,silty,poor,wet,moderate,moderate,moderate,brown,10.6,37.5,51.9,2.5
14177443,40774158,Sullivan,Inceptisols,6.2,silty,good,dry,moderate,moderate,moderate,brown,26.1,21.5,52.4,2.0
14177444,40774160,Nauvoo,Ultisols,5.3,sandy-loam,good,dry,low,moderate,moderate,red,68.1,17.5,14.4,1.25
14177445,40774163,Decatur,Ultisols,5.3,silty,good,dry,low,moderate,high,red,26.3,21.0,52.7,1.25
14177446,40774168,Nauvoo,Ultisols,5.3,sandy-loam,good,dry,low,moderate,moderate,red,68.1,17.5,14.4,1.25
14177447,40774170,Bodine,Ultisols,4.6,silty,good,dry,moderate,moderate,moderate,red,30.4,14.0,55.6,1.5
14177448,40774173,Montevallo,Inceptisols,5.3,silty,good,dry,low,moderate,moderate,brown,29.3,17.0,53.7,1.25
14177449,40774176,State,Ultisols,4.6,silty,good,dry,low,moderate,moderate,red,30.4,14.0,55.6,1.25
14177450,40774179,Wynnville,Ultisols,4.6,loamy,moderate,moderate,low,moderate,high,red,45.0,13.5,41.5,1.25
14177451,40774184,Bankhead,Inceptisols,5.0,sandy-loam,good,dry,low,moderate,moderate,brown,66.9,10.0,23.1,1.25
14177452,40774187,Nauvoo,Ultisols,5.3,sandy-loam,good,dry,low,moderate,moderate,red,67.2,17.5,15.3,1.25
14177453,40774191,Townley,Ultisols,4.6,silty,good,dry,low,moderate,moderate,red,27.1,18.5,54.4,1.25
14177454,40774195,Sunlight,Ultisols,5.0,silty,good,dry,moderate,moderate,moderate,red,27.1,18.5,54.4,1.5
14177455,40774199,Wynnville,Ultisols,4.6,loamy,moderate,moderate,low,moderate,high,red,45.0,13.5,41.5,1.25
14177456,40774207,Sipsey,Ultisols,5.3,sandy,good,dry,low,moderate,moderate,red,70.5,13.0,16.5,1.25
14177457,40774208,Townley,Ultisols,4.6,silty,good,dry,low,moderate,moderate,red,27.1,18.5,54.4,1.25
14177458,40774212,Stemley,Ultisols,5.8,loamy,moderate,moderate,low,moderate,moderate,red,46.2,9.5,44.3,0.75
14177459,40774216,Minvale,Ultisols,5.0,loamy,good,dry,low,moderate,moderate,red,39.8,22.5,37.7,1.25
14177460,40774221,Townley,Ultisols,4.6,silty,good,dry,low,moderate,moderate,red,27.1,18.5,54.4,1.25
14177461,40774225,Bodine,Ultisols,4.6,silty,good,dry,moderate,moderate,moderate,red,30.4,14.0,55.6,1.5
14177462,40774226,Chisca,Alfisols,4.6,silty,good,dry,moderate,moderate,high,brown,20.9,24.5,54.6,2.0
14177463,40774231,Fullerton,Ultisols,5.0,silty,good,dry,low,moderate,moderate,red,26.3,21.0,52.7,1.25
14177464,40774234,Decatur,Ultisols,5.3,silty,good,dry,low,moderate,high,red,26.3,21.0,52.7,1.25
14177465,40774237,Dickson,Ultisols,5.0,silty,moderate,moderate,low,moderate,high,red,11.4,20.5,68.1,1.25
14177466,40774241,Chenneby,Inceptisols,5.3,silty,poor,wet,low,moderate,moderate,brown,11.6,19.5,68.9,1.25
14177467,40774244,Chenneby,Inceptisols,5.3,silty,poor,wet,moderate,moderate,moderate,brown,11.6,19.5,68.9,1.75
14177468,40774247,Decatur,Ultisols,5.3,silty,good,dry,low,moderate,moderate,red,17.5,33.5,49.0,1.25
14177469,40774250,Fullerton,Ultisols,5.0,silty,good,dry,low,moderate,moderate,red,26.3,21.0,52.7,1.25
14177470,40774253,Emory,Inceptisols,5.6,silty,good,dry,moderate,moderate,high,brown,6.7,27.5,65.8,2.5
14177471,40774256,Bewleyville,Ultisols,5.5,silty,good,wet,moderate,moderate,high,red,11.3,21.0,67.7,2.0
14177472,40774259,Bewleyville,Ultisols,5.5,silty,good,wet,moderate,moderate,high,red,11.3,21.0,67.7,2.0
14177473,40774262,Cane,Ultisols,6.1,sandy,moderate,moderate,low,moderate,moderate,red,70.9,12.5,16.6,0.75
14177474,40774265,Townley,Ultisols,4.6,silty,good,dry,low,moderate,moderate,red,27.1,18.5,54.4,1.25
14177475,40774269,Dewey,Ultisols,5.0,silty,good,dry,moderate,moderate,high,red,26.0,22.0,52.0,2.0
14177476,40774273,Minvale,Ultisols,5.0,loamy,good,dry,low,moderate,moderate,red,39.8,22.5,37.7,1.25
14177477,40774276,Allen,Ultisols,5.0,sandy-loam,good,dry,moderate,moderate,moderate,red,68.4,15.5,16.1,1.75
14177478,40774279,Nella,Ultisols,5.0,sandy-loam,good,dry,moderate,moderate,moderate,red,66.5,18.5,15.0,1.75
14177479,40774282,Minvale,Ultisols,5.0,loamy,good,dry,low,moderate,moderate,red,39.8,22.5,37.7,1.25
14177480,40774285,Minvale,Ultisols,5.0,loamy,good,dry,low,moderate,moderate,red,39.8,22.5,37.7,1.25
14177481,40774288,Allen,Ultisols,5.0,sandy-loam,good,dry,moderate,moderate,moderate,red,68.4,15.5,16.1,1.75
14177482,40774291,Nella,Ultisols,5.0,loamy,good,dry,moderate,moderate,moderate,red,43.0,18.5,38.5,1.75
14177484,40774295,Nauvoo,Ultisols,5.3,sandy-loam,good,dry,low,moderate,moderate,red,67.2,17.5,15.3,1.25
14177485,40774299,Nauvoo,Ultisols,5.3,sandy-loam,good,dry,low,moderate,moderate,red,68.1,17.5,14.4,1.25
14177486,40774303,Bodine,Ultisols,4.6,silty,good,dry,moderate,moderate,moderate,red,30.4,14.0,55.6,1.5
14177487,40774306,Allen,Ultisols,5.0,sandy-loam,good,dry,moderate,moderate,moderate,red,68.4,15.5,16.1,1.75
14177488,40774309,Dewey,Ultisols,5.0,silty,good,dry,low,moderate,moderate,red,18.2,38.5,43.3,0.75
14177489,40774313,Fullerton,Ultisols,5.0,silty,good,dry,low,moderate,moderate,red,26.3,21.0,52.7,1.25
14177490,40774316,Townley,Ultisols,4.6,silty,good,dry,low,moderate,moderate,red,27.1,18.5,54.4,1.25
14177491,40774320,Ketona,Alfisols,7.3,silty,poor,wet,moderate,moderate,moderate,brown,10.6,37.5,51.9,2.5
14177492,40774323,Sullivan,Inceptisols,6.2,silty,good,dry,moderate,moderate,moderate,brown,26.1,21.5,52.4,2.0
14177493,40774325,Cloudland,Ultisols,5.3,loamy,moderate,moderate,low,moderate,moderate,red,45.6,11.0,43.4,1.25
14177494,40774329,Gaylesville,Alfisols,4.8,silty,poor,wet,low,moderate,high,brown,20.5,25.0,54.5,1.25
14177495,40774332,Chewacla,Inceptisols,5.5,silty,poor,wet,moderate,moderate,high,brown,22.4,22.5,55.1,2.5
14177496,40774337,Waynesboro,Ultisols,5.0,silty,good,dry,low,moderate,high,red,22.4,22.5,55.1,1.25
14177497,40774343,Leesburg,Ultisols,5.0,sandy-loam,good,dry,low,moderate,moderate,red,65.7,11.5,22.8,1.25
14177498,40774344,Waynesboro,Ultisols,5.0,silty,good,dry,low,moderate,high,red,22.4,22.5,55.1,1.25
14177499,40774347,Cedarbluff,Ultisols,5.6,sandy-loam,poor,wet,low,moderate,moderate,red,69.2,14.5,16.3,0.75
14177500,40774351,Holston,Ultisols,5.0,sandy-loam,good,dry,low,moderate,high,red,68.1,17.5,14.4,1.25
14177501,40774355,Leesburg,Ultisols,5.0,sandy-loam,good,dry,low,moderate,moderate,red,65.7,11.5,22.8,1.25
14177502,40774358,Docena,Ultisols,5.3,silty,moderate,moderate,low,moderate,high,red,13.6,17.5,68.9,1.25
14177503,40774362,Ketona,Alfisols,7.3,silty,poor,wet,moderate,moderate,moderate,brown,18.5,37.5,44.0,2.5
14177504,40774365,Ketona,Alfisols,7.3,silty,poor,wet,moderate,moderate,moderate,brown,10.6,37.5,51.9,2.5
14177505,40774368,Chenneby,Inceptisols,5.3,silty,poor,wet,low,moderate,moderate,brown,11.6,19.5,68.9,1.25
14177506,40774371,Wehadkee,Inceptisols,5.5,silty,poor,wet,moderate,moderate,high,dark brown,21.9,23.0,55.1,3.5
14177507,40774374,Chenneby,Inceptisols,5.3,silty,poor,wet,moderate,moderate,moderate,brown,11.6,19.5,68.9,1.75
14177508,40774378,Leesburg,Ultisols,5.0,sandy-loam,good,dry,low,moderate,moderate,red,67.5,11.5,21.0,1.25
14177509,40774381,Ketona,Alfisols,7.3,silty,poor,wet,moderate,moderate,moderate,brown,10.6,37.5,51.9,2.5
14177510,40774384,Leesburg,Ultisols,5.0,sandy-loam,good,dry,low,moderate,moderate,red,67.5,11.5,21.0,1.25
14177511,40774388,Docena,Ultisols,5.3,silty,moderate,moderate,low,moderate,high,red,13.6,17.5,68.9,1.25
14177512,40774392,Georgeville,Ultisols,5.3,silty,good,dry,low,moderate,moderate,red,29.7,16.0,54.3,1.25
14177513,40774396,Decatur,Ultisols,5.3,silty,good,dry,low,moderate,moderate,red,17.5,33.5,49.0,1.25
14177514,40774399,Chenneby,Inceptisols,5.3,silty,poor,wet,low,moderate,moderate,brown,11.6,19.5,68.9,1.25
14177515,40774404,Ketona,Alfisols,7.3,silty,poor,wet,moderate,moderate,moderate,brown,10.6,37.5,51.9,2.5
14177516,40774405,Fullerton,Ultisols,5.0,silty,good,dry,low,moderate,moderate,red,26.3,21.0,52.7,1.25
14177517,40774408,Anniston,Ultisols,5.0,loamy,good,dry,low,unknown,high,red,43.0,18.5,38.5,0.75
14177518,40774410,Decatur,Ultisols,5.3,loamy,good,dry,low,moderate,high,red,41.6,21.0,37.4,1.25
14177519,40774413,Allen,Ultisols,5.0,sandy-loam,good,dry,moderate,moderate,moderate,red,68.4,15.5,16.1,1.75
14177520,40774416,Allen,Ultisols,5.0,sandy-loam,good,dry,moderate,moderate,moderate,red,68.4,15.5,16.1,1.75
14177521,40774419,Wehadkee,Inceptisols,5.5,silty,poor,wet,moderate,moderate,high,dark brown,21.9,23.0,55.1,3.5
14177522,40774423,Dewey,Ultisols,5.0,silty,good,dry,low,moderate,moderate,red,18.2,38.5,43.3,0.75
14177523,40774426,Anniston,Ultisols,5.0,loamy,good,dry,low,unknown,high,red,43.0,18.5,38.5,0.75
14177524,40774428,Ketona,Alfisols,7.3,silty,poor,wet,moderate,moderate,moderate,brown,10.6,37.5,51.9,2.5
14177525,40774431,Guthrie,Ultisols,4.6,silty,poor,wet,moderate,moderate,high,red,13.6,17.5,68.9,1.5
14177526,40774435,Taft,Ultisols,5.0,silty,poor,wet,moderate,moderate,high,red,13.6,17.5,68.9,3.5
14177527,40774439,Decatur,Ultisols,5.3,silty,good,dry,low,moderate,moderate,red,17.5,33.5,49.0,1.25
14177528,40774442,Leadvale,Ultisols,5.0,silty,moderate,moderate,moderate,moderate,high,red,13.7,17.0,69.3,2.5
14177529,40774449,Leadvale,Ultisols,5.0,silty,moderate,moderate,moderate,moderate,high,red,13.7,17.0,69.3,2.5
14177530,40774450,Chenneby,Inceptisols,5.3,silty,poor,wet,moderate,moderate,moderate,brown,11.6,19.5,68.9,1.75
14177531,40774453,Dewey,Ultisols,5.0,silty,good,dry,low,moderate,moderate,red,18.2,38.5,43.3,0.75
14177532,40774458,Bodine,Ultisols,4.6,silty,good,dry,moderate,moderate,moderate,red,30.4,14.0,55.6,1.5
14177533,40774461,Fullerton,Ultisols,5.0,silty,good,dry,low,moderate,moderate,red,26.3,21.0,52.7,1.25
14177534,40774463,Cecil,Ultisols,5.5,sandy-loam,good,dry,low,moderate,moderate,red,67.9,12.5,19.6,0.75
14177535,40774467,Wehadkee,Inceptisols,5.5,sandy-loam,poor,wet,moderate,moderate,moderate,dark brown,67.9,12.5,19.6,3.5
14177536,40774470,Wedowee,Ultisols,4.6,sandy-loam,good,dry,moderate,moderate,moderate,red,67.4,13.0,19.6,1.75
14177537,40774474,Vance,Ultisols,5.3,sandy-loam,good,dry,low,compacted,moderate,red,66.8,14.0,19.2,1.25
14177538,40774480,Pacolet,Ultisols,5.5,sandy-loam,good,dry,low,moderate,moderate,red,66.8,14.0,19.2,1.25
14177539,40774481,Madison,Ultisols,5.5,clay-loam,good,dry,low,moderate,moderate,red,33.5,30.0,36.5,1.25
14177540,40774485,Appling,Ultisols,5.5,sandy-loam,good,dry,low,moderate,moderate,red,67.2,17.5,15.3,1.25
14177541,40774489,Pacolet,Ultisols,5.5,sandy-loam,good,dry,low,moderate,low,red,66.8,14.0,19.2,1.25
14177542,40774493,Wedowee,Ultisols,4.6,sandy-loam,good,dry,moderate,moderate,moderate,red,67.4,13.0,19.6,1.75
14177543,40774497,Durham,Ultisols,5.3,sandy-loam,good,dry,low,moderate,moderate,red,67.9,12.5,19.6,1.25
14177544,40774502,Appling,Ultisols,5.5,sandy-loam,good,dry,low,moderate,moderate,red,67.2,17.5,15.3,1.25
14177545,40774506,Cecil,Ultisols,5.5,clay-loam,good,dry,low,moderate,moderate,red,34.7,27.5,37.8,0.75
14177546,40774510,Louisburg,Ultisols,5.3,sandy-loam,good,dry,low,moderate,low,red,68.0,8.5,23.5,1.25
14177547,40774513,Madison,Ultisols,5.5,clay-loam,good,dry,low,moderate,moderate,red,33.5,30.0,36.5,1.25
14177548,40774517,Chewacla,Inceptisols,5.5,sandy,poor,wet,moderate,moderate,moderate,brown,70.9,12.5,16.6,2.5
14177549,40774522,Vance,Ultisols,5.3,sandy-loam,good,dry,low,compacted,moderate,red,66.8,14.0,19.2,1.25
14177550,40774525,Cecil,Ultisols,5.5,sandy-loam,good,dry,low,moderate,moderate,red,67.9,12.5,19.6,0.75
14177551,40774532,Pacolet,Ultisols,5.5,sandy-loam,good,dry,low,moderate,moderate,red,66.8,14.0,19.2,1.25
14177552,40774535,Holston,Ultisols,5.0,sandy-loam,good,dry,low,moderate,high,red,68.1,17.5,14.4,1.25
14177553,40774536,Holston,Ultisols,5.0,sandy-loam,good,dry,low,moderate,high,red,68.1,17.5,14.4,1.25
14177554,40774539,Montevallo,Inceptisols,5.3,silty,good,dry,low,moderate,moderate,brown,29.3,17.0,53.7,1.25
14177555,40774544,Chenneby,Inceptisols,5.3,silty,poor,wet,low,moderate,moderate,brown,11.6,19.5,68.9,1.25
14177556,40774545,Chenneby,Inceptisols,5.3,silty,poor,wet,moderate,moderate,moderate,brown,11.6,19.5,68.9,1.75
14177557,40774549,Sequatchie,Ultisols,5.0,sandy-loam,good,dry,moderate,compacted,moderate,red,68.1,17.5,14.4,2.0
14177558,40774551,Ellisville,Inceptisols,5.3,silty,good,dry,moderate,unknown,moderate,brown,6.9,25.0,68.1,1.75
14177559,40774553,Sequatchie,Ultisols,5.0,sandy-loam,good,dry,moderate,compacted,moderate,red,68.1,17.5,14.4,2.0
14177560,40774556,Gwinnett,Ultisols,5.8,sandy-loam,good,dry,moderate,moderate,moderate,red,61.4,20.0,18.6,2.0
14177561,40774560,Louisburg,Ultisols,5.3,sandy-loam,good,dry,low,moderate,low,red,68.0,8.5,23.5,1.25
14177562,40774565,Buncombe,Entisols,5.5,sandy,good,dry,low,compacted,low,brown,83.5,7.5,9.0,0.75
14177563,40774566,Tallapoosa,Ultisols,4.8,silty,good,dry,low,moderate,moderate,red,29.7,16.0,54.3,0.25
14177565,40774571,Gwinnett,Ultisols,5.8,sandy-loam,good,dry,moderate,moderate,moderate,red,61.4,20.0,18.6,2.0
14177566,40774575,Cecil,Ultisols,5.5,clay-loam,good,dry,low,moderate,moderate,red,34.7,27.5,37.8,0.75
14177567,40774579,Riverview,Inceptisols,5.5,loamy,good,dry,low,moderate,high,brown,43.0,18.5,38.5,1.25
14177568,40774582,Louisburg,Ultisols,5.3,sandy-loam,good,dry,low,moderate,low,red,68.0,8.5,23.5,1.25
14177569,40774587,Tatum,Ultisols,5.0,loamy,good,dry,low,moderate,high,red,42.4,19.5,38.1,1.25
14177570,40774588,Chewacla,Inceptisols,5.5,silty,poor,wet,moderate,moderate,high,brown,22.4,22.5,55.1,2.5
14177571,40774593,Cecil,Ultisols,5.5,sandy-loam,good,dry,low,moderate,moderate,red,67.9,12.5,19.6,0.75
14177572,40774597,Cecil,Ultisols,5.5,clay-loam,good,dry,low,moderate,moderate,red,34.7,27.5,37.8,0.75
14177573,40774601,Gwinnett,Ultisols,5.8,sandy-loam,good,dry,moderate,moderate,moderate,red,65.1,20.0,14.9,2.0
14177574,40774605,Allen,Ultisols,5.0,sandy-loam,good,dry,moderate,moderate,moderate,red,68.4,15.5,16.1,1.75
14177575,40774609,Cheaha,Ultisols,5.0,sandy,good,dry,low,moderate,moderate,red,70.1,13.5,16.4,1.25
14177576,40774612,Tallapoosa,Ultisols,4.8,silty,good,dry,low,moderate,moderate,red,29.7,16.0,54.3,0.25
14177577,40774615,State,Ultisols,4.6,sandy-loam,good,dry,low,moderate,moderate,red,68.5,10.0,21.5,1.25
14177578,40774620,Tatum,Ultisols,5.0,loamy,good,dry,low,moderate,high,red,42.4,19.5,38.1,1.25
14177580,40774624,Allen,Ultisols,5.0,sandy-loam,good,dry,moderate,moderate,moderate,red,68.4,15.5,16.1,1.75
14177581,40774625,Fruithurst,Ultisols,5.0,loamy,good,dry,low,moderate,moderate,red,45.0,12.0,43.0,1.25
14177582,40774628,Fruithurst,Ultisols,5.0,loamy,good,dry,low,moderate,moderate,red,45.0,12.0,43.0,1.25
14177583,40774631,Tatum,Ultisols,5.0,loamy,good,dry,low,moderate,high,red,42.4,19.5,38.1,1.25
14177584,40774634,Louisburg,Ultisols,5.3,sandy-loam,good,dry,low,moderate,low,red,68.0,8.5,23.5,1.25
14177585,40774637,Chewacla,Inceptisols,5.5,silty,poor,wet,moderate,moderate,high,brown,22.4,22.5,55.1,2.5
14177586,40774642,Grover,Ultisols,5.5,sandy-loam,good,dry,low,moderate,moderate,red,66.0,11.0,23.0,1.25
14177587,40774645,Louisburg,Ultisols,5.3,sandy-loam,good,dry,low,moderate,low,red,68.0,8.5,23.5,1.25
14177588,40774649,Riverview,Inceptisols,5.5,loamy,good,dry,low,moderate,high,brown,43.0,18.5,38.5,1.25
14177589,40774651,Louisa,Inceptisols,5.3,sandy-loam,good,dry,low,moderate,moderate,brown,67.2,17.5,15.3,1.25
14177590,40774655,Gwinnett,Ultisols,5.8,sandy-loam,good,dry,moderate,moderate,moderate,red,61.4,20.0,18.6,2.0
14177591,40774659,Cecil,Ultisols,5.5,clay-loam,good,dry,low,moderate,moderate,red,34.7,27.5,37.8,0.75
14177592,40774663,Cecil,Ultisols,5.5,clay-loam,good,dry,low,moderate,moderate,red,34.7,27.5,37.8,0.75
14177593,40774667,Madison,Ultisols,5.5,sandy-loam,good,dry,low,moderate,moderate,red,66.9,10.0,23.1,1.25
14177594,40774671,Tatum,Ultisols,5.0,loamy,good,dry,low,moderate,high,red,42.4,19.5,38.1,1.25
14177595,40774674,Madison,Ultisols,5.5,sandy-loam,good,dry,low,moderate,moderate,red,66.9,10.0,23.1,1.25
14177596,40774678,Tatum,Ultisols,5.0,loamy,good,dry,low,moderate,high,red,42.4,19.5,38.1,1.25
14177597,40774681,Madison,Ultisols,5.5,sandy-loam,good,dry,low,moderate,moderate,red,66.9,10.0,23.1,1.25
14177598,40774685,Iuka,Entisols,5.6,silty,moderate,moderate,low,unknown,high,brown,32.7,10.5,56.8,1.25
14177599,40774688,Louisa,Inceptisols,5.3,sandy-loam,good,dry,low,moderate,moderate,brown,67.2,17.5,15.3,1.25
14177600,40774692,Louisa,Inceptisols,5.3,sandy-loam,good,dry,low,moderate,moderate,brown,67.2,17.5,15.3,1.25
14177601,40774696,State,Ultisols,4.6,sandy-loam,good,dry,low,moderate,moderate,red,68.5,10.0,21.5,1.25
14177602,40774699,Gwinnett,Ultisols,5.8,sandy-loam,good,dry,moderate,moderate,moderate,red,55.5,30.0,14.5,2.0
14177603,40774703,Davidson,Ultisols,5.5,clay-loam,good,dry,low,moderate,moderate,red,34.7,27.5,37.8,1.25
14177604,40774707,Riverview,Inceptisols,5.5,loamy,good,dry,low,moderate,high,brown,43.0,18.5,38.5,1.25
14177605,40774710,Hiwassee,Ultisols,5.5,loamy,good,dry,low,moderate,moderate,red,37.1,22.5,40.4,1.25
14177606,40774715,Taft,Ultisols,5.0,silty,poor,wet,moderate,moderate,high,red,13.6,17.5,68.9,3.5
14177607,40774717,Holston,Ultisols,5.0,sandy-loam,good,dry,low,moderate,high,red,68.1,17.5,14.4,1.25
14177608,40774720,Locust,Ultisols,5.0,silty,moderate,moderate,low,moderate,moderate,red,30.5,13.5,56.0,0.75
14177609,40774724,Waynesboro,Ultisols,5.0,sandy-loam,good,dry,low,moderate,high,red,66.1,20.0,13.9,1.25
14177610,40774727,Etowah,Ultisols,5.0,silty,good,dry,low,moderate,high,red,18.1,31.0,50.9,0.75
14177611,40774730,Decatur,Ultisols,5.3,silty,good,dry,low,moderate,moderate,red,17.5,33.5,49.0,1.25
14177612,40774733,Emory,Inceptisols,5.6,silty,good,dry,moderate,moderate,high,brown,6.7,27.5,65.8,2.5
14177613,40774736,Etowah,Ultisols,5.0,loamy,good,dry,moderate,moderate,high,red,41.6,21.0,37.4,2.0
14177614,40774741,Chenneby,Inceptisols,5.3,silty,poor,wet,low,moderate,moderate,brown,11.6,19.5,68.9,1.25
14177615,40774742,Decatur,Ultisols,5.3,silty,good,dry,low,moderate,high,red,26.3,21.0,52.7,1.25
14177616,40774745,Chenneby,Inceptisols,5.3,loamy,poor,wet,moderate,moderate,moderate,brown,37.6,19.5,42.9,1.75
14177617,40774748,Emory,Inceptisols,5.6,silty,good,dry,moderate,moderate,high,brown,6.7,27.0,66.3,2.5
14177618,40774751,Holston,Ultisols,5.0,sandy-loam,good,dry,low,moderate,high,red,68.1,17.5,14.4,1.25
14177619,40774754,Guthrie,Ultisols,4.6,silty,poor,wet,moderate,moderate,high,red,13.6,17.5,68.9,1.5
14177620,40774758,Decatur,Ultisols,5.3,silty,good,dry,low,moderate,moderate,red,17.5,33.5,49.0,1.25
14177621,40774761,Waynesboro,Ultisols,5.0,sandy-loam,good,dry,low,moderate,high,red,66.1,20.0,13.9,1.25
14177622,40774764,Cartecay,Entisols,5.8,sandy-loam,poor,wet,moderate,moderate,moderate,brown,68.8,15.0,16.2,1.5
14177623,40774767,Toccoa,Entisols,5.8,loamy,moderate,moderate,moderate,moderate,moderate,pale,45.0,12.0,43.0,1.5
14177624,40774769,Riverview,Inceptisols,5.5,loamy,good,dry,low,moderate,high,brown,43.0,18.5,38.5,1.25
14177625,40774772,Wickham,Ultisols,5.3,sandy-loam,good,dry,low,moderate,moderate,red,67.5,11.5,21.0,1.25
14177626,40774775,Wehadkee,Inceptisols,5.5,sandy,poor,wet,moderate,moderate,moderate,dark brown,70.9,12.5,16.6,3.5
14177627,40774780,Holston,Ultisols,5.0,loamy,good,dry,low,moderate,high,red,43.0,17.5,39.5,1.25
14177628,40774783,Waynesboro,Ultisols,5.0,sandy-loam,good,dry,low,moderate,high,red,66.1,20.0,13.9,1.25
14177629,40774784,Altavista,Ultisols,5.1,sandy-loam,moderate,moderate,moderate,moderate,moderate,red,68.5,17.0,14.5,1.75
14177630,40774787,Buncombe,Entisols,5.5,sandy,good,dry,low,compacted,low,brown,83.5,7.5,9.0,0.75
14177631,40774790,Wickham,Ultisols,5.3,sandy-loam,good,dry,low,moderate,moderate,red,67.5,11.5,21.0,1.25
14177632,40774793,Holston,Ultisols,5.0,loamy,good,dry,low,moderate,high,red,43.0,17.5,39.5,1.25
14177633,40774796,Chewacla,Inceptisols,5.5,silty,poor,wet,moderate,moderate,high,brown,22.4,22.5,55.1,2.5
14177634,40774801,Sylacauga,Ultisols,5.3,silty,poor,wet,low,unknown,moderate,red,14.2,13.5,72.3,1.25
14177635,40774804,Altavista,Ultisols,5.1,sandy-loam,moderate,moderate,moderate,moderate,moderate,red,68.5,17.0,14.5,1.75
14177636,40774807,Madison,Ultisols,5.5,sandy-loam,good,dry,low,moderate,moderate,red,66.9,10.0,23.1,1.25
14177637,40774811,Hiwassee,Ultisols,5.5,loamy,good,dry,low,moderate,moderate,red,37.1,22.5,40.4,1.25
14177638,40774814,Gwinnett,Ultisols,5.8,clay-loam,good,dry,moderate,moderate,moderate,red,33.5,30.0,36.5,2.0
14177639,40774818,State,Ultisols,4.6,loamy,good,dry,low,moderate,moderate,red,44.8,14.0,41.2,1.25
14177640,40774821,Sylacauga,Ultisols,5.3,loamy,poor,wet,low,unknown,moderate,red,42.9,13.5,43.6,1.25
14177641,40774824,Riverview,Inceptisols,5.5,loamy,good,dry,low,moderate,high,brown,43.0,18.5,38.5,1.25
14177642,40774827,Wilkes,Alfisols,5.8,sandy-loam,good,dry,low,moderate,moderate,brown,67.9,12.5,19.6,1.25
14177643,40774830,Gwinnett,Ultisols,5.8,sandy-loam,good,dry,moderate,moderate,moderate,red,65.1,20.0,14.9,2.0
14177644,40774834,Madison,Ultisols,5.5,clay-loam,good,dry,low,moderate,moderate,red,33.5,30.0,36.5,1.25
14177645,40774838,Chewacla,Inceptisols,5.5,sandy,poor,wet,moderate,moderate,moderate,brown,70.9,12.5,16.6,2.5
14177646,40774843,Wehadkee,Inceptisols,5.5,sandy-loam,poor,wet,moderate,moderate,moderate,dark brown,67.9,12.5,19.6,3.5
14177647,40774846,Louisburg,Ultisols,5.3,sandy-loam,good,dry,low,moderate,low,red,68.0,8.5,23.5,1.25
14177648,40774850,Wilkes,Alfisols,5.8,sandy-loam,good,dry,low,moderate,moderate,brown,67.9,12.5,19.6,1.25
14177649,40774852,Madison,Ultisols,5.5,clay-loam,good,dry,low,moderate,moderate,red,33.5,30.0,36.5,1.25
14177650,40774858,Louisburg,Ultisols,5.3,sandy-loam,good,dry,low,moderate,low,red,68.0,8.5,23.5,1.25
14177651,40774859,Cecil,Ultisols,5.5,clay-loam,good,dry,low,moderate,moderate,red,34.7,27.5,37.8,0.75
14177652,40774863,Madison,Ultisols,5.5,clay-loam,good,dry,low,moderate,moderate,red,33.5,30.0,36.5,1.25
14177653,40774867,Cecil,Ultisols,5.5,sandy-loam,good,dry,low,moderate,moderate,red,67.9,12.5,19.6,0.75
14177654,40774871,Gwinnett,Ultisols,5.8,sandy-loam,good,dry,moderate,moderate,moderate,red,65.1,20.0,14.9,2.0
14177655,40774877,Riverview,Inceptisols,5.5,silty,good,dry,low,moderate,high,brown,27.1,18.5,54.4,1.25
14177656,40774878,Louisburg,Ultisols,5.3,sandy-loam,good,dry,low,moderate,low,red,68.0,8.5,23.5,1.25
14177657,40774881,Cecil,Ultisols,5.5,clay-loam,good,dry,low,moderate,moderate,red,34.7,27.5,37.8,0.75
14177658,40774885,Tallapoosa,Ultisols,4.8,loamy,good,dry,low,moderate,moderate,red,43.8,16.0,40.2,0.25
14177659,40774889,Musella,Ultisols,5.8,loamy,good,dry,low,moderate,moderate,red,35.8,25.0,39.2,1.25
14177660,40774893,Tallapoosa,Ultisols,4.8,loamy,good,dry,low,moderate,moderate,red,43.8,16.0,40.2,0.25
14177661,40774897,Musella,Ultisols,5.8,loamy,good,dry,low,moderate,moderate,red,35.8,25.0,39.2,1.25
14177662,40774901,Allen,Ultisols,5.0,loamy,good,dry,moderate,moderate,moderate,red,44.0,15.5,40.5,1.75
14177663,40774904,Sylacauga,Ultisols,5.3,silty,poor,wet,low,unknown,moderate,red,14.2,13.5,72.3,1.25
14177664,40774907,Riverview,Inceptisols,5.5,loamy,good,dry,low,moderate,high,brown,43.0,18.5,38.5,1.25
14177665,40774910,Holston,Ultisols,5.0,loamy,good,dry,low,moderate,high,red,43.0,17.5,39.5,1.25
14177666,40774913,State,Ultisols,4.6,loamy,good,dry,low,moderate,moderate,red,44.8,14.0,41.2,1.25
14177667,40774916,Tatum,Ultisols,5.0,loamy,good,dry,low,moderate,high,red,42.4,19.5,38.1,1.25
14177668,40774919,Tallapoosa,Ultisols,4.8,silty,good,dry,low,moderate,high,red,29.7,16.0,54.3,0.75
14177669,40774923,Fruithurst,Ultisols,5.0,loamy,good,dry,low,moderate,moderate,red,45.0,12.0,43.0,1.25
14177671,40774926,Cartecay,Entisols,5.8,sandy-loam,poor,wet,moderate,moderate,moderate,brown,68.8,15.0,16.2,1.5
14177672,40774929,Madison,Ultisols,5.5,sandy-loam,good,dry,low,moderate,moderate,red,55.5,30.0,14.5,1.25
14177673,40774933,Cecil,Ultisols,5.5,clay-loam,good,dry,low,moderate,moderate,red,34.7,27.5,37.8,0.75
14177674,40774937,Buncombe,Entisols,5.5,sandy,good,dry,low,compacted,low,brown,83.5,7.5,9.0,0.75
14177675,40774940,Gwinnett,Ultisols,5.8,sandy-loam,good,dry,moderate,moderate,moderate,red,55.5,30.0,14.5,2.0
14177676,40774944,Louisburg,Ultisols,5.3,sandy-loam,good,dry,low,moderate,low,red,68.0,8.5,23.5,1.25
14177677,40774947,Pacolet,Ultisols,5.5,sandy-loam,good,dry,low,moderate,low,red,66.8,14.0,19.2,1.25
14177678,40774951,Appling,Ultisols,5.5,sandy-loam,good,dry,low,moderate,moderate,red,67.9,12.5,19.6,1.25
14177679,40774955,Gwinnett,Ultisols,5.8,sandy-loam,good,dry,moderate,moderate,moderate,red,55.5,30.0,14.5,2.0
14177680,40774959,Cecil,Ultisols,5.5,sandy-loam,good,dry,low,moderate,low,red,67.9,12.5,19.6,0.75
14177681,40774965,Pacolet,Ultisols,5.5,sandy-loam,good,dry,low,moderate,moderate,red,55.1,27.5,17.4,0.75
14177682,40774967,Appling,Ultisols,5.5,sandy-loam,good,dry,low,moderate,moderate,red,55.1,27.5,17.4,0.75
14177683,40774971,Wedowee,Ultisols,4.6,sandy-loam,good,dry,moderate,moderate,moderate,red,67.4,13.0,19.6,1.75
14177684,40774975,Wickham,Ultisols,5.3,sandy-loam,good,dry,low,moderate,moderate,red,67.5,11.5,21.0,1.25
14177685,40774978,Riverview,Inceptisols,5.5,loamy,good,dry,low,moderate,high,brown,43.0,18.5,38.5,1.25
14177686,40774982,Wedowee,Ultisols,4.6,sandy-loam,good,dry,moderate,moderate,moderate,red,57.0,25.0,18.0,1.75
14177687,40774987,Cecil,Ultisols,5.5,clay-loam,good,dry,low,moderate,moderate,red,34.7,27.5,37.8,0.75
14177688,40774989,Gwinnett,Ultisols,5.8,sandy-loam,good,dry,moderate,moderate,moderate,red,65.1,20.0,14.9,2.0
14177689,40774993,Allen,Ultisols,5.0,loamy,good,dry,moderate,moderate,moderate,red,44.0,15.5,40.5,1.75
14177690,40774997,Chewacla,Inceptisols,5.5,silty,poor,wet,moderate,moderate,high,brown,22.4,22.5,55.1,2.5
14177691,40775002,Chenneby,Inceptisols,5.3,silty,poor,wet,moderate,moderate,moderate,brown,11.6,19.5,68.9,1.75
14177692,40775004,Riverview,Inceptisols,5.5,silty,good,dry,low,moderate,high,brown,27.1,18.5,54.4,1.25
14177693,40775007,Tatum,Ultisols,5.0,loamy,good,dry,low,moderate,moderate,red,42.4,19.5,38.1,1.25
14177694,40775010,Allen,Ultisols,5.0,sandy-loam,good,dry,moderate,moderate,moderate,red,68.4,15.5,16.1,1.75
14177695,40775013,Madison,Ultisols,5.5,sandy-loam,good,dry,low,moderate,moderate,red,66.9,10.0,23.1,1.25
14177696,40775017,Iredell,Alfisols,6.2,loamy,moderate,moderate,low,moderate,moderate,brown,43.0,17.5,39.5,1.25
14177697,40775021,Bremo,Inceptisols,5.8,silty,good,dry,low,loose,moderate,brown,32.9,10.0,57.1,0.75
14177698,40775025,Toccoa,Entisols,5.8,loamy,moderate,moderate,moderate,moderate,moderate,pale,45.0,12.0,43.0,1.5
14177699,40775027,Chewacla,Inceptisols,5.5,silty,poor,wet,moderate,moderate,high,brown,22.4,22.5,55.1,2.5
14177700,40775032,Mecklenburg,Alfisols,6.5,loamy,good,dry,low,moderate,moderate,brown,43.5,16.5,40.0,1.25
14177701,40775036,Tallapoosa,Ultisols,4.8,silty,good,dry,low,moderate,moderate,red,29.7,16.0,54.3,0.25
14177702,40775040,Tatum,Ultisols,5.0,loamy,good,dry,low,moderate,moderate,red,42.4,19.5,38.1,1.25
14177703,40775043,Allen,Ultisols,5.0,sandy-loam,good,dry,moderate,moderate,moderate,red,68.4,15.5,16.1,1.75
14177704,40775046,Madison,Ultisols,5.5,sandy-loam,good,dry,low,moderate,moderate,red,67.9,12.5,19.6,1.25
14177705,40775050,Roanoke,Ultisols,4.6,silty,poor,wet,low,moderate,moderate,red,27.1,18.5,54.4,1.25
14177706,40775055,Riverview,Inceptisols,5.5,silty,good,dry,low,moderate,high,brown,27.1,18.5,54.4,1.25
14177707,40775057,Chewacla,Inceptisols,5.5,silty,poor,wet,moderate,moderate,high,brown,22.4,22.5,55.1,2.5
14177708,40775062,Altavista,Ultisols,5.1,loamy,moderate,moderate,moderate,moderate,moderate,red,43.3,17.0,39.7,1.75
14177709,40775065,Toccoa,Entisols,5.8,sandy-loam,moderate,moderate,moderate,moderate,moderate,pale,68.0,8.5,23.5,1.5
14177710,40775069,Riverview,Inceptisols,5.5,silty,good,dry,low,moderate,high,brown,27.1,18.5,54.4,1.25
14177711,40775070,State,Ultisols,4.6,loamy,good,dry,low,moderate,moderate,red,44.8,14.0,41.2,1.25
14177712,40775073,Louisa,Inceptisols,5.3,sandy-loam,good,dry,low,moderate,moderate,brown,67.2,17.5,15.3,1.25
14177713,40775077,Davidson,Ultisols,5.5,clay-loam,good,dry,low,moderate,moderate,red,34.7,27.5,37.8,1.25
14177714,40775081,Cartecay,Entisols,5.8,sandy-loam,poor,wet,moderate,moderate,moderate,brown,68.8,15.0,16.2,1.5
14177715,40775084,Davidson,Ultisols,5.5,clay-loam,good,dry,low,moderate,moderate,red,34.7,27.5,37.8,1.25
14177716,40775088,Wehadkee,Inceptisols,5.5,sandy,poor,wet,moderate,moderate,moderate,dark brown,70.9,12.5,16.6,3.5
14177717,40775091,Davidson,Ultisols,5.5,loamy,good,dry,low,moderate,moderate,red,41.6,21.0,37.4,1.25
14177718,40775095,Wilkes,Alfisols,5.8,sandy-loam,good,dry,low,moderate,moderate,brown,67.9,12.5,19.6,1.25
14177719,40775098,Wilkes,Alfisols,5.8,sandy-loam,good,dry,low,moderate,moderate,brown,67.9,12.5,19.6,1.25
14177720,40775102,Townley,Ultisols,4.6,loamy,good,dry,low,moderate,moderate,red,43.0,18.5,38.5,1.25
14177721,40775108,Nectar,Ultisols,5.6,sandy,good,dry,low,moderate,moderate,red,71.3,12.0,16.7,1.25
14177722,40775110,Allen,Ultisols,5.0,sandy-loam,good,dry,moderate,moderate,moderate,red,65.6,15.5,18.9,1.75
14177723,40775113,Roanoke,Ultisols,4.6,silty,poor,wet,low,moderate,moderate,red,27.1,18.5,54.4,1.25
14177724,40775117,Chewacla,Inceptisols,5.5,silty,poor,wet,moderate,moderate,high,brown,22.4,22.5,55.1,2.5
14177725,40775125,Talladega,Ultisols,5.0,loamy,good,dry,moderate,moderate,moderate,red,41.6,21.0,37.4,1.5
14177726,40775126,Sunlight,Ultisols,5.0,silty,good,dry,moderate,moderate,moderate,red,27.1,18.5,54.4,1.5
14177727,40775131,Allen,Ultisols,5.0,sandy-loam,good,dry,moderate,moderate,moderate,red,65.6,15.5,18.9,1.75
14177728,40775133,Wickham,Ultisols,5.3,sandy-loam,good,dry,low,moderate,moderate,red,67.5,11.5,21.0,1.25
14177729,40775136,Townley,Ultisols,4.6,loamy,good,dry,low,moderate,moderate,red,43.0,18.5,38.5,1.25
14177730,40775140,Gorgas,Ultisols,5.5,sandy-loam,good,dry,low,compacted,low,red,67.9,12.5,19.6,1.25
14177731,40775143,Nectar,Ultisols,5.6,sandy,good,dry,low,moderate,moderate,red,71.3,12.0,16.7,1.25
14177732,40775148,Wickham,Ultisols,5.3,loamy,good,dry,low,moderate,moderate,red,45.3,11.5,43.2,1.25
14177733,40775151,Talladega,Ultisols,5.0,loamy,good,dry,moderate,moderate,moderate,red,41.6,21.0,37.4,1.5
14177734,40775156,Chewacla,Inceptisols,5.5,sandy,poor,wet,moderate,moderate,moderate,brown,70.9,12.5,16.6,2.5
14177735,40775160,Locust,Ultisols,5.0,silty,moderate,moderate,low,moderate,moderate,red,30.5,13.5,56.0,0.75
14177736,40775165,Locust,Ultisols,5.0,sandy,moderate,moderate,low,moderate,moderate,red,70.1,13.5,16.4,0.75
14177737,40775168,Etowah,Ultisols,5.0,loamy,good,dry,moderate,moderate,high,red,41.6,21.0,37.4,2.0
14177738,40775171,Locust,Ultisols,5.0,sandy,moderate,moderate,low,moderate,moderate,red,70.1,13.5,16.4,0.75
14177739,40775176,Allen,Ultisols,5.0,sandy-loam,good,dry,moderate,moderate,moderate,red,68.4,15.5,16.1,1.75
14177740,40775178,Emory,Inceptisols,5.6,silty,good,dry,moderate,moderate,high,brown,6.7,27.0,66.3,2.5
14177741,40775181,Ketona,Alfisols,7.3,silty,poor,wet,moderate,moderate,moderate,brown,18.5,37.5,44.0,2.5
14177742,40775184,Chenneby,Inceptisols,5.3,silty,poor,wet,low,moderate,moderate,brown,11.6,19.5,68.9,1.25
14177743,40775189,Etowah,Ultisols,5.0,silty,good,dry,moderate,moderate,high,red,26.3,21.0,52.7,2.0
14177744,40775190,Taft,Ultisols,5.0,silty,poor,wet,moderate,moderate,high,red,13.6,17.5,68.9,3.5
14177745,40775194,Decatur,Ultisols,5.3,clay,good,dry,low,moderate,moderate,red,7.2,45.0,47.8,0.75
14177746,40775197,Decatur,Ultisols,5.3,silty,good,dry,low,moderate,moderate,red,17.5,33.5,49.0,1.25
14177747,40775200,Allen,Ultisols,5.0,sandy-loam,good,dry,moderate,moderate,moderate,red,68.4,15.5,16.1,1.75
14177748,40775203,Bruno,Entisols,6.8,sandy,good,dry,low,moderate,low,brown,77.9,6.0,16.1,1.25
14177749,40775206,Louisburg,Ultisols,5.3,sandy-loam,good,dry,low,moderate,low,red,68.0,8.5,23.5,1.25
14177750,40775210,Madison,Ultisols,5.5,sandy-loam,good,dry,low,moderate,moderate,red,68.5,10.0,21.5,1.25
14177751,40775213,Tatum,Ultisols,5.0,loamy,good,dry,low,moderate,moderate,red,42.4,19.5,38.1,1.25
14177752,40775216,Madison,Ultisols,5.5,sandy-loam,good,dry,low,moderate,moderate,red,68.5,10.0,21.5,1.25
14177753,40775220,Congaree,Entisols,5.9,sandy-loam,good,dry,moderate,moderate,moderate,brown,66.9,10.0,23.1,2.0
14177754,40775223,Weogufka,Ultisols,5.3,loamy,good,dry,moderate,moderate,moderate,red,44.3,15.0,40.7,2.0
14177755,40775227,Tatum,Ultisols,5.0,loamy,good,dry,low,moderate,moderate,red,42.4,19.5,38.1,1.25
14177756,40775230,Tatum,Ultisols,5.0,loamy,good,dry,low,moderate,moderate,red,42.4,19.5,38.1,1.25
14177757,40775233,Weogufka,Ultisols,5.3,loamy,good,dry,moderate,moderate,moderate,red,44.3,15.0,40.7,2.0
14177758,40775237,Durham,Ultisols,5.3,sandy-loam,good,dry,low,moderate,moderate,red,67.9,12.5,19.6,1.25
14177759,40775242,Iredell,Alfisols,6.2,loamy,moderate,moderate,low,moderate,moderate,brown,43.0,17.5,39.5,1.25
14177760,40775246,Iredell,Alfisols,6.2,loamy,moderate,moderate,low,moderate,moderate,brown,43.0,17.5,39.5,1.25
14177761,40775250,Chewacla,Inceptisols,5.5,sandy,poor,wet,moderate,moderate,moderate,brown,70.9,12.5,16.6,2.5
14177762,40775255,Louisburg,Ultisols,5.3,sandy-loam,good,dry,low,moderate,low,red,68.0,8.5,23.5,1.25
14177763,40775261,Durham,Ultisols,5.3,sandy-loam,good,dry,low,moderate,moderate,red,67.9,12.5,19.6,1.25
14177764,40775263,Locust,Ultisols,5.0,silty,moderate,moderate,low,moderate,moderate,red,30.5,13.5,56.0,0.75
14177765,40775267,Allen,Ultisols,5.0,sandy-loam,good,dry,moderate,moderate,moderate,red,68.4,15.5,16.1,1.75
14177766,40775270,Townley,Ultisols,4.6,loamy,good,dry,low,moderate,moderate,red,43.0,18.5,38.5,1.25
14177767,40775276,Locust,Ultisols,5.0,silty,moderate,moderate,low,moderate,moderate,red,30.5,13.5,56.0,0.75
14177768,40775278,Townley,Ultisols,4.6,loamy,good,dry,low,moderate,moderate,red,43.0,18.5,38.5,1.25
14177769,40775282,Allen,Ultisols,5.0,sandy-loam,good,dry,moderate,moderate,moderate,red,68.4,15.5,16.1,1.75
14177770,40775285,Cheaha,Ultisols,5.0,loamy,good,dry,low,moderate,moderate,red,45.0,13.5,41.5,1.25
14177771,40775288,Chewacla,Inceptisols,5.5,silty,poor,wet,moderate,moderate,high,brown,22.4,22.5,55.1,2.5
14177772,40775293,Wickham,Ultisols,5.3,sandy-loam,good,dry,low,moderate,moderate,red,67.5,11.5,21.0,1.25
14177773,40775296,McQueen,Ultisols,5.1,silty,good,dry,low,moderate,moderate,red,26.3,21.0,52.7,1.25
14177774,40775300,Toccoa,Entisols,5.8,loamy,moderate,moderate,moderate,moderate,moderate,pale,45.0,12.0,43.0,1.5
14177775,40775302,Lobelville,Inceptisols,5.3,loamy,moderate,moderate,moderate,moderate,moderate,brown,43.0,18.5,38.5,2.0
14177776,40775305,Leadvale,Ultisols,5.0,silty,moderate,moderate,moderate,moderate,high,red,13.7,17.0,69.3,2.5
14177777,40775309,Chenneby,Inceptisols,5.3,silty,poor,wet,moderate,moderate,moderate,brown,11.6,19.5,68.9,1.75
14177778,40775315,Locust,Ultisols,5.0,silty,moderate,moderate,low,moderate,moderate,red,30.5,13.5,56.0,0.75
14177779,40775318,Choccolocco,Ultisols,5.3,silty,good,dry,moderate,moderate,moderate,red,13.9,16.0,70.1,2.0
14177780,40775319,McQueen,Ultisols,5.1,silty,good,dry,low,moderate,moderate,red,26.3,21.0,52.7,1.25
14177781,40775325,Locust,Ultisols,5.0,silty,moderate,moderate,low,moderate,moderate,red,30.5,13.5,56.0,0.75
14177782,40775327,Wickham,Ultisols,5.3,sandy-loam,good,dry,low,moderate,moderate,red,67.5,11.5,21.0,1.25
14177783,40775330,Allen,Ultisols,5.0,sandy-loam,good,dry,moderate,moderate,moderate,red,68.4,15.5,16.1,1.75
14177784,40775333,Allen,Ultisols,5.0,sandy-loam,good,dry,moderate,moderate,moderate,red,68.4,15.5,16.1,1.75
14177785,40775336,Locust,Ultisols,5.0,silty,moderate,moderate,low,moderate,moderate,red,30.5,13.5,56.0,0.75
14177786,40775340,Decatur,Ultisols,5.3,silty,good,dry,low,moderate,high,red,26.3,21.0,52.7,1.25
14177787,40775343,Anniston,Ultisols,5.0,loamy,good,dry,low,unknown,high,red,43.0,18.5,38.5,0.75
14177788,40775345,Chenneby,Inceptisols,5.3,silty,poor,wet,moderate,moderate,moderate,brown,11.6,19.5,68.9,1.75
14177789,40775349,Decatur,Ultisols,5.3,loamy,good,dry,low,moderate,high,red,41.6,21.0,37.4,1.25
14177790,40775351,Locust,Ultisols,5.0,silty,moderate,moderate,low,moderate,moderate,red,30.5,13.5,56.0,0.75
14177791,40775355,Anniston,Ultisols,5.0,loamy,good,dry,low,unknown,high,red,43.0,18.5,38.5,0.75
14177792,40775357,Allen,Ultisols,5.0,sandy-loam,good,dry,moderate,moderate,moderate,red,68.4,15.5,16.1,1.75
14177793,40775360,Leadvale,Ultisols,5.0,silty,moderate,moderate,moderate,moderate,high,red,13.7,17.0,69.3,2.5
14177794,40775366,Chewacla,Inceptisols,5.5,silty,poor,wet,moderate,moderate,high,brown,22.4,22.5,55.1,2.5
14177795,40775369,Townley,Ultisols,4.6,loamy,good,dry,low,moderate,moderate,red,43.0,18.5,38.5,1.25
14177796,40775373,Cane,Ultisols,6.1,sandy,moderate,moderate,low,moderate,moderate,red,70.9,12.5,16.6,0.75
14177797,40775378,Beason,Ultisols,5.3,silty,poor,wet,moderate,moderate,high,red,17.7,28.5,53.8,2.0
14177798,40775380,Decatur,Ultisols,5.3,silty,good,dry,low,moderate,moderate,red,17.5,33.5,49.0,1.25
14177799,40775383,Decatur,Ultisols,5.3,silty,good,dry,low,moderate,high,red,26.3,21.0,52.7,1.25
14177800,40775386,Minvale,Ultisols,5.0,silty,good,dry,low,moderate,moderate,red,22.4,22.5,55.1,1.25
14177801,40775389,Minvale,Ultisols,5.0,silty,good,dry,low,moderate,moderate,red,22.4,22.5,55.1,1.25
14177802,40775392,Locust,Ultisols,5.0,silty,moderate,moderate,low,moderate,moderate,red,30.5,13.5,56.0,0.75
14177803,40775396,Leadvale,Ultisols,5.0,silty,moderate,moderate,moderate,moderate,high,red,13.7,17.0,69.3,2.5
14177804,40775400,Grasmere,Inceptisols,5.3,clay,good,dry,moderate,unknown,high,dark brown,8.0,40.0,52.0,3.5
14177805,40775403,Locust,Ultisols,5.0,silty,moderate,moderate,low,moderate,moderate,red,30.5,13.5,56.0,0.75
14177806,40775407,Bodine,Ultisols,4.6,silty,good,dry,moderate,moderate,moderate,red,30.4,14.0,55.6,1.5
14177807,40775410,Fullerton,Ultisols,5.0,silty,good,dry,low,moderate,moderate,red,26.3,21.0,52.7,1.25
14177808,40775413,Fullerton,Ultisols,5.0,silty,good,dry,low,moderate,moderate,red,26.3,21.0,52.7,1.25
14177809,40775416,Bodine,Ultisols,4.6,silty,good,dry,moderate,moderate,moderate,red,30.4,14.0,55.6,1.5
14177810,40775419,Lobelville,Inceptisols,5.3,loamy,moderate,moderate,moderate,moderate,moderate,brown,43.0,18.5,38.5,2.0
14177811,40775422,Tallapoosa,Ultisols,4.8,silty,good,dry,low,moderate,moderate,red,29.7,16.0,54.3,0.25
14177812,40775426,Tatum,Ultisols,5.0,loamy,good,dry,low,moderate,moderate,red,42.4,19.5,38.1,1.25
14177813,40775429,Chewacla,Inceptisols,5.5,silty,poor,wet,moderate,moderate,high,brown,22.4,22.5,55.1,2.5
14177814,40775434,Tallapoosa,Ultisols,4.8,silty,good,dry,low,moderate,moderate,red,29.7,16.0,54.3,0.25
14177815,40775438,Wickham,Ultisols,5.3,sandy-loam,good,dry,low,moderate,moderate,red,67.5,11.5,21.0,1.25
14177816,40775441,Tatum,Ultisols,5.0,loamy,good,dry,low,moderate,moderate,red,42.4,19.5,38.1,1.25
14177817,40775445,Ketona,Alfisols,7.3,silty,poor,wet,moderate,moderate,moderate,brown,10.6,37.5,51.9,2.5
14177818,40775447,Sylacauga,Ultisols,5.3,silty,poor,wet,low,unknown,moderate,red,14.2,13.5,72.3,1.25
14177819,40775450,Chenneby,Inceptisols,5.3,silty,poor,wet,moderate,moderate,moderate,brown,11.6,19.5,68.9,1.75
14177820,40775454,Wickham,Ultisols,5.3,sandy-loam,good,dry,low,moderate,moderate,red,67.5,11.5,21.0,1.25
14177821,40775456,Masada,Ultisols,5.0,loamy,good,dry,moderate,moderate,moderate,red,43.0,18.5,38.5,2.0
14177822,40775459,Toccoa,Entisols,5.8,loamy,moderate,moderate,moderate,moderate,moderate,pale,45.0,12.0,43.0,1.5
14177823,40775461,Allen,Ultisols,5.0,sandy-loam,good,dry,moderate,moderate,moderate,red,68.4,15.5,16.1,1.75
14177824,40775464,Decatur,Ultisols,5.3,silty,good,dry,low,moderate,high,red,26.3,21.0,52.7,1.25
14177825,40775467,Lobelville,Inceptisols,5.3,loamy,moderate,moderate,moderate,moderate,moderate,brown,43.0,18.5,38.5,2.0
14177826,40775470,Holston,Ultisols,5.0,sandy-loam,good,dry,low,moderate,high,red,68.1,17.5,14.4,1.25
14177827,40775473,Cane,Ultisols,6.1,sandy,moderate,moderate,low,moderate,moderate,red,70.9,12.5,16.6,0.75
14177828,40775476,Decatur,Ultisols,5.3,silty,good,dry,low,moderate,moderate,red,17.5,33.5,49.0,1.25
14177829,40775479,Allen,Ultisols,5.0,sandy-loam,good,dry,moderate,moderate,moderate,red,68.4,15.5,16.1,1.75
14177830,40775482,Leadvale,Ultisols,5.0,silty,moderate,moderate,moderate,moderate,high,red,13.7,17.0,69.3,2.5
14177831,40775486,Guthrie,Ultisols,4.6,silty,poor,wet,moderate,moderate,high,red,13.6,17.5,68.9,1.5
14177832,40775490,Ketona,Alfisols,7.3,silty,poor,wet,moderate,moderate,moderate,brown,10.6,37.5,51.9,2.5
14177833,40775493,Lobelville,Inceptisols,5.3,silty,moderate,moderate,moderate,moderate,moderate,brown,27.1,18.5,54.4,2.0
14177834,40775496,Mooreville,Inceptisols,5.0,silty,moderate,moderate,low,moderate,moderate,brown,29.7,16.0,54.3,1.25
14177835,40775499,Tupelo,Alfisols,5.8,loamy,poor,wet,moderate,moderate,high,brown,39.8,22.5,37.7,2.0
14177836,40775503,Dewey,Ultisols,5.0,silty,good,dry,moderate,moderate,high,red,26.0,22.0,52.0,2.0
14177837,40775508,Etowah,Ultisols,5.0,silty,good,dry,moderate,moderate,high,red,26.3,21.0,52.7,2.0
14177838,40775509,Fullerton,Ultisols,5.0,silty,good,dry,low,moderate,moderate,red,26.3,21.0,52.7,1.25
14177839,40775512,Fullerton,Ultisols,5.0,silty,good,dry,low,moderate,moderate,red,26.3,21.0,52.7,1.25
14177840,40775516,Minvale,Ultisols,5.0,silty,good,dry,low,moderate,moderate,red,22.4,22.5,55.1,1.25
14177841,40775519,Minvale,Ultisols,5.0,loamy,good,dry,low,moderate,moderate,red,39.8,22.5,37.7,1.25
14177842,40775521,Dewey,Ultisols,5.0,silty,good,dry,low,moderate,moderate,red,18.2,38.5,43.3,0.75
14177843,40775525,Bodine,Ultisols,4.6,loamy,good,dry,moderate,moderate,moderate,red,44.8,14.0,41.2,1.5
14177844,40775529,Dewey,Ultisols,5.0,silty,good,dry,low,moderate,moderate,red,18.2,38.5,43.3,0.75
14177845,40775532,Etowah,Ultisols,5.0,silty,good,dry,moderate,moderate,high,red,26.3,21.0,52.7,2.0
14177846,40775535,Allen,Ultisols,5.0,sandy-loam,good,dry,moderate,moderate,moderate,red,65.6,15.5,18.9,1.75
14177847,40775538,Decatur,Ultisols,5.3,silty,good,dry,low,moderate,high,red,26.3,21.0,52.7,1.25
14177848,40775541,Choccolocco,Ultisols,5.3,silty,good,dry,moderate,moderate,moderate,red,13.9,16.0,70.1,2.0
14177849,40775546,Minvale,Ultisols,5.0,silty,good,dry,low,moderate,moderate,red,22.4,22.5,55.1,1.25
14177850,40775547,Minvale,Ultisols,5.0,loamy,good,dry,low,moderate,moderate,red,39.8,22.5,37.7,1.25
14177851,40775550,Decatur,Ultisols,5.3,silty,good,dry,low,moderate,high,red,26.3,21.0,52.7,1.25
14177852,40775553,Waynesboro,Ultisols,5.0,sandy-loam,good,dry,low,moderate,high,red,66.1,20.0,13.9,1.25
14177853,40775556,Quitman,Ultisols,5.0,loamy,poor,wet,moderate,moderate,high,red,46.0,10.0,44.0,2.0
14177854,40775559,Waynesboro,Ultisols,5.0,sandy-loam,good,dry,low,moderate,high,red,66.1,20.0,13.9,1.25
14177855,40775562,Fullerton,Ultisols,5.0,silty,good,dry,low,moderate,moderate,red,26.3,21.0,52.7,1.25
14177856,40775565,Decatur,Ultisols,5.3,silty,good,dry,low,moderate,high,red,26.3,21.0,52.7,1.25
14177857,40775568,Tupelo,Alfisols,5.8,loamy,poor,wet,moderate,moderate,high,brown,39.8,22.5,37.7,2.0
14177858,40775571,Allen,Ultisols,5.0,sandy-loam,good,dry,moderate,moderate,moderate,red,65.6,15.5,18.9,1.75
14177859,40775574,Townley,Ultisols,4.6,silty,good,dry,low,moderate,moderate,red,27.1,18.5,54.4,1.25
14177860,40775578,Gorgas,Ultisols,5.5,sandy-loam,good,dry,low,compacted,moderate,red,67.9,12.5,19.6,1.25
14177861,40775581,Townley,Ultisols,4.6,silty,good,dry,low,moderate,moderate,red,27.1,18.5,54.4,1.25
14177862,40775585,Hanceville,Ultisols,5.5,loamy,good,dry,low,moderate,moderate,red,42.4,19.5,38.1,1.25
14177863,40775589,Townley,Ultisols,4.6,silty,good,dry,low,moderate,moderate,red,27.1,18.5,54.4,1.25
14177864,40775594,Nella,Ultisols,5.0,sandy-loam,good,dry,moderate,moderate,moderate,red,66.5,18.5,15.0,1.75
14177865,40775596,Mountainburg,Ultisols,5.3,sandy-loam,good,dry,moderate,moderate,low,red,65.7,11.5,22.8,2.0
14177866,40775600,Nixa,Ultisols,5.0,silty,moderate,moderate,moderate,moderate,moderate,red,27.1,18.5,54.4,2.0
14177867,40775605,Clarksville,Ultisols,4.8,silty,good,dry,low,moderate,moderate,red,29.3,17.0,53.7,1.25
14177868,40775608,Clarksville,Ultisols,4.8,silty,good,dry,low,moderate,moderate,red,26.3,21.0,52.7,1.25
14177869,40775611,Clarksville,Ultisols,4.8,silty,good,dry,low,moderate,moderate,red,26.5,20.0,53.5,1.25
14177870,40775616,Captina,Ultisols,5.5,silty,moderate,moderate,moderate,moderate,moderate,red,14.2,14.0,71.8,2.0
14177871,40775619,Britwater,Alfisols,5.5,silty,good,dry,moderate,moderate,moderate,brown,26.5,20.0,53.5,1.5
14177872,40775623,Tonti,Ultisols,5.0,silty,moderate,moderate,moderate,moderate,moderate,red,29.1,17.5,53.4,2.0
14177873,40775629,Jay,Alfisols,5.8,silty,moderate,moderate,moderate,moderate,high,brown,11.7,18.5,69.8,2.5
14177874,40775630,Johnsburg,Ultisols,5.5,silty,poor,wet,moderate,moderate,high,red,13.9,16.0,70.1,1.5
14177875,40775637,Tonti,Ultisols,5.0,silty,moderate,moderate,moderate,moderate,moderate,red,29.1,17.5,53.4,2.0
14177876,40775639,Nixa,Ultisols,5.0,silty,moderate,moderate,moderate,moderate,moderate,red,27.1,18.5,54.4,2.0
14177877,40775644,Newtonia,Mollisols,6.1,silty,good,dry,moderate,moderate,high,black,13.7,17.0,69.3,2.0
14177878,40775649,Razort,Alfisols,6.7,loamy,good,dry,moderate,moderate,moderate,brown,43.0,17.5,39.5,2.0
14177879,40775652,Taloka,Alfisols,5.6,silty,poor,wet,low,moderate,high,brown,26.5,20.0,53.5,0.75
14177880,40775654,Nixa,Ultisols,5.0,silty,moderate,moderate,moderate,moderate,moderate,red,27.1,18.5,54.4,2.0
14177881,40775659,Captina,Ultisols,5.5,silty,moderate,moderate,moderate,moderate,moderate,red,14.2,14.0,71.8,2.0
14177882,40775664,Taloka,Alfisols,5.6,silty,poor,wet,low,moderate,high,brown,26.5,20.0,53.5,0.75
14177883,40775666,Jay,Alfisols,5.8,silty,moderate,moderate,moderate,moderate,high,brown,11.7,18.5,69.8,2.5
14177884,40775669,Noark,Ultisols,5.5,silty,good,dry,moderate,moderate,moderate,red,29.1,17.5,53.4,2.0
14177885,40775674,Peridge,Alfisols,5.3,silty,good,dry,moderate,moderate,high,brown,14.0,15.0,71.0,2.0
14177886,40775678,Noark,Ultisols,5.5,silty,good,dry,moderate,moderate,moderate,red,29.1,17.5,53.4,2.0
14177887,40775683,Newnata,Alfisols,5.9,silty,good,dry,moderate,moderate,high,dark brown,18.1,31.0,50.9,4.0
14177888,40775689,Newnata,Alfisols,5.9,silty,good,dry,moderate,moderate,moderate,dark brown,20.5,25.0,54.5,4.0
14177889,40775693,Eden,Alfisols,6.5,clay,good,dry,moderate,moderate,moderate,brown,16.7,43.5,39.8,1.75
14177890,40775696,Mountainburg,Ultisols,5.3,sandy-loam,good,dry,moderate,moderate,low,red,65.7,11.5,22.8,2.0
14177891,40775700,Nella,Ultisols,5.0,loamy,good,dry,unknown,moderate,moderate,red,43.0,18.5,38.5,
14177892,40775703,Nella,Ultisols,5.0,loamy,good,dry,unknown,moderate,moderate,red,43.0,18.5,38.5,
14177893,40775706,Newnata,Alfisols,5.9,silty,good,dry,moderate,moderate,high,dark brown,18.1,31.0,50.9,4.0
14177894,40775711,Moko,Mollisols,7.2,silty,good,dry,moderate,moderate,moderate,black,22.4,22.5,55.1,3.0
14177895,40775714,Enders,Ultisols,4.6,loamy,good,dry,moderate,moderate,low,red,43.0,17.5,39.5,3.0
14177896,40775720,Steprock,Ultisols,5.0,sandy-loam,good,dry,low,moderate,low,red,67.4,13.0,19.6,1.25
14177897,40775724,Hontas,Inceptisols,6.5,silty,moderate,moderate,moderate,moderate,high,brown,13.6,17.5,68.9,2.0
14177898,40775731,Newnata,Alfisols,5.9,silty,good,dry,moderate,moderate,moderate,dark brown,20.5,25.0,54.5,4.0
14177899,40775733,Eden,Alfisols,6.5,clay,good,dry,moderate,moderate,moderate,brown,16.7,43.5,39.8,1.75
14177900,40775735,Samba,Alfisols,6.1,silty,poor,wet,moderate,moderate,high,dark brown,17.5,33.5,49.0,3.0
14177901,40775738,Moko,Mollisols,7.2,silty,good,dry,moderate,moderate,moderate,black,22.4,22.5,55.1,3.0
14177902,40775741,Summit,Mollisols,6.5,silty,moderate,moderate,moderate,moderate,high,black,19.0,36.0,45.0,2.5
14177903,40775745,Moko,Mollisols,7.2,loamy,good,dry,moderate,moderate,moderate,black,39.8,22.5,37.7,3.0
14177904,40775748,Lily,Ultisols,4.6,sandy,good,dry,moderate,moderate,moderate,red,70.9,12.5,16.6,2.25
14177905,40775752,Lily,Ultisols,4.6,sandy,good,dry,moderate,moderate,moderate,red,70.9,12.5,16.6,2.25
14177906,40775756,Lily,Ultisols,4.6,sandy,good,dry,moderate,moderate,moderate,red,70.9,12.5,16.6,2.25
14177907,40775760,Estate,Alfisols,6.2,sandy,good,dry,moderate,moderate,moderate,brown,70.9,12.5,16.6,1.75
14177908,40775766,Portia,Alfisols,5.8,sandy,good,dry,moderate,moderate,moderate,brown,70.1,13.5,16.4,1.75
14177909,40775771,Brockwell,Ultisols,5.3,sandy-loam,good,dry,low,moderate,moderate,red,68.8,7.5,23.7,0.75
14177910,40775775,Estate,Alfisols,6.2,sandy,good,dry,moderate,moderate,moderate,brown,70.9,12.5,16.6,1.75
14177911,40775781,Ramsey,Inceptisols,5.0,sandy-loam,good,dry,unknown,moderate,low,brown,64.8,16.5,18.7,
14177912,40775784,Healing,Mollisols,6.1,silty,good,dry,moderate,moderate,high,black,13.6,17.5,68.9,3.0
14177913,40775787,Brockwell,Ultisols,5.3,sandy-loam,good,dry,low,moderate,moderate,red,68.8,7.5,23.7,0.75
14177914,40775791,Portia,Alfisols,5.8,sandy,good,dry,moderate,moderate,moderate,brown,70.1,13.5,16.4,1.75
14177915,40775798,Portia,Alfisols,5.8,sandy,good,dry,moderate,moderate,moderate,brown,70.1,13.5,16.4,1.75
14177916,40775804,Captina,Ultisols,5.5,silty,moderate,moderate,moderate,moderate,moderate,red,14.2,14.0,71.8,2.0
14177917,40775806,Moko,Mollisols,7.2,loamy,good,dry,moderate,moderate,moderate,black,39.8,22.5,37.7,3.0
14177918,40775809,Wideman,Entisols,4.8,sandy-loam,good,dry,low,moderate,moderate,brown,66.0,11.0,23.0,0.75
14177919,40775814,Clarksville,Ultisols,4.8,silty,good,dry,low,moderate,moderate,red,29.3,17.0,53.7,1.25
14177920,40775817,Ramsey,Inceptisols,5.0,sandy-loam,good,dry,unknown,moderate,low,brown,64.8,16.5,18.7,
14177921,40775820,Boden,Ultisols,5.0,sandy,good,dry,moderate,moderate,moderate,red,70.9,12.5,16.6,2.0
14177922,40775827,Gepp,Alfisols,5.8,silty,good,dry,moderate,moderate,low,brown,29.1,17.5,53.4,2.5
14177923,40775830,Boden,Ultisols,5.0,sandy,good,dry,moderate,moderate,moderate,red,70.9,12.5,16.6,2.0
14177924,40775836,Portia,Alfisols,5.8,sandy,good,dry,moderate,moderate,moderate,brown,70.1,13.5,16.4,1.75
14177925,40775841,Healing,Mollisols,6.1,silty,good,dry,moderate,moderate,high,black,13.6,17.5,68.9,3.0
14177926,40775844,Boden,Ultisols,5.0,sandy,good,dry,moderate,moderate,moderate,red,70.9,12.5,16.6,2.0
14177927,40775850,Brockwell,Ultisols,5.3,sandy,good,dry,low,moderate,moderate,red,70.4,7.5,22.1,0.75
14177928,40775854,Lily,Ultisols,4.6,sandy,good,dry,moderate,moderate,moderate,red,70.9,12.5,16.6,2.25
14177929,40775858,Gassville,Ultisols,5.8,silty,good,dry,moderate,moderate,moderate,red,27.1,18.5,54.4,1.75
14177930,40775863,Brockwell,Ultisols,5.3,sandy,good,dry,low,moderate,moderate,red,70.4,7.5,22.1,0.75
14177931,40775870,Portia,Alfisols,5.8,sandy,good,dry,moderate,moderate,moderate,brown,70.1,13.5,16.4,1.75
14177932,40775872,Ramsey,Inceptisols,5.0,sandy-loam,good,dry,unknown,moderate,low,brown,64.8,16.5,18.7,
14177933,40775875,Clarksville,Ultisols,4.8,silty,good,dry,low,moderate,moderate,red,29.3,17.0,53.7,1.25
14177934,40775882,Boden,Ultisols,5.0,sandy,good,dry,moderate,moderate,low,red,70.9,12.5,16.6,2.0
14177935,40775885,Wideman,Entisols,4.8,sandy,good,dry,low,moderate,low,brown,83.8,7.0,9.2,0.75
14177936,40775891,Boden,Ultisols,5.0,sandy,good,dry,moderate,moderate,moderate,red,70.9,12.5,16.6,2.0
14177937,40775895,Clarksville,Ultisols,4.8,silty,good,dry,low,moderate,moderate,red,29.3,17.0,53.7,1.25
14177938,40775898,Captina,Ultisols,5.5,silty,moderate,moderate,moderate,moderate,moderate,red,14.2,14.0,71.8,2.0
14177939,40775903,Ramsey,Inceptisols,5.0,sandy-loam,good,dry,unknown,moderate,low,brown,64.8,16.5,18.7,
14177940,40775906,Gepp,Alfisols,5.8,silty,good,dry,moderate,moderate,low,brown,29.1,17.5,53.4,2.5
14177941,40775913,Gepp,Alfisols,5.8,silty,good,dry,moderate,moderate,low,brown,29.1,17.5,53.4,2.5
14177942,40775914,Brockwell,Ultisols,5.3,sandy,good,dry,low,moderate,moderate,red,70.4,7.5,22.1,0.75
14177943,40775919,Mountainburg,Ultisols,5.3,sandy-loam,good,dry,moderate,moderate,low,red,67.5,11.5,21.0,2.0
14177944,40775922,Linker,Ultisols,4.6,sandy,good,dry,moderate,moderate,moderate,red,70.9,12.5,16.6,1.75
14177945,40775927,Steprock,Ultisols,5.0,sandy,good,dry,low,moderate,moderate,red,70.5,13.0,16.5,1.25
14177946,40775931,Steprock,Ultisols,5.0,sandy,good,dry,low,moderate,moderate,red,70.5,13.0,16.5,1.25
14177947,40775935,Enders,Ultisols,4.6,sandy-loam,good,dry,moderate,moderate,low,red,68.1,17.5,14.4,3.0
14177948,40775941,Taft,Ultisols,5.0,silty,poor,wet,moderate,moderate,high,red,13.6,17.5,68.9,3.5
14177949,40775945,Sidon,Ultisols,4.6,silty,moderate,moderate,low,moderate,moderate,red,27.1,18.5,54.4,1.25
14177950,40775950,Sidon,Ultisols,4.6,silty,moderate,moderate,low,moderate,moderate,red,27.1,18.5,54.4,1.25
14177951,40775956,Steprock,Ultisols,5.0,sandy,good,dry,low,moderate,low,red,70.5,13.0,16.5,1.25
14177952,40775959,Nella,Ultisols,5.0,sandy-loam,good,dry,moderate,moderate,moderate,red,67.3,18.5,14.2,1.75
14177953,40775962,Linker,Ultisols,4.6,sandy,good,dry,moderate,moderate,moderate,red,70.9,12.5,16.6,1.75
14177954,40775967,Enders,Ultisols,4.6,sandy-loam,good,dry,moderate,moderate,low,red,68.1,17.5,14.4,3.0
14177955,40775975,Mountainburg,Ultisols,5.3,sandy-loam,good,dry,moderate,moderate,low,red,67.5,11.5,21.0,2.0
14177956,40775977,Enders,Ultisols,4.6,sandy-loam,good,dry,moderate,moderate,low,red,68.1,17.5,14.4,3.0
14177957,40775983,Mountainburg,Ultisols,5.3,sandy-loam,good,dry,moderate,moderate,low,red,67.5,11.5,21.0,2.0
14177958,40775987,Leadvale,Ultisols,5.0,silty,moderate,moderate,moderate,moderate,high,red,13.7,17.0,69.3,2.5
14177959,40775992,Steprock,Ultisols,5.0,sandy,good,dry,low,moderate,moderate,red,70.5,13.0,16.5,1.25
14177960,40775995,Enders,Ultisols,4.6,sandy-loam,good,dry,moderate,moderate,low,red,68.1,17.5,14.4,3.0
14177961,40776001,Linker,Ultisols,4.6,sandy,good,dry,moderate,moderate,moderate,red,70.9,12.5,16.6,1.75
14177962,40776006,Nella,Ultisols,5.0,sandy-loam,good,dry,moderate,moderate,moderate,red,67.3,18.5,14.2,1.75
14177963,40776009,Linker,Ultisols,4.6,sandy,good,dry,moderate,moderate,moderate,red,70.9,12.5,16.6,1.75
14177964,40776014,Mountainburg,Ultisols,5.3,sandy-loam,good,dry,moderate,moderate,low,red,67.5,11.5,21.0,2.0
14177965,40776018,Steprock,Ultisols,5.0,sandy,good,dry,low,moderate,moderate,red,70.5,13.0,16.5,1.25
14177966,40776023,Steprock,Ultisols,5.0,sandy,good,dry,low,moderate,moderate,red,70.5,13.0,16.5,1.25
14177967,40776026,Linker,Ultisols,4.6,sandy,good,dry,moderate,moderate,moderate,red,70.9,12.5,16.6,1.75
14177968,40776036,Enders,Ultisols,4.6,sandy-loam,good,dry,moderate,moderate,low,red,68.1,17.5,14.4,3.0
14177969,40776037,Mountainburg,Ultisols,5.3,sandy-loam,good,dry,moderate,moderate,low,red,67.5,11.5,21.0,2.0
14177970,40776041,Linker,Ultisols,4.6,sandy,good,dry,moderate,moderate,moderate,red,70.9,12.5,16.6,1.75
14177971,40776046,Ceda,Entisols,6.1,loamy,good,dry,low,moderate,moderate,brown,44.8,14.0,41.2,0.75
14177972,40776051,Linker,Ultisols,4.6,sandy,good,dry,moderate,moderate,moderate,red,70.9,12.5,16.6,1.75
14177973,40776053,Enders,Ultisols,4.6,sandy-loam,good,dry,moderate,moderate,low,red,68.1,17.5,14.4,3.0
14177974,40776059,Linker,Ultisols,4.6,sandy,good,dry,moderate,moderate,moderate,red,70.9,12.5,16.6,1.75
14177975,40776064,Nella,Ultisols,5.0,loamy,good,dry,unknown,moderate,moderate,red,43.0,18.5,38.5,
14177976,40776067,Nella,Ultisols,5.0,loamy,good,dry,moderate,moderate,moderate,red,43.0,18.5,38.5,1.75
14177977,40776070,Enders,Ultisols,4.6,loamy,good,dry,moderate,moderate,low,red,43.0,17.5,39.5,3.0
14177978,40776076,Mountainburg,Ultisols,5.3,sandy-loam,good,dry,moderate,moderate,low,red,67.5,11.5,21.0,2.0
14177979,40776080,Steprock,Ultisols,5.0,sandy,good,dry,low,moderate,moderate,red,70.5,13.0,16.5,1.25
14177980,40776087,Steprock,Ultisols,5.0,sandy,good,dry,low,moderate,low,red,70.5,13.0,16.5,1.25
14177981,40776088,Nella,Ultisols,5.0,loamy,good,dry,unknown,moderate,moderate,red,43.0,18.5,38.5,
14177982,40776091,Leesburg,Ultisols,5.0,loamy,good,dry,moderate,moderate,moderate,red,45.3,11.5,43.2,2.0
14177983,40776095,Leesburg,Ultisols,5.0,loamy,good,dry,low,moderate,moderate,red,45.3,11.5,43.2,1.25
14177984,40776099,McKamie,Alfisols,5.8,silty,good,dry,low,moderate,high,brown,27.1,18.5,54.4,1.25
14177985,40776104,Taft,Ultisols,5.0,silty,poor,wet,moderate,moderate,high,red,13.6,17.5,68.9,3.5
14177986,40776107,Sallisaw,Alfisols,6.5,loamy,good,dry,low,moderate,moderate,brown,43.8,16.0,40.2,1.25
14177987,40776109,Falkner,Alfisols,5.3,silty,poor,wet,moderate,moderate,high,brown,20.8,11.5,67.7,1.75
14177988,40776112,Leadvale,Ultisols,5.0,silty,moderate,moderate,moderate,moderate,high,red,13.7,17.0,69.3,2.5
14177989,40776116,Muskogee,Alfisols,5.3,silty,moderate,moderate,moderate,moderate,high,brown,11.7,18.5,69.8,2.5
14177990,40776120,Sallisaw,Alfisols,6.5,loamy,good,dry,low,moderate,moderate,brown,43.8,16.0,40.2,1.25
14177991,40776125,Messer,Alfisols,5.3,silty,moderate,moderate,low,moderate,high,brown,14.3,12.5,73.2,1.25
14177992,40776126,Leadvale,Ultisols,5.0,silty,moderate,moderate,moderate,moderate,high,red,13.7,17.0,69.3,2.5
14177993,40776130,Barling,Inceptisols,5.8,silty,moderate,moderate,moderate,moderate,high,brown,14.3,12.5,73.2,2.0
14177994,40776134,Wrightsville,Alfisols,4.6,silty,poor,wet,moderate,moderate,high,brown,29.1,17.5,53.4,1.75
14177995,40776137,Falkner,Alfisols,5.3,silty,poor,wet,moderate,moderate,high,brown,20.8,11.5,67.7,1.75
14177996,40776142,Mountainburg,Ultisols,5.3,sandy-loam,good,dry,moderate,moderate,low,red,67.5,11.5,21.0,2.0
14177997,40776144,Enders,Ultisols,4.6,sandy-loam,good,dry,moderate,moderate,low,red,68.1,17.5,14.4,3.0
14177998,40776150,Endsaw,Alfisols,5.6,loamy,good,dry,low,moderate,moderate,brown,43.0,17.5,39.5,0.75
14177999,40776153,Leadvale,Ultisols,5.0,silty,moderate,moderate,moderate,moderate,high,red,13.7,17.0,69.3,2.5
14178000,40776157,Enders,Ultisols,4.6,sandy-loam,good,dry,moderate,moderate,low,red,68.1,17.5,14.4,3.0
14178001,40776163,Leadvale,Ultisols,5.0,silty,moderate,moderate,moderate,moderate,high,red,13.7,17.0,69.3,2.5
14178002,40776170,Linker,Ultisols,4.6,sandy,good,dry,moderate,moderate,moderate,red,70.9,12.5,16.6,1.75
14178003,40776172,Taft,Ultisols,5.0,silty,poor,wet,moderate,moderate,high,red,13.6,17.5,68.9,3.5
14178004,40776176,Spadra,Ultisols,5.3,silty,good,dry,moderate,moderate,moderate,red,29.1,17.5,53.4,2.0
14178005,40776179,Barling,Inceptisols,5.8,silty,moderate,moderate,moderate,moderate,high,brown,14.3,12.5,73.2,2.0
14178006,40776183,Cane,Ultisols,6.1,sandy,moderate,moderate,low,moderate,moderate,red,70.9,12.5,16.6,0.75
14178007,40776186,Wrightsville,Alfisols,4.6,silty,poor,wet,moderate,moderate,high,brown,29.1,17.5,53.4,1.75
14178008,40776189,Guthrie,Ultisols,4.6,silty,poor,wet,moderate,moderate,high,red,13.6,17.5,68.9,1.5
14178009,40776193,Linker,Ultisols,4.6,sandy,good,dry,moderate,moderate,moderate,red,70.9,12.5,16.6,1.75
14178010,40776198,Mountainburg,Ultisols,5.3,sandy-loam,good,dry,moderate,moderate,low,red,67.5,11.5,21.0,2.0
14178011,40776205,Steprock,Ultisols,5.0,loamy,good,dry,low,moderate,moderate,red,45.4,13.0,41.6,1.25
14178012,40776206,Mountainburg,Ultisols,5.3,sandy-loam,good,dry,moderate,moderate,low,red,67.5,11.5,21.0,1.75
14178013,40776210,Linker,Ultisols,4.6,sandy,good,dry,moderate,moderate,moderate,red,70.9,12.5,16.6,1.75
14178014,40776215,Enders,Ultisols,4.6,sandy-loam,good,dry,moderate,moderate,low,red,68.1,17.5,14.4,3.0
14178015,40776221,Nella,Ultisols,5.0,sandy-loam,good,dry,moderate,moderate,moderate,red,67.3,18.5,14.2,1.75
14178016,40776224,Barling,Inceptisols,5.8,silty,moderate,moderate,moderate,moderate,high,brown,14.3,12.5,73.2,2.0
14178017,40776228,Linker,Ultisols,4.6,sandy,good,dry,moderate,moderate,moderate,red,70.9,12.5,16.6,1.75
14178018,40776233,Mountainburg,Ultisols,5.3,sandy-loam,good,dry,moderate,moderate,low,red,67.5,11.5,21.0,2.0
14178019,40776237,Steprock,Ultisols,5.0,loamy,good,dry,low,moderate,low,red,45.4,13.0,41.6,1.25
14178020,40776243,Mountainburg,Ultisols,5.3,sandy-loam,good,dry,moderate,moderate,low,red,67.5,11.5,21.0,1.75
14178021,40776248,Enders,Ultisols,4.6,sandy-loam,good,dry,moderate,moderate,low,red,68.1,17.5,14.4,3.0
14178022,40776251,Nella,Ultisols,5.0,sandy-loam,good,dry,moderate,moderate,moderate,red,67.3,18.5,14.2,1.75
14178023,40776254,Linker,Ultisols,4.6,sandy,good,dry,moderate,moderate,moderate,red,70.9,12.5,16.6,1.75
14178024,40776259,Leadvale,Ultisols,5.0,silty,moderate,moderate,moderate,moderate,high,red,13.7,17.0,69.3,2.5
14178025,40776263,Nauvoo,Ultisols,5.3,sandy-loam,good,dry,low,moderate,moderate,red,68.1,17.5,14.4,1.25
14178026,40776267,Mountainburg,Ultisols,5.3,sandy-loam,good,dry,moderate,moderate,low,red,67.5,11.5,21.0,1.75
14178027,40776273,Steprock,Ultisols,5.0,sandy,good,dry,low,moderate,moderate,red,70.5,13.0,16.5,1.25
14178028,40776279,Enders,Ultisols,4.6,sandy-loam,good,dry,moderate,moderate,low,red,68.1,17.5,14.4,3.0
14178029,40776281,Linker,Ultisols,4.6,sandy,good,dry,moderate,moderate,moderate,red,70.9,12.5,16.6,1.75
14178030,40776286,Steprock,Ultisols,5.0,sandy,good,dry,low,moderate,moderate,red,70.5,13.0,16.5,1.25
14178031,40776292,Mountainburg,Ultisols,5.3,sandy-loam,good,dry,moderate,moderate,low,red,67.5,11.5,21.0,2.0
14178032,40776294,Cane,Ultisols,6.1,sandy,moderate,moderate,low,moderate,moderate,red,70.9,12.5,16.6,0.75
14178033,40776297,Leadvale,Ultisols,5.0,silty,moderate,moderate,moderate,moderate,high,red,13.7,17.0,69.3,2.5
14178034,40776303,Guthrie,Ultisols,4.6,silty,poor,wet,moderate,moderate,high,red,13.6,17.5,68.9,1.5
14178035,40776305,Sallisaw,Alfisols,6.5,silty,good,dry,low,moderate,moderate,brown,29.7,16.0,54.3,1.25
14178036,40776308,Taft,Ultisols,5.0,silty,poor,wet,moderate,moderate,high,red,13.6,17.5,68.9,3.5
14178037,40776313,Barling,Inceptisols,5.8,silty,moderate,moderate,moderate,moderate,high,brown,14.3,12.5,73.2,2.0
14178038,40776316,Guthrie,Ultisols,4.6,silty,poor,wet,moderate,moderate,high,red,13.6,17.5,68.9,1.5
14178039,40776321,Spadra,Ultisols,5.3,silty,good,dry,moderate,moderate,moderate,red,29.1,17.5,53.4,2.0
14178040,40776324,Enders,Ultisols,4.6,sandy-loam,good,dry,moderate,moderate,low,red,68.1,17.5,14.4,3.0
14178041,40776329,Pickwick,Ultisols,5.0,silty,good,wet,moderate,moderate,high,red,13.7,17.0,69.3,1.75
14178042,40776332,Pickwick,Ultisols,5.0,silty,good,wet,moderate,moderate,high,red,13.7,17.0,69.3,1.75
14178043,40776335,Mountainburg,Ultisols,5.3,sandy-loam,good,dry,moderate,moderate,low,red,65.7,11.5,22.8,2.0
14178044,40776340,Enders,Ultisols,4.6,sandy-loam,good,dry,moderate,moderate,low,red,68.1,17.5,14.4,3.0
14178045,40776346,Mountainburg,Ultisols,5.3,sandy-loam,good,dry,moderate,moderate,low,red,67.5,11.5,21.0,1.75
14178046,40776349,Taft,Ultisols,5.0,silty,poor,wet,moderate,moderate,high,red,13.6,17.5,68.9,3.5
14178047,40776353,Pickwick,Ultisols,5.0,silty,good,wet,moderate,moderate,high,red,13.7,17.0,69.3,1.75
14178048,40776356,Linker,Ultisols,4.6,sandy,good,dry,moderate,moderate,moderate,red,70.9,12.5,16.6,1.75
14178049,40776361,Enders,Ultisols,4.6,loamy,good,dry,moderate,moderate,low,red,43.0,17.5,39.5,3.0
14178050,40776367,Leadvale,Ultisols,5.0,silty,moderate,moderate,moderate,moderate,high,red,13.7,17.0,69.3,2.5
14178051,40776371,Linker,Ultisols,4.6,sandy,good,dry,moderate,moderate,moderate,red,70.9,12.5,16.6,1.75
14178052,40776376,Enders,Ultisols,4.6,sandy-loam,good,dry,moderate,moderate,low,red,68.1,17.5,14.4,3.0
14178053,40776382,Enders,Ultisols,4.6,sandy-loam,good,dry,moderate,moderate,low,red,68.1,17.5,14.4,3.0
14178054,40776388,Leadvale,Ultisols,5.0,silty,moderate,moderate,moderate,moderate,high,red,13.7,17.0,69.3,2.5
14178055,40776392,Linker,Ultisols,4.6,sandy,good,dry,moderate,moderate,moderate,red,70.9,12.5,16.6,1.75
14178056,40776397,Steprock,Ultisols,5.0,sandy,good,dry,low,moderate,moderate,red,70.5,13.0,16.5,1.25
14178057,40776401,Mountainburg,Ultisols,5.3,sandy-loam,good,dry,moderate,moderate,low,red,67.5,11.5,21.0,1.75
14178058,40776405,Linker,Ultisols,4.6,sandy,good,dry,moderate,moderate,moderate,red,70.9,12.5,16.6,1.75
14178059,40776410,Mountainburg,Ultisols,5.3,sandy-loam,good,dry,moderate,moderate,low,red,67.5,11.5,21.0,2.0
14178060,40776414,Pirum,Ultisols,5.0,sandy-loam,good,dry,low,moderate,moderate,red,67.3,18.5,14.2,1.25
14178061,40776418,Sherless,Ultisols,5.9,sandy-loam,good,dry,low,moderate,moderate,red,67.5,11.5,21.0,0.75
14178062,40776421,Ceda,Entisols,6.1,loamy,good,dry,low,moderate,moderate,brown,44.8,14.0,41.2,0.75
14178063,40776423,Bengal,Ultisols,5.3,loamy,good,dry,low,moderate,moderate,red,44.3,15.0,40.7,1.25
14178064,40776428,Carnasaw,Ultisols,5.3,loamy,good,dry,low,moderate,moderate,red,42.0,20.5,37.5,1.25
14178065,40776433,Sherless,Ultisols,5.9,sandy-loam,good,dry,low,moderate,moderate,red,67.5,11.5,21.0,0.75
14178066,40776436,Kenn,Alfisols,5.8,loamy,good,dry,low,moderate,moderate,brown,43.0,17.5,39.5,1.25
14178067,40776441,Sherless,Ultisols,5.9,sandy-loam,good,dry,low,moderate,moderate,red,67.5,11.5,21.0,0.75
14178068,40776443,Pickens,Inceptisols,5.8,silty,good,dry,low,moderate,moderate,brown,26.3,21.0,52.7,0.75
14178069,40776446,Clebit,Inceptisols,5.5,loamy,good,dry,low,moderate,low,brown,44.3,15.0,40.7,0.75
14178070,40776449,Pirum,Ultisols,5.0,sandy-loam,good,dry,low,moderate,moderate,red,67.3,18.5,14.2,1.25
14178071,40776454,Sherwood,Ultisols,5.3,sandy-loam,good,dry,low,moderate,moderate,red,69.6,14.0,16.4,1.25
14178072,40776458,Bismarck,Inceptisols,5.3,silty,good,dry,low,moderate,moderate,brown,30.4,14.0,55.6,1.25
14178073,40776462,Stapp,Ultisols,5.3,loamy,moderate,moderate,low,moderate,moderate,red,44.3,15.0,40.7,1.25
14178074,40776467,Carnasaw,Ultisols,5.3,loamy,good,dry,low,moderate,moderate,red,42.0,20.5,37.5,1.25
14178075,40776471,Carnasaw,Ultisols,5.3,loamy,good,dry,low,moderate,moderate,red,42.0,20.5,37.5,1.25
14178076,40776476,Bengal,Ultisols,5.3,loamy,good,dry,low,moderate,moderate,red,44.3,15.0,40.7,1.25
14178077,40776483,Clebit,Inceptisols,5.5,loamy,good,dry,low,moderate,low,brown,44.3,15.0,40.7,0.75
14178078,40776484,Octavia,Ultisols,5.3,loamy,good,dry,low,moderate,moderate,red,43.0,17.5,39.5,0.75
14178079,40776487,Pirum,Ultisols,5.0,sandy-loam,good,dry,low,moderate,moderate,red,67.3,18.5,14.2,1.25
14178080,40776491,Clebit,Inceptisols,5.5,loamy,good,dry,low,moderate,low,brown,44.3,15.0,40.7,0.75
14178081,40776494,Kenn,Alfisols,5.8,sandy-loam,good,dry,low,moderate,low,brown,68.8,15.0,16.2,1.25
14178082,40776498,Ceda,Entisols,6.1,loamy,good,dry,low,moderate,moderate,brown,44.8,14.0,41.2,1.25
14178083,40776500,Kenn,Alfisols,5.8,sandy-loam,good,dry,low,moderate,low,brown,68.8,15.0,16.2,1.25
14178084,40776504,Avilla,Ultisols,5.5,silty,good,dry,low,moderate,moderate,red,26.3,21.0,52.7,1.25
14178085,40776510,Spadra,Ultisols,5.3,sandy,good,dry,moderate,moderate,moderate,red,70.9,12.5,16.6,2.0
14178086,40776512,Cupco,Alfisols,5.5,silty,poor,wet,low,moderate,high,brown,11.4,20.5,68.1,1.25
14178087,40776515,Ceda,Entisols,6.1,loamy,good,dry,low,moderate,moderate,brown,44.8,14.0,41.2,0.75
14178088,40776521,Avilla,Ultisols,5.5,silty,good,dry,low,moderate,moderate,red,26.3,21.0,52.7,1.25
14178089,40776522,Ceda,Entisols,6.1,sandy-loam,good,dry,low,moderate,low,brown,69.6,14.0,16.4,0.75
14178090,40776524,Neff,Alfisols,5.3,loamy,moderate,moderate,moderate,moderate,high,brown,37.1,20.5,42.4,1.75
14178091,40776527,Guthrie,Ultisols,4.6,silty,poor,wet,moderate,moderate,high,red,13.6,17.5,68.9,1.5
14178092,40776531,Taft,Ultisols,5.0,silty,poor,wet,moderate,moderate,high,red,13.6,17.5,68.9,3.5
14178093,40776535,Leadvale,Ultisols,5.0,silty,moderate,moderate,moderate,moderate,high,red,13.7,17.0,69.3,2.5
14178094,40776539,Cane,Ultisols,6.1,loamy,moderate,moderate,low,moderate,moderate,red,45.7,12.5,41.8,0.75
14178095,40776543,Sallisaw,Alfisols,6.5,silty,good,dry,low,moderate,moderate,brown,29.7,16.0,54.3,1.25
14178096,40776545,Spadra,Ultisols,5.3,sandy,good,dry,moderate,moderate,moderate,red,70.9,12.5,16.6,2.0
14178097,40776548,Leadvale,Ultisols,5.0,silty,moderate,moderate,moderate,moderate,high,red,13.7,17.0,69.3,2.5
14178098,40776554,Cane,Ultisols,6.1,loamy,moderate,moderate,low,moderate,moderate,red,45.7,12.5,41.8,0.75
14178099,40776555,Carnasaw,Ultisols,5.3,sandy-loam,good,dry,low,moderate,low,red,68.8,15.0,16.2,1.25
14178100,40776561,Sallisaw,Alfisols,6.5,silty,good,dry,low,moderate,moderate,brown,29.7,16.0,54.3,1.25
14178101,40776563,Barling,Inceptisols,5.8,silty,moderate,moderate,moderate,moderate,high,brown,14.3,12.5,73.2,2.0
14178102,40776567,Ceda,Entisols,6.1,sandy-loam,good,dry,low,moderate,low,brown,69.6,14.0,16.4,0.75
14178103,40776569,Avant,Ultisols,5.3,silty,good,dry,moderate,moderate,low,red,30.9,12.5,56.6,3.0
14178104,40776574,Avant,Ultisols,5.3,silty,good,dry,moderate,moderate,low,red,30.9,12.5,56.6,3.0
14178105,40776579,Bigfork,Ultisols,5.8,silty,good,dry,low,moderate,moderate,red,26.4,20.5,53.1,1.25
14178106,40776582,Avant,Ultisols,5.3,silty,good,dry,moderate,moderate,low,red,30.9,12.5,56.6,3.0
14178107,40776587,Yanush,Alfisols,6.1,silty,good,dry,low,moderate,moderate,brown,26.0,22.0,52.0,1.25
14178108,40776589,Bigfork,Ultisols,5.8,loamy,good,dry,low,moderate,moderate,red,42.0,20.5,37.5,1.25
14178109,40776592,Bismarck,Inceptisols,5.3,silty,good,dry,low,moderate,moderate,brown,30.4,14.0,55.6,1.25
14178110,40776596,Carnasaw,Ultisols,5.3,loamy,good,dry,low,moderate,moderate,red,42.0,20.5,37.5,1.25
14178111,40776601,Yanush,Alfisols,6.1,silty,good,dry,low,moderate,moderate,brown,26.0,22.0,52.0,1.25
14178112,40776604,Bigfork,Ultisols,5.8,silty,good,dry,low,moderate,moderate,red,26.4,20.5,53.1,1.25
14178113,40776608,Carnasaw,Ultisols,5.3,loamy,good,dry,low,moderate,moderate,red,42.0,20.5,37.5,1.25
14178114,40776611,Yanush,Alfisols,6.1,silty,good,dry,low,moderate,moderate,brown,26.0,22.0,52.0,1.25
14178115,40776613,Bismarck,Inceptisols,5.3,silty,good,dry,low,moderate,moderate,brown,30.4,14.0,55.6,1.25
14178116,40776617,Foley,Alfisols,5.9,silty,poor,wet,low,moderate,high,brown,14.0,15.0,71.0,1.25
14178117,40776621,Tuckerman,Alfisols,5.3,sandy-loam,poor,wet,low,moderate,moderate,brown,67.5,11.5,21.0,1.25
14178118,40776625,Adler,Inceptisols,6.7,silty,moderate,wet,low,moderate,high,brown,13.6,17.5,68.9,1.25
14178119,40776627,Calhoun,Alfisols,5.3,silty,poor,wet,moderate,moderate,high,dark brown,2.6,26.0,71.4,2.6
14178120,40776631,Amagon,Alfisols,5.3,silty,poor,wet,moderate,moderate,high,brown,11.2,21.5,67.3,1.5
14178121,40776635,Dubbs,Alfisols,5.3,silty,good,wet,low,moderate,high,brown,20.8,11.5,67.7,1.25
14178122,40776637,Houlka,Vertisols,5.9,silty,poor,wet,moderate,moderate,high,brown,6.2,35.0,58.8,2.0
14178123,40776639,Crowley,Alfisols,6.5,silty,poor,wet,moderate,moderate,high,dark brown,27.1,18.5,54.4,3.0
14178124,40776641,Oaklimeter,Inceptisols,6.1,silty,moderate,wet,moderate,moderate,high,dark brown,4.2,12.8,83.0,3.95
14178126,40776646,Falaya,Entisols,5.0,silty,poor,wet,moderate,moderate,high,brown,20.7,12.0,67.3,1.75
14178127,40776647,Bosket,Alfisols,6.2,sandy-loam,good,dry,low,moderate,moderate,brown,68.5,10.0,21.5,1.25
14178128,40776650,Kobel,Inceptisols,6.2,clay,poor,wet,low,moderate,moderate,brown,44.4,50.0,5.6,1.25
14178129,40776653,Kobel,Inceptisols,6.2,clay,poor,wet,moderate,moderate,moderate,brown,7.2,45.0,47.8,2.0
14178130,40776657,Sharkey,Vertisols,6.8,clay,poor,wet,moderate,moderate,moderate,brown,5.3,50.0,44.7,2.25
14178131,40776658,Commerce,Inceptisols,7.0,silty,poor,wet,moderate,moderate,moderate,brown,6.2,33.0,60.8,2.25
14178132,40776663,Commerce,Inceptisols,7.0,silty,poor,wet,moderate,moderate,high,brown,11.4,20.5,68.1,2.25
14178133,40776664,Mhoon,Inceptisols,7.0,sandy-loam,poor,wet,low,moderate,moderate,brown,68.8,15.0,16.2,1.25
14178134,40776666,Dubbs,Alfisols,5.3,silty,good,wet,low,moderate,high,brown,20.8,11.5,67.7,1.25
14178135,40776669,Kobel,Inceptisols,6.2,clay,poor,wet,moderate,moderate,moderate,brown,7.2,45.0,47.8,2.0
14178136,40776672,Kobel,Inceptisols,6.2,silty,poor,wet,moderate,moderate,moderate,brown,16.9,35.0,48.1,2.0
14178137,40776675,Commerce,Inceptisols,7.0,silty,poor,wet,moderate,moderate,high,brown,11.4,20.5,68.1,2.25
14178138,40776678,Kobel,Inceptisols,6.2,clay,poor,wet,moderate,moderate,moderate,brown,7.2,45.0,47.8,2.0
14178139,40776681,Desha,Mollisols,7.0,clay,poor,wet,moderate,moderate,high,black,17.1,55.0,27.9,2.5
14178140,40776685,Earle,Inceptisols,5.8,clay,poor,wet,moderate,moderate,moderate,brown,16.2,57.5,26.3,2.0
14178141,40776687,Tunica,Inceptisols,6.7,clay,poor,wet,moderate,moderate,high,brown,3.0,55.0,42.0,2.0
14178142,40776690,Bowdre,Mollisols,6.5,clay,poor,wet,moderate,moderate,high,black,15.5,47.5,37.0,2.0
14178143,40776695,Alligator,Vertisols,5.0,clay,poor,wet,moderate,moderate,moderate,brown,5.3,50.0,44.7,2.5
14178144,40776699,Sharkey,Vertisols,6.8,clay,poor,wet,moderate,moderate,moderate,brown,22.1,50.0,27.9,2.25
14178145,40776702,Newellton,Inceptisols,6.5,clay,poor,wet,moderate,moderate,moderate,brown,5.5,47.5,47.0,2.25
14178146,40776705,Alligator,Vertisols,5.0,clay,poor,wet,moderate,moderate,moderate,brown,22.1,50.0,27.9,2.5
14178147,40776710,Steele,Entisols,6.7,sandy,moderate,moderate,low,moderate,moderate,brown,82.5,8.5,9.0,0.75
14178148,40776713,Sharkey,Vertisols,6.8,clay,poor,wet,moderate,moderate,moderate,brown,5.3,50.0,44.7,2.25
14178149,40776716,Earle,Inceptisols,5.8,silty,poor,wet,moderate,moderate,high,brown,17.5,33.5,49.0,2.0
14178150,40776719,Sharkey,Vertisols,6.8,clay,poor,wet,moderate,moderate,moderate,brown,5.3,50.0,44.7,2.25
14178151,40776722,Bowdre,Mollisols,6.5,clay,poor,wet,moderate,moderate,high,black,15.5,47.5,37.0,2.0
14178152,40776727,Convent,Inceptisols,7.0,silty,poor,wet,moderate,moderate,high,brown,21.4,9.0,69.6,1.75
14178153,40776729,Tunica,Inceptisols,6.7,clay,poor,wet,moderate,moderate,high,brown,3.0,55.0,42.0,2.0
14178154,40776732,Forestdale,Alfisols,5.3,silty,poor,wet,unknown,moderate,high,brown,18.0,31.5,50.5,
14178155,40776735,Sharkey,Vertisols,6.8,clay,poor,wet,moderate,moderate,moderate,brown,5.3,50.0,44.7,2.25
14178156,40776738,Earle,Inceptisols,5.8,clay,poor,wet,moderate,moderate,moderate,brown,16.2,57.5,26.3,2.0
14178157,40776741,Amagon,Alfisols,5.5,silty,poor,wet,moderate,moderate,high,brown,11.7,18.5,69.8,1.5
14178158,40776745,Alligator,Vertisols,5.0,clay,poor,wet,moderate,moderate,moderate,brown,5.3,50.0,44.7,2.5
14178159,40776749,Tuckerman,Alfisols,5.3,sandy-loam,poor,wet,low,moderate,moderate,brown,69.7,8.5,21.8,1.25
14178160,40776754,Bosket,Alfisols,5.8,sandy-loam,good,dry,low,moderate,moderate,brown,68.5,10.0,21.5,1.25
14178161,40776759,Amagon,Alfisols,5.5,silty,poor,wet,moderate,moderate,high,brown,11.7,18.5,69.8,1.5
14178162,40776763,Sharkey,Vertisols,6.8,clay,poor,wet,moderate,moderate,moderate,brown,5.3,50.0,44.7,2.25
14178163,40776767,Dubbs,Alfisols,5.3,silty,good,wet,low,moderate,high,brown,20.8,11.5,67.7,1.25
14178164,40776769,Alligator,Vertisols,5.0,clay,poor,wet,moderate,moderate,moderate,brown,22.1,50.0,27.9,2.5
14178165,40776775,Dubbs,Alfisols,5.3,silty,good,wet,low,moderate,high,brown,20.8,11.5,67.7,1.25
14178166,40776776,Alligator,Vertisols,5.0,clay,poor,wet,moderate,moderate,moderate,brown,22.1,50.0,27.9,2.5
14178167,40776780,Patterson,Alfisols,5.3,sandy-loam,poor,wet,moderate,moderate,moderate,brown,68.9,9.5,21.6,1.75
14178168,40776785,Beulah,Inceptisols,5.3,sandy-loam,good,dry,low,moderate,moderate,brown,68.5,10.0,21.5,1.25
14178169,40776788,Broseley,Alfisols,5.8,sandy,good,dry,low,moderate,moderate,brown,80.8,10.0,9.2,0.75
14178170,40776791,Bosket,Alfisols,5.8,sandy-loam,good,dry,low,moderate,moderate,brown,68.5,10.0,21.5,1.25
14178171,40776796,Wardell,Alfisols,6.5,loamy,poor,wet,low,moderate,high,brown,41.6,21.0,37.4,1.25
14178172,40776800,Dubbs,Alfisols,5.3,silty,good,wet,low,moderate,high,brown,20.8,11.5,67.7,1.25
14178173,40776803,Mhoon,Inceptisols,7.0,silty,poor,wet,low,moderate,high,brown,11.4,20.5,68.1,1.25
14178174,40776805,Dundee,Alfisols,5.3,silty,poor,wet,low,moderate,high,brown,11.4,20.0,68.6,0.75
14178175,40776808,Bosket,Alfisols,5.8,sandy-loam,good,dry,low,moderate,moderate,brown,68.5,10.0,21.5,1.25
14178176,40776813,Tiptonville,Mollisols,6.5,silty,moderate,wet,moderate,moderate,high,black,13.6,17.5,68.9,3.0
14178177,40776816,Askew,Alfisols,6.2,silty,moderate,moderate,moderate,moderate,moderate,brown,13.6,17.5,68.9,2.0
14178178,40776821,Commerce,Inceptisols,7.0,silty,poor,wet,moderate,moderate,high,brown,11.4,20.5,68.1,2.25
14178179,40776824,Tuckerman,Alfisols,5.3,sandy-loam,poor,wet,low,moderate,moderate,brown,69.7,8.5,21.8,1.25
14178180,40776829,Routon,Alfisols,5.5,silty,poor,wet,low,moderate,high,brown,11.4,20.0,68.6,1.25
14178181,40776832,Dundee,Alfisols,5.3,silty,poor,wet,low,moderate,high,brown,11.4,20.0,68.6,0.75
14178182,40776838,Amagon,Alfisols,5.5,silty,poor,wet,moderate,moderate,high,brown,11.7,18.5,69.8,1.5
14178183,40776840,Dubbs,Alfisols,5.3,silty,good,wet,low,moderate,high,brown,20.8,11.5,67.7,1.25
14178184,40776842,Staser,Mollisols,6.5,silty,good,dry,moderate,moderate,high,black,22.4,22.5,55.1,3.0
14178185,40776846,Bruno,Entisols,6.8,sandy,good,dry,low,moderate,low,brown,77.9,6.0,16.1,1.25
14178186,40776847,Crevasse,Entisols,7.0,sandy,good,dry,low,moderate,low,brown,82.2,8.5,9.3,1.25
14178187,40776849,Jeanerette,Mollisols,6.7,silty,poor,wet,moderate,moderate,high,black,11.8,18.0,70.2,2.25
14178188,40776852,Crevasse,Entisols,7.0,sandy,good,dry,low,moderate,low,brown,82.2,8.5,9.3,1.25
14178189,40776854,Sharkey,Vertisols,6.8,clay,poor,wet,moderate,moderate,moderate,brown,5.3,50.0,44.7,2.25
14178190,40776857,Arrington,Mollisols,7.0,silty,good,wet,moderate,moderate,high,black,6.8,26.5,66.7,3.0
14178191,40776860,Egam,Mollisols,6.5,silty,good,dry,moderate,moderate,high,black,18.4,27.5,54.1,3.0
14178192,40776863,Sharkey,Vertisols,6.8,clay,poor,wet,moderate,moderate,moderate,brown,5.3,50.0,44.7,2.25
14178193,40776866,Sharkey,Vertisols,6.8,clay,poor,wet,moderate,moderate,moderate,brown,5.3,50.0,44.7,2.25
14178194,40776869,Newellton,Inceptisols,6.5,clay,poor,wet,moderate,moderate,moderate,brown,5.5,47.5,47.0,2.25
14178195,40776872,Tunica,Inceptisols,6.7,clay,poor,wet,moderate,moderate,high,brown,3.0,55.0,42.0,2.0
14178197,40776877,Bowdre,Mollisols,6.5,clay,poor,wet,moderate,moderate,high,black,15.5,47.5,37.0,2.0
14178198,40776882,Tunica,Inceptisols,6.7,clay,poor,wet,moderate,moderate,high,brown,3.0,55.0,42.0,2.0
14178200,40776887,Dundee,Alfisols,5.3,silty,poor,wet,low,moderate,high,brown,11.4,20.0,68.6,0.75
14178201,40776888,Commerce,Inceptisols,7.0,silty,poor,wet,moderate,moderate,high,brown,11.4,20.5,68.1,2.25
14178202,40776891,Crevasse,Entisols,7.0,sandy,good,dry,low,moderate,low,brown,94.4,5.0,0.6,1.25
14178203,40776893,Dundee,Alfisols,5.3,silty,poor,wet,low,moderate,high,brown,11.4,20.0,68.6,0.75
14178204,40776896,Newellton,Inceptisols,6.5,clay,poor,wet,moderate,moderate,moderate,brown,5.5,47.5,47.0,2.25
14178206,40776900,Robinsonville,Entisols,7.3,sandy-loam,good,dry,low,moderate,high,brown,60.8,6.0,33.2,1.25
14178207,40776902,Hebert,Alfisols,5.9,silty,poor,wet,moderate,moderate,high,brown,11.7,18.5,69.8,2.25
14178208,40776905,Perry,Vertisols,5.3,clay,poor,wet,moderate,moderate,moderate,brown,12.1,60.0,27.9,2.25
14178209,40776908,Portland,Inceptisols,5.0,clay,poor,wet,moderate,moderate,moderate,brown,22.1,50.0,27.9,2.5
14178210,40776912,Desha,Mollisols,7.0,clay,poor,wet,moderate,moderate,high,black,17.1,55.0,27.9,2.5
14178211,40776915,Portland,Inceptisols,5.0,clay,poor,wet,moderate,moderate,moderate,brown,5.3,50.0,44.7,2.5
14178212,40776919,Moreland,Vertisols,7.0,clay,poor,wet,moderate,moderate,moderate,brown,7.4,44.5,48.1,2.5
14178213,40776923,Yorktown,Inceptisols,6.5,clay,poor,wet,high,moderate,high,dark brown,3.1,52.5,44.4,4.5
14178214,40776925,McGehee,Alfisols,5.6,silty,poor,wet,low,moderate,high,brown,13.7,17.0,69.3,1.25
14178215,40776931,Latanier,Vertisols,7.5,clay,poor,wet,moderate,moderate,moderate,brown,23.3,47.5,29.2,2.5
14178216,40776932,Coushatta,Inceptisols,6.5,silty,good,wet,moderate,moderate,high,brown,11.8,18.0,70.2,2.25
14178217,40776935,Perry,Vertisols,5.3,clay,poor,wet,moderate,moderate,moderate,brown,12.1,60.0,27.9,2.25
14178218,40776938,Perry,Vertisols,5.3,clay,poor,wet,moderate,moderate,moderate,brown,0.0,60.0,40.0,2.25
14178219,40776941,Rilla,Alfisols,5.9,silty,good,wet,moderate,moderate,high,brown,13.6,17.5,68.9,2.25
14178220,40776944,Norwood,Inceptisols,7.9,silty,good,dry,low,moderate,high,pale,6.2,33.5,60.3,1.25
14178221,40776947,Rilla,Alfisols,5.9,silty,good,wet,moderate,moderate,high,brown,13.6,17.5,68.9,2.25
14178222,40776950,Roxana,Entisols,7.3,sandy-loam,good,dry,low,moderate,moderate,brown,61.3,16.0,22.7,1.25
14178223,40776953,Crevasse,Entisols,7.0,sandy,good,dry,low,moderate,low,brown,82.2,8.5,9.3,1.25
14178224,40776955,Oklared,Entisols,7.9,sandy-loam,good,dry,low,moderate,moderate,brown,69.6,14.0,16.4,0.75
14178225,40776958,Bruno,Entisols,6.8,sandy,good,dry,low,moderate,moderate,brown,71.1,6.5,22.4,1.25
14178226,40776961,Coushatta,Inceptisols,6.5,silty,good,wet,moderate,moderate,high,brown,11.8,18.0,70.2,2.25
14178227,40776964,Crevasse,Entisols,7.0,sandy,good,dry,low,moderate,low,brown,82.2,8.5,9.3,1.25
14178228,40776966,Roxana,Entisols,7.3,silty,good,dry,low,moderate,moderate,brown,13.9,16.0,70.1,1.25
14178229,40776969,Norwood,Inceptisols,7.9,silty,good,dry,low,moderate,high,pale,6.2,33.5,60.3,1.25
14178230,40776973,Latanier,Vertisols,7.5,clay,poor,wet,moderate,moderate,moderate,brown,23.3,47.5,29.2,2.5
14178231,40776977,Bruno,Entisols,6.8,sandy,good,dry,low,moderate,low,brown,77.9,6.0,16.1,1.25
14178232,40776978,Roxana,Entisols,7.3,silty,good,dry,low,moderate,moderate,brown,13.9,16.0,70.1,1.25
14178233,40776983,Gallion,Alfisols,6.5,silty,good,wet,low,moderate,high,brown,11.4,20.5,68.1,1.25
14178234,40776984,Crevasse,Entisols,7.0,sandy,good,dry,low,moderate,low,brown,82.2,8.5,9.3,1.25
14178235,40776986,Crevasse,Entisols,7.0,sandy,good,dry,low,moderate,low,brown,82.2,8.5,9.3,1.25
14178236,40776988,Roxana,Entisols,7.3,silty,good,dry,low,moderate,moderate,brown,13.9,16.0,70.1,1.25
14178237,40776991,Norwood,Inceptisols,7.9,silty,good,dry,low,moderate,high,pale,6.2,33.5,60.3,1.25
14178238,40776994,Gallion,Alfisols,6.5,silty,good,wet,low,moderate,high,brown,11.4,20.5,68.1,1.25
14178239,40776997,Severn,Entisols,7.9,silty,good,dry,low,moderate,moderate,brown,14.3,12.5,73.2,0.75
14178240,40776999,Dardanelle,Mollisols,6.5,silty,good,dry,moderate,moderate,moderate,black,11.7,18.5,69.8,2.5
14178241,40777003,Roellen,Mollisols,6.7,clay,poor,wet,moderate,moderate,moderate,black,7.7,42.5,49.8,3.5
14178242,40777006,Bruno,Entisols,6.8,sandy,good,dry,low,moderate,low,brown,77.9,6.0,16.1,1.25
14178243,40777009,Latanier,Vertisols,7.5,clay,poor,wet,moderate,moderate,moderate,brown,23.3,47.5,29.2,2.5
14178244,40777012,Wabbaseka,Mollisols,7.2,silty,moderate,moderate,moderate,moderate,moderate,black,17.5,33.5,49.0,2.0
14178245,40777016,Yorktown,Inceptisols,6.5,clay,poor,wet,high,moderate,high,dark brown,3.1,52.5,44.4,4.5
14178246,40777019,McGehee,Alfisols,5.6,silty,poor,wet,low,moderate,high,brown,13.7,17.0,69.3,1.25
14178247,40777023,Rilla,Alfisols,5.9,silty,good,wet,moderate,moderate,high,brown,13.6,17.5,68.9,2.25
14178248,40777026,Oklared,Entisols,7.9,sandy-loam,good,dry,low,moderate,moderate,brown,69.6,14.0,16.4,0.75
14178249,40777029,Perry,Vertisols,5.3,clay,poor,wet,moderate,moderate,moderate,brown,12.1,60.0,27.9,2.25
14178250,40777032,Portland,Inceptisols,5.0,silty,poor,wet,moderate,moderate,high,brown,20.5,25.0,54.5,2.5
14178251,40777036,Caspiana,Mollisols,7.0,silty,good,wet,moderate,moderate,high,black,11.7,18.5,69.8,2.5
14178252,40777039,Hebert,Alfisols,5.9,silty,poor,wet,moderate,moderate,high,brown,11.7,18.5,69.8,2.25
14178253,40777042,Keo,Inceptisols,7.0,silty,good,dry,moderate,moderate,high,brown,14.3,12.5,73.2,2.5
14178254,40777045,Rilla,Alfisols,5.9,silty,good,wet,moderate,moderate,high,brown,13.6,17.5,68.9,2.25
14178255,40777048,Billyhaw,Vertisols,7.0,clay,poor,wet,moderate,moderate,moderate,dark brown,12.1,60.0,27.9,4.0
14178256,40777051,Rilla,Alfisols,5.9,silty,good,wet,moderate,moderate,high,brown,13.6,17.5,68.9,2.25
14178257,40777054,Perry,Vertisols,5.3,clay,poor,wet,moderate,moderate,moderate,brown,12.1,60.0,27.9,2.25
14178258,40777057,Portland,Inceptisols,5.0,clay,poor,wet,moderate,moderate,moderate,brown,22.1,50.0,27.9,2.5
14178259,40777063,Billyhaw,Vertisols,7.0,clay,poor,wet,moderate,moderate,moderate,dark brown,12.1,60.0,27.9,4.0
14178260,40777064,Gladewater,Vertisols,6.5,clay,poor,wet,moderate,moderate,high,brown,11.4,62.5,26.1,2.0
14178261,40777067,Billyhaw,Vertisols,7.0,clay,poor,wet,moderate,moderate,moderate,dark brown,12.1,60.0,27.9,4.0
14178262,40777070,Billyhaw,Vertisols,7.0,clay,poor,wet,moderate,moderate,moderate,dark brown,12.1,60.0,27.9,4.0
14178263,40777074,Perry,Vertisols,5.3,clay,poor,wet,moderate,moderate,moderate,brown,12.1,60.0,27.9,2.25
14178264,40777076,Latanier,Vertisols,7.5,clay,poor,wet,moderate,moderate,moderate,brown,23.3,47.5,29.2,2.5
14178265,40777079,Caspiana,Mollisols,7.0,silty,good,wet,moderate,moderate,high,black,11.7,18.5,69.8,2.5
14178266,40777082,Perry,Vertisols,5.3,clay,poor,wet,moderate,moderate,moderate,brown,12.1,60.0,27.9,2.25
14178267,40777085,Oklared,Entisols,7.9,sandy-loam,good,dry,low,moderate,moderate,brown,69.6,14.0,16.4,0.75
14178268,40777088,Severn,Entisols,7.9,silty,good,dry,low,moderate,moderate,brown,14.3,12.5,73.2,0.75
14178269,40777090,Billyhaw,Vertisols,7.0,clay,poor,wet,moderate,moderate,moderate,dark brown,12.1,60.0,27.9,4.0
14178270,40777093,Latanier,Vertisols,7.5,clay,poor,wet,moderate,moderate,moderate,brown,23.3,47.5,29.2,2.5
14178271,40777096,Severn,Entisols,7.9,silty,good,dry,low,moderate,moderate,brown,14.3,12.5,73.2,0.75
14178272,40777098,Kiomatia,Entisols,7.3,sandy,good,dry,low,moderate,moderate,brown,80.8,10.0,9.2,0.75
14178273,40777100,Severn,Entisols,7.9,silty,good,dry,low,moderate,moderate,brown,14.3,12.5,73.2,0.75
14178274,40777102,Adaton,Alfisols,5.0,silty,poor,wet,moderate,moderate,high,brown,14.3,13.0,72.7,2.0
14178275,40777104,Gore,Alfisols,5.3,silty,moderate,moderate,moderate,moderate,high,brown,32.9,10.0,57.1,2.25
14178276,40777107,Guyton,Alfisols,4.8,silty,poor,wet,moderate,moderate,high,brown,13.9,16.0,70.1,2.25
14178277,40777110,Felker,Ultisols,5.3,silty,poor,wet,low,moderate,moderate,red,11.4,20.5,68.1,0.25
14178278,40777113,Muskogee,Alfisols,5.3,silty,moderate,moderate,moderate,moderate,high,brown,11.7,18.5,69.8,2.5
14178279,40777116,Gore,Alfisols,5.3,silty,moderate,moderate,moderate,moderate,high,brown,32.9,10.0,57.1,2.25
14178280,40777122,Acadia,Alfisols,5.3,silty,poor,wet,low,moderate,high,brown,26.4,20.5,53.1,1.25
14178281,40777125,Gore,Alfisols,5.3,silty,moderate,moderate,moderate,moderate,high,brown,32.9,10.0,57.1,2.25
14178282,40777126,Wrightsville,Alfisols,4.6,silty,poor,wet,moderate,moderate,high,brown,29.1,17.5,53.4,1.75
14178283,40777129,Woden,Alfisols,5.8,sandy-loam,good,dry,low,moderate,moderate,brown,68.5,10.0,21.5,1.25
14178284,40777131,Adaton,Alfisols,5.0,silty,poor,wet,moderate,moderate,high,brown,14.3,13.0,72.7,2.0
14178285,40777133,Forbing,Alfisols,5.8,silty,moderate,wet,low,moderate,high,brown,26.7,19.5,53.8,1.25
14178286,40777137,Muskogee,Alfisols,5.3,silty,moderate,moderate,moderate,moderate,high,brown,11.7,18.5,69.8,2.5
14178287,40777140,McKamie,Alfisols,5.8,silty,good,dry,low,moderate,high,brown,27.1,18.5,54.4,1.25
14178288,40777143,Louin,Vertisols,5.0,silty,poor,wet,moderate,moderate,high,brown,18.4,25.0,56.6,2.5
14178289,40777146,Kipling,Alfisols,4.8,silty,poor,wet,low,moderate,high,brown,22.4,22.5,55.1,1.25
14178290,40777152,Forbing,Alfisols,5.8,silty,moderate,wet,low,moderate,high,brown,26.7,19.5,53.8,1.25
14178291,40777153,McKamie,Alfisols,5.8,silty,good,dry,low,moderate,high,brown,27.1,18.5,54.4,1.25
14178292,40777156,Woden,Alfisols,5.8,sandy-loam,good,dry,low,moderate,moderate,brown,68.5,10.0,21.5,1.25
14178293,40777158,Muskogee,Alfisols,5.3,silty,moderate,moderate,moderate,moderate,high,brown,11.7,18.5,69.8,2.5
14178294,40777161,Guyton,Alfisols,4.8,silty,poor,wet,moderate,moderate,high,brown,13.9,16.0,70.1,2.25
14178295,40777164,Gore,Alfisols,5.3,silty,moderate,moderate,moderate,moderate,high,brown,32.9,10.0,57.1,2.25
14178296,40777170,Barling,Inceptisols,5.8,silty,moderate,moderate,moderate,moderate,high,brown,14.3,12.5,73.2,2.0
14178297,40777171,Leadvale,Ultisols,5.0,silty,moderate,moderate,moderate,moderate,high,red,13.7,17.0,69.3,2.5
14178298,40777175,Taft,Ultisols,5.0,silty,poor,wet,moderate,moderate,high,red,13.6,17.5,68.9,3.5
14178299,40777179,Wrightsville,Alfisols,4.6,silty,poor,wet,moderate,moderate,high,brown,29.1,17.5,53.4,1.75
14178300,40777182,Leadvale,Ultisols,5.0,silty,moderate,moderate,moderate,moderate,high,red,13.7,17.0,69.3,2.5
14178301,40777188,McKamie,Alfisols,5.8,silty,good,dry,low,moderate,high,brown,27.1,18.5,54.4,1.25
14178302,40777189,Muskogee,Alfisols,5.3,silty,moderate,moderate,moderate,moderate,high,brown,11.7,18.5,69.8,2.5
14178303,40777193,Pickwick,Ultisols,5.0,silty,good,wet,moderate,moderate,high,red,13.7,17.0,69.3,1.75
14178304,40777195,Leadvale,Ultisols,5.0,silty,moderate,moderate,moderate,moderate,high,red,13.7,17.0,69.3,2.5
14178305,40777199,Pickwick,Ultisols,5.0,silty,good,wet,moderate,moderate,high,red,13.7,17.0,69.3,1.75
14178306,40777202,Muskogee,Alfisols,5.3,silty,moderate,moderate,moderate,moderate,high,brown,11.7,18.5,69.8,2.5
14178307,40777205,Guyton,Alfisols,4.8,silty,poor,wet,moderate,moderate,high,brown,13.9,16.0,70.1,2.25
14178308,40777208,Sacul,Ultisols,5.3,sandy,moderate,moderate,moderate,moderate,moderate,red,70.9,12.5,16.6,2.0
14178309,40777213,Amy,Ultisols,4.6,silty,poor,wet,moderate,moderate,moderate,red,14.0,15.0,71.0,1.75
14178310,40777216,Cahaba,Ultisols,5.3,sandy,good,dry,low,moderate,moderate,red,71.3,12.0,16.7,1.25
14178311,40777219,Smithdale,Ultisols,5.0,sandy-loam,good,dry,low,moderate,moderate,red,69.7,8.5,21.8,1.25
14178312,40777222,Smithton,Ultisols,5.0,sandy-loam,poor,wet,moderate,moderate,moderate,red,67.5,11.5,21.0,2.0
14178313,40777228,Ouachita,Inceptisols,5.3,silty,good,dry,moderate,moderate,high,brown,13.8,16.5,69.7,1.5
14178314,40777230,Ouachita,Inceptisols,5.3,silty,good,dry,moderate,moderate,high,brown,13.8,16.5,69.7,1.5
14178315,40777234,Guyton,Alfisols,4.8,silty,poor,wet,moderate,moderate,high,brown,13.9,16.0,70.1,2.25
14178316,40777237,Savannah,Ultisols,4.6,sandy-loam,moderate,moderate,moderate,moderate,moderate,red,68.9,9.5,21.6,1.75
14178317,40777240,Saffell,Ultisols,5.0,sandy-loam,good,dry,moderate,moderate,moderate,red,67.9,12.5,19.6,1.5
14178318,40777244,Pheba,Ultisols,5.0,silty,poor,wet,low,moderate,high,red,21.2,10.0,68.8,1.25
14178319,40777247,Savannah,Ultisols,4.6,sandy-loam,moderate,moderate,moderate,moderate,moderate,red,68.9,9.5,21.6,1.75
14178320,40777250,Wrightsville,Alfisols,4.6,silty,poor,wet,moderate,moderate,high,brown,29.1,17.5,53.4,1.75
14178321,40777255,Amy,Ultisols,4.6,silty,poor,wet,moderate,moderate,moderate,red,14.0,15.0,71.0,1.75
14178322,40777257,Bibb,Entisols,4.6,sandy-loam,poor,wet,moderate,compacted,moderate,brown,68.5,10.0,21.5,2.0
14178323,40777259,Alaga,Entisols,4.8,sandy,good,dry,moderate,compacted,low,brown,83.8,7.0,9.2,1.75
14178324,40777261,Alaga,Entisols,4.8,sandy,good,dry,moderate,compacted,low,brown,83.8,7.0,9.2,1.75
14178325,40777263,Briley,Ultisols,5.5,sandy,good,dry,low,compacted,low,red,83.8,11.5,4.7,1.25
14178326,40777267,Kirvin,Ultisols,6.2,sandy-loam,good,dry,low,moderate,moderate,red,69.7,8.5,21.8,1.25
14178327,40777271,Sacul,Ultisols,5.3,sandy,moderate,moderate,moderate,moderate,moderate,red,70.9,12.5,16.6,2.0
14178328,40777274,Bowie,Ultisols,5.5,sandy-loam,good,dry,low,moderate,moderate,red,69.3,9.0,21.7,0.75
14178329,40777278,Briley,Ultisols,5.5,sandy,good,dry,low,compacted,low,red,83.8,11.5,4.7,1.25
14178330,40777281,Savannah,Ultisols,4.6,sandy-loam,moderate,moderate,moderate,moderate,moderate,red,68.9,9.5,21.6,1.75
14178331,40777284,Norfolk,Ultisols,4.8,sandy-loam,good,dry,low,moderate,moderate,red,67.5,11.5,21.0,1.25
14178332,40777288,Sawyer,Ultisols,4.6,loamy,moderate,moderate,moderate,moderate,high,red,37.4,20.0,42.6,2.0
14178333,40777291,Smithton,Ultisols,5.0,sandy-loam,poor,wet,moderate,moderate,moderate,red,67.5,11.5,21.0,2.0
14178334,40777295,Cahaba,Ultisols,5.3,sandy,good,dry,low,moderate,moderate,red,71.3,12.0,16.7,1.25
14178335,40777298,Sacul,Ultisols,5.3,sandy,moderate,moderate,moderate,moderate,moderate,red,70.9,12.5,16.6,2.0
14178336,40777302,Muskogee,Alfisols,5.3,silty,moderate,moderate,moderate,moderate,high,brown,11.7,18.5,69.8,2.5
14178337,40777305,Cahaba,Ultisols,5.3,sandy,good,dry,low,moderate,moderate,red,71.3,12.0,16.7,1.25
14178338,40777308,Felker,Ultisols,5.3,silty,poor,wet,low,moderate,moderate,red,11.4,20.5,68.1,0.25
14178339,40777312,Ouachita,Inceptisols,5.3,silty,good,dry,moderate,moderate,high,brown,13.8,16.5,69.7,1.5
14178340,40777315,Stough,Ultisols,5.0,loamy,poor,wet,moderate,moderate,moderate,red,45.6,11.0,43.4,2.5
14178341,40777318,Acadia,Alfisols,5.3,silty,poor,wet,low,moderate,high,brown,26.4,20.5,53.1,1.25
14178342,40777322,Guyton,Alfisols,4.8,silty,poor,wet,moderate,moderate,high,brown,13.9,16.0,70.1,2.25
14178343,40777327,Gore,Alfisols,5.3,silty,moderate,moderate,moderate,moderate,high,brown,32.9,10.0,57.1,2.25
14178344,40777330,Sawyer,Ultisols,4.6,silty,moderate,moderate,moderate,moderate,high,red,11.4,20.0,68.6,2.0
14178345,40777331,Pheba,Ultisols,5.0,silty,poor,wet,low,moderate,high,red,21.2,10.0,68.8,1.25
14178346,40777334,Muskogee,Alfisols,5.3,silty,moderate,moderate,moderate,moderate,high,brown,11.7,18.5,69.8,2.5
14178347,40777337,Kalmia,Ultisols,5.3,sandy,good,dry,low,moderate,moderate,red,70.4,7.5,22.1,1.25
14178348,40777341,Amy,Ultisols,4.6,silty,poor,wet,moderate,moderate,moderate,red,14.0,15.0,71.0,1.75
14178349,40777345,Bowie,Ultisols,5.5,sandy-loam,good,dry,low,moderate,moderate,red,69.3,9.0,21.7,0.75
14178350,40777348,Bowie,Ultisols,5.5,sandy-loam,good,dry,low,moderate,moderate,red,69.3,9.0,21.7,0.75
14178351,40777352,Harleston,Ultisols,4.6,sandy-loam,moderate,moderate,moderate,moderate,moderate,red,64.3,5.0,30.7,3.5
14178352,40777355,Sacul,Ultisols,5.3,sandy,moderate,moderate,moderate,moderate,moderate,red,70.9,12.5,16.6,2.0
14178353,40777360,Ruston,Ultisols,5.5,sandy-loam,good,dry,moderate,moderate,moderate,red,67.7,11.0,21.3,1.75
14178354,40777363,Sacul,Ultisols,5.3,sandy,moderate,moderate,moderate,moderate,moderate,red,70.9,12.5,16.6,2.0
14178355,40777367,Guyton,Alfisols,4.8,silty,poor,wet,moderate,moderate,high,brown,13.9,16.0,70.1,2.25
14178356,40777370,Sawyer,Ultisols,4.6,silty,moderate,moderate,moderate,moderate,high,red,11.4,20.0,68.6,2.0
14178357,40777373,Sawyer,Ultisols,4.6,silty,moderate,moderate,moderate,moderate,high,red,11.4,20.0,68.6,2.0
14178358,40777376,Smithton,Ultisols,5.0,sandy-loam,poor,wet,moderate,moderate,moderate,red,67.5,11.5,21.0,2.0
14178359,40777380,Savannah,Ultisols,4.6,sandy-loam,moderate,moderate,moderate,moderate,moderate,red,68.9,9.5,21.6,1.75
14178360,40777383,Savannah,Ultisols,4.6,sandy-loam,moderate,moderate,moderate,moderate,moderate,red,68.9,9.5,21.6,1.75
14178361,40777386,Bowie,Ultisols,5.5,sandy-loam,good,dry,low,moderate,moderate,red,69.3,9.0,21.7,0.75
14178362,40777392,Ruston,Ultisols,5.5,sandy-loam,good,dry,moderate,moderate,moderate,red,67.7,11.0,21.3,1.75
14178363,40777394,Saffell,Ultisols,5.0,sandy,good,dry,moderate,moderate,moderate,red,70.9,12.5,16.6,1.5
14178364,40777398,Harleston,Ultisols,4.6,sandy-loam,moderate,moderate,moderate,moderate,moderate,red,64.3,5.0,30.7,3.5
14178365,40777401,Sacul,Ultisols,5.3,sandy,moderate,moderate,moderate,moderate,moderate,red,70.9,12.5,16.6,2.0
14178366,40777405,Norfolk,Ultisols,4.8,sandy-loam,good,dry,low,moderate,moderate,red,67.5,11.5,21.0,1.25
14178367,40777409,Smithdale,Ultisols,5.0,sandy-loam,good,dry,low,moderate,moderate,red,69.7,8.5,21.8,1.25
14178368,40777412,Pheba,Ultisols,5.0,silty,poor,wet,low,moderate,high,red,21.2,10.0,68.8,1.25
14178369,40777416,Smithdale,Ultisols,5.0,sandy-loam,good,dry,low,moderate,moderate,red,69.7,8.5,21.8,1.25
14178370,40777418,Amy,Ultisols,4.6,silty,poor,wet,moderate,moderate,moderate,red,14.0,15.0,71.0,1.75
14178371,40777422,Ouachita,Inceptisols,5.3,silty,good,dry,moderate,moderate,high,brown,13.8,16.5,69.7,1.5
14178372,40777426,Sawyer,Ultisols,4.6,silty,moderate,moderate,moderate,moderate,high,red,11.4,20.0,68.6,2.0
14178373,40777430,Amy,Ultisols,4.6,silty,poor,wet,moderate,moderate,moderate,red,14.0,15.0,71.0,1.75
14178374,40777433,Smithdale,Ultisols,5.0,sandy-loam,good,dry,low,moderate,moderate,red,69.7,8.5,21.8,1.25
14178375,40777438,Cahaba,Ultisols,5.3,sandy,good,dry,low,moderate,moderate,red,71.3,12.0,16.7,1.25
14178376,40777439,Stough,Ultisols,5.0,loamy,poor,wet,moderate,moderate,moderate,red,45.6,11.0,43.4,2.5
14178377,40777442,Bibb,Entisols,4.6,sandy-loam,poor,wet,moderate,compacted,moderate,brown,68.5,10.0,21.5,2.0
14178378,40777444,Guyton,Alfisols,4.8,silty,poor,wet,moderate,moderate,high,brown,13.9,16.0,70.1,2.25
14178379,40777447,Sacul,Ultisols,5.3,sandy,moderate,moderate,moderate,moderate,moderate,red,70.9,12.5,16.6,2.0
14178380,40777451,Harleston,Ultisols,4.6,sandy-loam,moderate,moderate,moderate,moderate,moderate,red,64.3,5.0,30.7,3.5
14178381,40777454,Savannah,Ultisols,4.6,sandy-loam,moderate,moderate,moderate,moderate,moderate,red,68.9,9.5,21.6,1.75
14178382,40777457,Kirvin,Ultisols,6.2,sandy-loam,good,dry,low,moderate,moderate,red,69.7,8.5,21.8,1.25
14178383,40777461,Sacul,Ultisols,5.3,sandy,moderate,moderate,moderate,moderate,moderate,red,70.9,12.5,16.6,2.0
14178384,40777465,Guyton,Alfisols,4.8,silty,poor,wet,moderate,moderate,high,brown,13.9,16.0,70.1,2.25
14178385,40777470,Smithton,Ultisols,5.0,sandy-loam,poor,wet,moderate,moderate,moderate,red,67.5,11.5,21.0,2.0
14178386,40777472,Bowie,Ultisols,5.5,sandy-loam,good,dry,low,moderate,moderate,red,69.3,9.0,21.7,0.75
14178387,40777476,Kirvin,Ultisols,6.2,sandy-loam,good,dry,low,moderate,moderate,red,69.7,8.5,21.8,1.25
14178388,40777480,Pikeville,Ultisols,5.0,sandy-loam,good,dry,low,unknown,moderate,red,68.1,10.5,21.4,1.25
14178389,40777484,Savannah,Ultisols,4.6,sandy-loam,moderate,moderate,moderate,moderate,moderate,red,68.9,9.5,21.6,1.75
14178390,40777487,Tippah,Alfisols,5.3,silty,moderate,wet,low,moderate,high,brown,14.3,12.5,73.2,1.25
14178391,40777490,Blevins,Ultisols,5.0,silty,good,dry,moderate,moderate,high,red,20.8,11.5,67.7,2.0
14178392,40777495,Savannah,Ultisols,4.6,sandy-loam,moderate,moderate,moderate,moderate,moderate,red,68.9,9.5,21.6,1.75
14178393,40777498,Ouachita,Inceptisols,5.3,silty,good,dry,moderate,moderate,high,brown,13.8,16.5,69.7,1.5
14178394,40777504,Sardis,Inceptisols,5.3,silty,poor,wet,moderate,moderate,high,brown,13.6,17.5,68.9,2.0
14178395,40777505,Cahaba,Ultisols,5.3,sandy,good,dry,low,moderate,moderate,red,71.3,12.0,16.7,1.25
14178396,40777508,Bibb,Entisols,4.6,sandy-loam,poor,wet,moderate,compacted,moderate,brown,68.5,10.0,21.5,2.0
14178397,40777510,Guyton,Alfisols,4.8,silty,poor,wet,moderate,moderate,high,brown,13.9,16.0,70.1,2.25
14178398,40777513,Ochlockonee,Entisols,5.5,silty,good,dry,low,moderate,moderate,brown,30.2,14.5,55.3,1.25
14178399,40777516,Gurdon,Ultisols,4.8,silty,poor,wet,moderate,moderate,moderate,red,21.2,10.0,68.8,2.0
14178400,40777520,Ouachita,Inceptisols,5.3,silty,good,dry,moderate,moderate,high,brown,13.8,16.5,69.7,1.5
14178401,40777524,Ozan,Alfisols,5.3,sandy,poor,wet,moderate,moderate,moderate,brown,70.4,7.5,22.1,1.75
14178402,40777528,Stough,Ultisols,5.0,sandy-loam,poor,wet,moderate,moderate,moderate,red,68.5,10.0,21.5,2.5
14178403,40777532,Amy,Ultisols,4.6,silty,poor,wet,moderate,moderate,moderate,red,14.0,15.0,71.0,1.75
14178404,40777535,Toine,Alfisols,5.8,sandy,good,dry,moderate,moderate,moderate,brown,70.9,12.5,16.6,2.0
14178405,40777539,Amy,Ultisols,4.6,silty,poor,wet,moderate,moderate,moderate,red,14.0,15.0,71.0,1.75
14178406,40777545,Tichnor,Alfisols,5.3,silty,poor,wet,moderate,moderate,high,brown,13.9,16.0,70.1,1.5
14178407,40777546,Arkabutla,Inceptisols,5.0,silty,poor,wet,moderate,moderate,high,brown,14.0,15.0,71.0,2.0
14178408,40777548,Fountain,Alfisols,6.7,silty,poor,wet,moderate,moderate,high,brown,7.0,24.0,69.0,2.25
14178409,40777551,Zachary,Alfisols,5.3,silty,poor,wet,low,moderate,high,brown,21.2,10.0,68.8,1.25
14178410,40777554,Calloway,Alfisols,5.3,silty,poor,wet,low,moderate,high,brown,11.4,20.0,68.6,1.25
14178411,40777559,Grenada,Alfisols,5.3,silty,moderate,wet,low,moderate,high,brown,14.2,14.0,71.8,1.25
14178412,40777562,Arkabutla,Inceptisols,5.0,silty,poor,wet,moderate,moderate,high,brown,14.0,15.0,71.0,2.0
14178413,40777564,Calhoun,Alfisols,4.8,silty,poor,wet,moderate,moderate,high,brown,11.7,18.5,69.8,2.25
14178414,40777568,Henry,Alfisols,5.0,silty,poor,wet,low,moderate,high,brown,14.2,13.5,72.3,1.25
14178415,40777571,Hillemann,Alfisols,6.2,silty,poor,wet,moderate,moderate,high,brown,14.0,15.0,71.0,2.0
14178416,40777576,Falaya,Entisols,5.0,silty,poor,wet,moderate,moderate,high,brown,20.7,12.0,67.3,1.75
14178417,40777579,Grenada,Alfisols,5.3,silty,moderate,wet,low,moderate,high,brown,14.2,14.0,71.8,1.25
14178418,40777583,Collins,Entisols,5.0,silty,moderate,moderate,low,moderate,high,brown,20.8,11.5,67.7,1.25
14178419,40777585,Falaya,Entisols,5.0,silty,poor,wet,moderate,moderate,high,brown,20.7,12.0,67.3,1.75
14178420,40777587,Loring,Alfisols,5.3,silty,moderate,wet,low,moderate,high,brown,14.3,13.0,72.7,1.25
14178421,40777591,Grenada,Alfisols,5.3,silty,moderate,wet,low,moderate,high,brown,14.2,14.0,71.8,1.25
14178422,40777596,Loring,Alfisols,5.3,silty,moderate,wet,low,moderate,high,brown,14.3,13.0,72.7,1.25
14178423,40777600,Tichnor,Alfisols,5.3,silty,poor,wet,moderate,moderate,high,brown,13.9,16.0,70.1,1.5
14178424,40777603,Calloway,Alfisols,5.3,silty,poor,wet,low,moderate,high,brown,11.4,20.0,68.6,1.25
14178425,40777606,Stuttgart,Alfisols,6.2,silty,poor,wet,moderate,moderate,high,brown,29.5,16.5,54.0,1.75
14178426,40777610,Crowley,Alfisols,6.5,silty,poor,wet,moderate,moderate,high,brown,27.1,18.5,54.4,2.25
14178427,40777613,Stuttgart,Alfisols,6.2,silty,poor,wet,moderate,moderate,high,brown,29.5,16.5,54.0,1.75
14178428,40777617,Hillemann,Alfisols,6.2,silty,poor,wet,moderate,moderate,high,brown,14.0,15.0,71.0,2.0
14178429,40777622,Tichnor,Alfisols,5.3,silty,poor,wet,moderate,moderate,high,brown,13.9,16.0,70.1,1.5
14178430,40777625,Calhoun,Alfisols,4.8,silty,poor,wet,moderate,moderate,high,brown,11.7,18.5,69.8,2.25
14178431,40777628,Tichnor,Alfisols,5.3,silty,poor,wet,moderate,moderate,high,brown,13.9,16.0,70.1,1.5
14178432,40777631,Loring,Alfisols,5.3,silty,moderate,wet,low,moderate,high,brown,14.3,13.0,72.7,1.25
14178433,40777635,Tichnor,Alfisols,5.3,silty,poor,wet,moderate,moderate,high,brown,13.9,16.0,70.1,1.5
14178434,40777638,Oaklimeter,Inceptisols,5.0,silty,moderate,wet,low,moderate,high,brown,14.3,13.0,72.7,1.25
14178435,40777641,Loring,Alfisols,5.3,silty,moderate,wet,low,moderate,high,brown,14.3,13.0,72.7,1.25
14178436,40777645,Loring,Alfisols,5.3,silty,moderate,wet,low,moderate,high,brown,14.3,13.0,72.7,1.25
14178437,40777649,Collins,Entisols,5.0,silty,moderate,moderate,low,moderate,high,brown,20.8,11.5,67.7,1.25
14178438,40777651,Loring,Alfisols,5.3,silty,moderate,wet,low,moderate,high,brown,14.3,13.0,72.7,1.25
14178439,40777657,Loring,Alfisols,5.3,silty,moderate,wet,low,moderate,high,brown,14.3,13.0,72.7,1.25
14178440,40777659,Collins,Entisols,5.0,silty,moderate,moderate,low,moderate,high,brown,20.8,11.5,67.7,1.25
14178441,40777661,Falaya,Entisols,5.0,silty,poor,wet,moderate,moderate,high,brown,20.7,12.0,67.3,1.75
14178442,40777663,Saffell,Ultisols,5.0,sandy,good,dry,moderate,moderate,moderate,red,70.9,12.5,16.6,1.5
14178443,40777667,Brandon,Ultisols,5.0,silty,good,wet,moderate,moderate,high,red,11.6,19.5,68.9,2.5
14178444,40777670,Loring,Alfisols,5.3,silty,moderate,wet,low,moderate,high,brown,14.3,13.0,72.7,1.25
14178445,40777674,Loring,Alfisols,5.3,silty,moderate,wet,low,moderate,high,brown,14.3,13.0,72.7,1.25
14178446,40777678,Brandon,Ultisols,5.0,silty,good,wet,moderate,moderate,high,red,11.6,19.5,68.9,2.5
14178447,40777681,Loring,Alfisols,5.3,silty,moderate,wet,low,moderate,high,brown,14.3,13.0,72.7,1.25
14178448,40777687,Memphis,Alfisols,5.3,silty,good,wet,moderate,moderate,high,brown,14.0,15.0,71.0,1.5
14178449,40777688,Brandon,Ultisols,5.0,silty,good,wet,moderate,moderate,high,red,11.6,19.5,68.9,2.5
14178450,40777691,Memphis,Alfisols,5.3,silty,good,wet,moderate,moderate,high,brown,14.0,15.0,71.0,1.5
14178451,40777694,Loring,Alfisols,5.3,silty,moderate,wet,low,moderate,high,brown,14.3,13.0,72.7,1.25
14178452,40777698,Memphis,Alfisols,5.3,silty,good,wet,moderate,moderate,high,brown,14.0,15.0,71.0,1.5
14178453,40777701,Falaya,Entisols,5.0,silty,poor,wet,moderate,moderate,high,brown,20.7,12.0,67.3,1.75
14178454,40777705,Loring,Alfisols,5.3,silty,moderate,wet,low,moderate,high,brown,14.3,13.0,72.7,1.25
14178455,40777707,Memphis,Alfisols,5.3,silty,good,wet,moderate,moderate,high,brown,14.0,15.0,71.0,1.5
14178456,40777712,Saffell,Ultisols,5.0,sandy,good,dry,moderate,moderate,moderate,red,70.9,12.5,16.6,1.5
14178457,40777714,Memphis,Alfisols,5.3,silty,good,wet,moderate,moderate,high,brown,14.0,15.0,71.0,1.5
14178458,40777717,Loring,Alfisols,5.3,silty,moderate,wet,low,moderate,high,brown,14.3,13.0,72.7,1.25
14178459,40777721,Brandon,Ultisols,5.0,silty,good,wet,moderate,moderate,high,red,11.6,19.5,68.9,2.5
14178460,40777724,Collins,Entisols,5.0,silty,moderate,moderate,low,moderate,high,brown,20.8,11.5,67.7,1.25
14178461,40777726,Brandon,Ultisols,5.0,silty,good,wet,moderate,moderate,high,red,11.6,19.5,68.9,2.5
14178462,40777729,Oktibbeha,Vertisols,5.5,clay,moderate,moderate,high,moderate,moderate,dark brown,22.1,50.0,27.9,5.0
14178463,40777732,Kipling,Alfisols,4.8,silty,poor,wet,low,moderate,high,brown,22.4,22.5,55.1,1.25
14178464,40777735,Kipling,Alfisols,4.8,silty,poor,wet,low,moderate,high,brown,17.4,30.0,52.6,1.25
14178465,40777738,Demopolis,Entisols,7.9,silty,good,dry,moderate,moderate,moderate,brown,18.3,26.0,55.7,1.5
14178466,40777741,Oktibbeha,Vertisols,5.5,silty,moderate,moderate,high,moderate,high,dark brown,26.3,21.0,52.7,4.5
14178467,40777744,Oktibbeha,Vertisols,5.5,clay,moderate,moderate,high,moderate,moderate,dark brown,22.1,50.0,27.9,5.0
14178468,40777747,Houston,Vertisols,7.3,clay,moderate,moderate,moderate,moderate,moderate,dark brown,15.9,58.5,25.6,3.5
14178469,40777750,Houston,Vertisols,7.3,clay,moderate,moderate,moderate,moderate,moderate,dark brown,15.9,58.5,25.6,3.5
14178470,40777753,Millwood,Alfisols,5.6,silty,moderate,moderate,moderate,moderate,high,brown,29.1,17.5,53.4,2.0
14178471,40777757,Marietta,Inceptisols,6.7,silty,moderate,moderate,moderate,moderate,high,dark brown,30.9,12.5,56.6,3.0
14178472,40777758,Terouge,Vertisols,7.5,clay,poor,wet,moderate,moderate,moderate,brown,5.3,50.0,44.7,2.5
14178473,40777759,Sumter,Inceptisols,7.5,clay,good,dry,moderate,moderate,moderate,dark brown,7.9,41.0,51.1,3.5
14178474,40777763,Oktibbeha,Vertisols,5.5,silty,moderate,moderate,high,moderate,high,dark brown,26.3,21.0,52.7,4.5
14178475,40777766,Demopolis,Entisols,7.9,silty,good,dry,moderate,moderate,moderate,brown,18.3,26.0,55.7,1.5
14178476,40777769,Leeper,Inceptisols,7.0,clay,poor,wet,moderate,moderate,high,brown,7.2,45.0,47.8,2.5
14178477,40777771,Oktibbeha,Vertisols,5.5,silty,moderate,moderate,high,moderate,moderate,dark brown,17.5,33.5,49.0,4.5
14178478,40777775,Convent,Inceptisols,7.0,silty,poor,wet,moderate,moderate,high,brown,21.4,9.0,69.6,1.75
14178479,40777776,Commerce,Inceptisols,7.0,silty,poor,wet,moderate,moderate,high,brown,11.4,20.5,68.1,2.25
14178480,40777779,Iberia,Vertisols,6.7,clay,poor,wet,moderate,moderate,moderate,dark brown,22.1,50.0,27.9,3.5
14178481,40777782,Dundee,Alfisols,5.3,loamy,poor,wet,low,moderate,high,brown,44.1,11.5,44.4,0.75
14178482,40777785,Robinsonville,Entisols,7.3,sandy-loam,good,dry,low,moderate,moderate,brown,63.5,6.0,30.5,1.25
14178483,40777787,Bowdre,Mollisols,6.5,clay,poor,wet,moderate,moderate,high,black,5.5,47.5,47.0,2.0
14178484,40777793,Alligator,Vertisols,5.0,clay,poor,wet,moderate,moderate,moderate,brown,22.1,50.0,27.9,2.5
14178485,40777796,Tunica,Inceptisols,6.7,clay,poor,wet,moderate,moderate,high,brown,17.1,55.0,27.9,2.0
14178486,40777801,Sharkey,Vertisols,6.8,clay,poor,wet,moderate,moderate,moderate,brown,22.1,50.0,27.9,2.25
14178487,40777802,Briley,Ultisols,5.5,sandy,good,dry,low,compacted,low,red,83.8,11.5,4.7,1.25
14178488,40777805,Kirvin,Ultisols,6.2,sandy-loam,good,dry,low,moderate,low,red,69.7,8.5,21.8,1.25
14178489,40777809,Iuka,Entisols,5.6,sandy-loam,moderate,moderate,low,unknown,moderate,brown,68.1,10.5,21.4,1.25
14178490,40777812,Sacul,Ultisols,5.3,sandy,moderate,moderate,moderate,moderate,moderate,red,70.9,12.5,16.6,2.0
14178491,40777816,Sacul,Ultisols,5.3,sandy,moderate,moderate,moderate,moderate,moderate,red,70.9,12.5,16.6,2.0
14178492,40777820,Kullit,Ultisols,5.8,sandy-loam,moderate,moderate,low,moderate,moderate,red,62.7,14.0,23.3,0.75
14178493,40777824,Kirvin,Ultisols,6.2,sandy-loam,good,dry,low,moderate,moderate,red,64.8,8.5,26.7,1.25
14178494,40777827,Lilbert,Ultisols,5.3,sandy,good,dry,low,moderate,low,red,81.8,9.0,9.2,1.25
14178495,40777831,Mantachie,Inceptisols,5.0,loamy,poor,wet,moderate,moderate,high,brown,44.8,14.0,41.2,2.0
14178496,40777833,Bowie,Ultisols,5.5,sandy-loam,good,dry,low,moderate,moderate,red,69.3,9.0,21.7,0.75
14178497,40777838,Sawyer,Ultisols,4.6,silty,moderate,moderate,moderate,moderate,high,red,11.4,20.0,68.6,2.0
14178498,40777840,Cuthbert,Ultisols,5.5,sandy-loam,good,dry,low,moderate,moderate,red,69.7,8.5,21.8,1.25
14178499,40777844,Savannah,Ultisols,4.6,sandy-loam,moderate,moderate,moderate,moderate,moderate,red,68.9,9.5,21.6,1.75
14178500,40777847,Guyton,Alfisols,4.8,silty,poor,wet,moderate,moderate,high,brown,13.9,16.0,70.1,2.25
14178501,40777850,Antho,Entisols,8.2,sandy-loam,good,dry,low,moderate,moderate,brown,66.9,10.0,23.1,0.25
14178502,40777855,Brios,Entisols,8.2,sandy,good,dry,low,unknown,low,brown,83.5,7.5,9.0,0.25
14178503,40777858,Carrizo,Entisols,7.9,sandy-loam,good,dry,low,moderate,low,brown,67.9,12.5,19.6,0.25
14178504,40777860,Carrizo,Entisols,7.9,sandy,good,dry,low,compacted,low,brown,93.6,5.0,1.4,0.25
14178505,40777862,Gilman,Entisols,8.2,sandy-loam,good,dry,low,unknown,moderate,brown,68.8,15.0,16.2,0.25
14178506,40777864,Glenbar,Entisols,8.2,silty,good,dry,low,unknown,high,brown,6.7,31.0,62.3,0.25
14178507,40777867,Cibola,Entisols,8.2,silty,good,dry,low,moderate,moderate,brown,6.7,31.0,62.3,0.25
14178508,40777870,Ripley,Entisols,8.2,sandy-loam,good,dry,low,unknown,moderate,brown,62.7,11.5,25.8,0.25
14178509,40777873,Holtville,Entisols,8.2,sandy-loam,good,dry,low,unknown,moderate,brown,68.8,15.0,16.2,0.75
14178510,40777877,Indio,Entisols,8.2,silty,good,dry,low,loose,moderate,brown,14.0,15.0,71.0,0.75
14178511,40777880,Rositas,Entisols,8.2,silty,good,wet,low,unknown,high,brown,18.1,31.0,50.9,0.25
14178512,40777882,Ripley,Entisols,7.9,silty,good,dry,low,loose,moderate,brown,14.0,15.0,71.0,0.75
14178513,40777885,Vint,Entisols,7.5,sandy,good,dry,low,moderate,low,brown,83.1,7.5,9.4,0.75
14178514,40777887,Indio,Entisols,8.2,sandy-loam,unknown,moderate,low,unknown,high,brown,63.5,13.0,23.5,0.25
14178515,40777889,Gilman,Entisols,8.2,loamy,good,dry,low,unknown,moderate,brown,39.2,23.5,37.3,0.25
14178516,40777891,Imperial,Entisols,8.2,sandy-loam,good,dry,low,unknown,moderate,brown,67.7,11.0,21.3,0.75
14178517,40777893,Ripley,Entisols,8.2,silty,good,dry,low,unknown,moderate,brown,6.2,33.5,60.3,0.25
14178518,40777896,Cibola,Entisols,8.2,sandy-loam,good,dry,low,moderate,moderate,brown,68.8,15.0,16.2,0.25
14178519,40777899,Denure,Aridisols,8.2,sandy-loam,good,dry,low,moderate,moderate,pale,66.9,10.0,23.1,0.75
14178520,40777901,Lagunita,Entisols,8.2,sandy,good,dry,low,unknown,moderate,brown,80.5,2.5,17.0,0.25
14178521,40777903,Rositas,Entisols,8.2,sandy,good,dry,low,unknown,low,brown,80.7,2.5,16.8,0.25
14178522,40777905,Meloland,Entisols,7.9,sandy,good,dry,low,unknown,high,brown,70.5,13.0,16.5,0.75
14178523,40777908,Gilman,Entisols,8.2,silty,good,dry,low,unknown,high,brown,16.9,35.0,48.1,0.25
14178524,40777910,Agualt,Entisols,7.9,sandy-loam,good,dry,low,loose,moderate,brown,62.0,15.0,23.0,0.75
14178525,40777913,Dateland,Aridisols,8.5,sandy-loam,good,dry,low,moderate,low,pale,68.8,15.0,16.2,0.75
14178526,40777917,Denure,Aridisols,8.2,sandy-loam,good,dry,low,moderate,low,pale,68.1,17.5,14.4,0.75
14178527,40777919,Brios,Entisols,8.2,sandy,good,dry,low,unknown,low,brown,83.5,7.5,9.0,0.25
14178528,40777922,Glenbar,Entisols,8.2,silty,good,dry,low,unknown,high,brown,6.7,31.0,62.3,0.25
14178529,40777925,Gadsden,Entisols,8.2,clay,good,dry,low,unknown,moderate,brown,18.2,52.5,29.3,0.75
14178530,40777927,Ginland,Entisols,7.9,clay,good,dry,low,moderate,moderate,pale,5.5,47.5,47.0,1.25
14178531,40777929,Sasco,Aridisols,7.9,loamy,good,dry,low,moderate,moderate,pale,41.0,17.5,41.5,0.75
14178532,40777931,Marana,Aridisols,7.9,loamy,good,dry,low,moderate,moderate,pale,32.9,23.5,43.6,0.25
14178533,40777933,Tatai,Aridisols,8.5,silty,good,dry,low,moderate,high,pale,30.1,15.0,54.9,0.25
14178534,40777935,Casa Grande,Aridisols,8.5,sandy,good,dry,low,moderate,moderate,pale,70.9,12.5,16.6,0.75
14178535,40777937,Mohall,Aridisols,7.9,sandy-loam,good,dry,low,moderate,moderate,pale,67.9,12.5,19.6,0.75
14178536,40777939,Denure,Aridisols,8.2,sandy-loam,good,dry,low,moderate,moderate,pale,68.5,10.0,21.5,0.75
14178537,40777942,Gadsden,Entisols,8.5,silty,good,dry,low,loose,moderate,brown,16.9,35.0,48.1,0.75
14178538,40777944,Yahana,Aridisols,9.0,silty,good,dry,moderate,loose,low,pale,6.2,33.5,60.3,1.5
14178539,40777947,Indio,Entisols,8.7,sandy-loam,good,dry,moderate,loose,moderate,brown,63.8,10.0,26.2,1.5
14178540,40777949,Denure,Aridisols,7.9,sandy-loam,good,dry,low,moderate,moderate,pale,69.6,7.5,22.9,0.25
14178541,40777952,Laveen,Aridisols,8.2,loamy,good,dry,low,moderate,moderate,pale,43.0,17.5,39.5,0.65
14178542,40777955,Mohall,Aridisols,7.9,clay-loam,good,dry,low,loose,high,pale,37.2,27.5,35.3,0.75
14178543,40777959,Pahaka,Aridisols,8.2,loamy,good,dry,low,moderate,moderate,pale,45.3,11.5,43.2,0.25
14178544,40777962,Momoli,Aridisols,7.9,sandy-loam,good,dry,low,moderate,low,pale,66.9,10.0,23.1,0.75
14178545,40777966,Denure,Aridisols,7.5,sandy-loam,good,dry,low,moderate,moderate,pale,67.9,12.5,19.6,0.75
14178546,40777969,Carrizo,Entisols,7.9,sandy-loam,good,dry,low,moderate,low,pale,67.9,12.5,19.6,0.25
14178547,40777973,Wellton,Aridisols,8.2,sandy-loam,good,dry,low,moderate,low,pale,68.8,15.0,16.2,0.25
14178548,40777976,Denure,Aridisols,8.2,sandy-loam,good,dry,low,moderate,moderate,pale,68.5,10.0,21.5,0.75
14178549,40777978,Growler,Aridisols,8.2,sandy,good,dry,low,moderate,low,pale,70.9,12.5,16.6,0.25
14178550,40777982,Momoli,Aridisols,7.9,sandy-loam,good,dry,low,moderate,low,pale,66.9,10.0,23.1,0.75
14178551,40777984,Why,Aridisols,7.9,sandy-loam,good,dry,low,moderate,moderate,pale,66.9,10.0,23.1,0.25
14178552,40777989,Gunsight,Aridisols,8.5,sandy-loam,good,dry,low,moderate,low,pale,67.9,12.5,19.6,0.25
14178553,40777991,Mohall,Aridisols,8.2,loamy,good,dry,low,moderate,moderate,pale,39.8,22.5,37.7,0.75
14178554,40777995,Dateland,Aridisols,8.2,sandy,good,dry,low,moderate,moderate,pale,70.9,12.5,16.6,0.25
14178555,40777999,Coolidge,Aridisols,8.2,sandy-loam,good,dry,low,moderate,moderate,pale,63.8,12.5,23.7,0.75
14178556,40778003,Denure,Aridisols,8.2,sandy-loam,good,dry,low,moderate,moderate,pale,68.5,10.0,21.5,0.75
14178557,40778007,Wellton,Aridisols,8.2,sandy-loam,good,dry,low,moderate,low,pale,68.8,15.0,16.2,0.25
14178558,40778009,Why,Aridisols,7.9,sandy-loam,good,dry,low,moderate,moderate,pale,66.9,10.0,23.1,0.25
14178559,40778012,Carrizo,Entisols,7.9,sandy-loam,good,dry,low,moderate,low,pale,67.9,12.5,19.6,0.25
14178560,40778015,Mohall,Aridisols,7.9,clay-loam,good,dry,low,loose,high,pale,37.2,27.5,35.3,0.75
14178561,40778019,Contine,Aridisols,7.9,clay-loam,good,dry,low,unknown,moderate,pale,32.7,36.0,31.3,0.75
14178562,40778024,Yahana,Aridisols,8.7,sandy-loam,good,dry,moderate,moderate,low,pale,68.5,10.0,21.5,1.5
14178563,40778027,Shontik,Aridisols,8.5,sandy-loam,good,dry,low,moderate,moderate,pale,68.5,10.0,21.5,0.25
14178564,40778030,Casa Grande,Aridisols,8.5,clay-loam,good,dry,low,moderate,moderate,pale,34.7,32.5,32.8,0.75
14178565,40778033,Ebon,Aridisols,7.5,clay-loam,good,dry,low,unknown,moderate,pale,35.9,30.0,34.1,0.25
14178566,40778037,Pinamt,Aridisols,8.2,sandy-loam,good,dry,low,moderate,low,pale,67.9,12.5,19.6,0.25
14178567,40778041,Tremant,Aridisols,8.2,loamy,good,dry,low,moderate,moderate,pale,44.3,15.0,40.7,0.25
14178568,40778045,Carefree,Aridisols,8.2,clay,good,dry,low,unknown,moderate,pale,23.3,47.5,29.2,0.75
14178569,40778048,Cipriano,Aridisols,8.2,loamy,good,dry,low,moderate,low,pale,42.1,20.0,37.9,0.25
14178570,40778052,Suncity,Aridisols,8.2,loamy,good,dry,low,unknown,moderate,pale,42.1,20.0,37.9,0.75
14178571,40778055,Chuckawalla,Aridisols,8.5,loamy,good,dry,low,moderate,low,pale,44.3,15.0,40.7,0.25
14178572,40778059,Gunsight,Aridisols,8.5,sandy-loam,good,dry,low,moderate,low,pale,67.9,12.5,19.6,0.25
14178573,40778065,Carrizo,Entisols,7.9,sandy-loam,good,dry,low,moderate,low,pale,67.9,12.5,19.6,0.25
14178574,40778067,Denure,Aridisols,8.2,sandy-loam,good,dry,low,moderate,moderate,pale,67.9,12.5,19.6,0.75
14178575,40778069,Rillito,Aridisols,8.2,sandy-loam,good,dry,low,moderate,low,pale,67.9,12.5,19.6,0.25
14178576,40778073,Cherioni,Aridisols,8.2,loamy,good,dry,low,loose,low,pale,43.0,17.5,39.5,0.25
14178577,40778077,Gunsight,Aridisols,8.5,sandy-loam,good,dry,low,moderate,low,pale,67.9,12.5,19.6,0.25
14178578,40778081,Cipriano,Aridisols,8.2,sandy-loam,good,dry,low,moderate,low,pale,65.1,17.5,17.4,0.25
14178580,40778087,Coolidge,Aridisols,8.2,sandy-loam,good,dry,low,moderate,moderate,pale,63.8,12.5,23.7,0.75
14178581,40778090,Hyder,Entisols,7.9,sandy,good,dry,low,moderate,low,pale,71.3,12.0,16.7,0.75
14178582,40778093,Ligurta,Aridisols,8.2,loamy,good,dry,low,unknown,low,pale,39.2,23.5,37.3,0.25
14178583,40778096,Gunsight,Aridisols,8.2,loamy,good,dry,low,moderate,low,pale,42.1,20.0,37.9,0.25
14178584,40778099,Cristobal,Aridisols,8.2,loamy,good,dry,low,unknown,low,pale,39.8,22.5,37.7,0.25
14178585,40778102,Cavelt,Aridisols,8.2,loamy,good,dry,low,loose,moderate,pale,42.1,20.0,37.9,0.25
14178586,40778106,Gunsight,Aridisols,8.2,loamy,good,dry,low,moderate,low,pale,42.1,20.0,37.9,0.25
14178587,40778109,Pinamt,Aridisols,8.2,sandy-loam,good,dry,low,moderate,low,pale,67.9,12.5,19.6,0.25
14178588,40778113,Cipriano,Aridisols,8.2,sandy-loam,good,dry,low,moderate,low,pale,65.9,15.0,19.1,0.25
14178589,40778116,Momoli,Aridisols,7.9,sandy-loam,good,dry,low,moderate,low,pale,66.9,10.0,23.1,0.75
14178590,40778120,Pinamt,Aridisols,8.2,clay-loam,good,dry,low,moderate,low,pale,37.2,27.5,35.3,0.25
14178591,40778124,Momoli,Aridisols,7.9,sandy-loam,good,dry,low,moderate,low,pale,66.9,10.0,23.1,0.75
14178592,40778129,Quilotosa,Entisols,8.2,sandy-loam,good,dry,low,moderate,low,brown,67.9,12.5,19.6,0.75
14178594,40778130,Gachado,Aridisols,7.9,loamy,good,dry,low,moderate,low,pale,43.0,17.5,39.5,0.25
14178596,40778134,Quilotosa,Entisols,8.2,sandy-loam,good,dry,low,moderate,low,brown,67.9,12.5,19.6,0.75
14178597,40778138,Hyder,Entisols,7.9,sandy,good,dry,low,moderate,low,pale,71.3,12.0,16.7,0.75
14178599,40778142,Laposa,Aridisols,8.2,loamy,good,dry,low,loose,low,pale,42.1,20.0,37.9,0.25
14178600,40778145,Schenco,Entisols,7.5,loamy,good,dry,low,loose,low,brown,39.2,23.5,37.3,0.4
14178601,40778150,Casa Grande,Aridisols,8.5,sandy-loam,good,dry,low,moderate,low,pale,67.9,12.5,19.6,0.75
14178602,40778152,Laveen,Aridisols,8.2,loamy,good,dry,low,moderate,moderate,pale,43.0,17.5,39.5,0.65
14178603,40778155,Kamato,Aridisols,9.0,clay-loam,good,dry,low,moderate,low,pale,34.7,32.5,32.8,0.25
14178604,40778160,Casa Grande,Aridisols,8.5,sandy,good,dry,low,moderate,low,pale,70.9,12.5,16.6,0.75
14178605,40778161,La Palma,Aridisols,8.2,sandy,good,dry,low,unknown,low,pale,70.9,12.5,16.6,0.65
14178606,40778164,Toltec,Aridisols,8.2,sandy-loam,good,dry,low,moderate,moderate,pale,68.8,15.0,16.2,0.75
14178607,40778170,Mohall,Aridisols,7.9,clay-loam,good,dry,low,loose,high,pale,37.2,27.5,35.3,0.75
14178608,40778173,Casa Grande,Aridisols,8.5,sandy-loam,good,dry,low,moderate,low,pale,67.9,12.5,19.6,0.75
14178609,40778176,Dateland,Aridisols,7.9,sandy,good,dry,low,moderate,moderate,pale,70.9,12.5,16.6,0.25
14178610,40778181,Estrella,Entisols,7.9,sandy-loam,good,dry,low,unknown,moderate,brown,67.9,12.5,19.6,0.75
14178611,40778186,Pahaka,Aridisols,8.2,sandy-loam,good,dry,low,moderate,moderate,pale,67.5,11.5,21.0,0.25
14178612,40778189,Antho,Entisols,8.2,sandy-loam,good,dry,low,moderate,moderate,brown,68.5,10.0,21.5,0.25
14178613,40778194,Estrella,Entisols,7.9,sandy-loam,good,dry,low,unknown,moderate,brown,67.9,12.5,19.6,0.75
14178614,40778199,Cuerda,Aridisols,7.9,sandy-loam,good,dry,low,loose,moderate,pale,69.6,14.0,16.4,0.25
14178615,40778202,Valencia,Aridisols,8.2,sandy,good,dry,low,moderate,moderate,pale,70.9,12.5,16.6,0.75
14178616,40778206,Rositas,Entisols,8.2,sandy,good,dry,low,unknown,low,brown,96.0,2.5,1.5,0.25
14178617,40778207,Superstition,Aridisols,8.2,sandy,good,dry,low,unknown,low,pale,96.0,2.5,1.5,0.25
14178618,40778211,Glendale,Entisols,8.2,silty,good,dry,low,moderate,high,brown,6.8,30.0,63.2,0.75
14178619,40778212,Gila,Entisols,8.2,clay-loam,good,dry,low,moderate,moderate,brown,35.3,31.5,33.2,0.75
14178620,40778214,Guest,Entisols,7.9,clay,good,dry,low,moderate,moderate,brown,7.2,45.0,47.8,0.75
14178621,40778216,Arizo,Entisols,8.2,sandy,good,dry,low,moderate,moderate,brown,70.4,7.5,22.1,0.75
14178622,40778218,Comoro,Entisols,8.2,sandy-loam,good,dry,moderate,compacted,moderate,brown,65.7,11.5,22.8,1.5
14178623,40778220,Riveroad,Entisols,7.5,clay-loam,good,dry,moderate,moderate,high,dark brown,26.3,32.5,41.2,3.0
14178624,40778222,Guest,Entisols,7.9,clay,good,dry,low,moderate,moderate,brown,26.1,45.0,28.9,0.75
14178625,40778225,Mohave,Aridisols,7.5,loamy,good,dry,low,moderate,high,pale,39.2,23.5,37.3,0.75
14178626,40778229,Continental,Aridisols,7.9,clay,good,dry,low,unknown,moderate,pale,26.1,45.0,28.9,0.75
14178627,40778231,Tres Hermanos,Aridisols,7.9,sandy-loam,good,dry,low,moderate,moderate,pale,68.1,17.5,14.4,0.75
14178628,40778237,Pajarito,Aridisols,7.9,sandy-loam,good,dry,low,moderate,moderate,pale,68.1,17.5,14.4,0.65
14178629,40778241,Mohave,Aridisols,7.5,loamy,good,dry,low,moderate,high,pale,39.2,23.5,37.3,0.75
14178630,40778243,Hayhook,Aridisols,7.5,sandy-loam,good,dry,low,moderate,moderate,pale,67.9,12.5,19.6,0.75
14178631,40778250,Sonoita,Aridisols,6.7,sandy-loam,good,dry,low,moderate,low,pale,68.0,8.5,23.5,0.75
14178632,40778251,Continental,Aridisols,6.7,loamy,good,dry,low,moderate,moderate,pale,42.1,20.0,37.9,0.75
14178633,40778254,Sahuarita,Aridisols,7.9,sandy-loam,good,dry,low,loose,low,pale,68.8,15.0,16.2,0.75
14178634,40778258,Cave,Aridisols,8.2,loamy,good,dry,low,moderate,moderate,pale,45.6,11.0,43.4,0.25
14178635,40778261,Mohave,Aridisols,7.6,loamy,good,dry,low,moderate,high,pale,39.2,23.5,37.3,0.75
14178636,40778265,Cacique,Aridisols,7.2,sandy,good,dry,low,moderate,moderate,pale,70.9,12.5,16.6,0.75
14178637,40778269,Alko,Aridisols,8.2,sandy-loam,good,dry,low,compacted,moderate,pale,67.9,12.5,19.6,0.25
14178638,40778271,Bucklebar,Aridisols,7.9,sandy-loam,good,dry,low,moderate,moderate,pale,68.8,15.0,16.2,0.6
14178639,40778275,Topawa,Aridisols,7.2,sandy-loam,good,dry,low,moderate,low,pale,66.9,10.0,23.1,0.75
14178640,40778280,Delnorte,Aridisols,7.9,loamy,good,dry,low,moderate,low,pale,45.3,11.5,43.2,0.5
14178641,40778286,Vado,Aridisols,7.9,sandy,good,dry,low,moderate,moderate,pale,70.5,13.0,16.5,0.25
14178642,40778287,Agustin,Aridisols,7.9,sandy-loam,good,dry,low,moderate,low,pale,66.8,14.0,19.2,0.55
14178643,40778292,Nahda,Aridisols,7.0,sandy-loam,good,dry,low,moderate,low,pale,66.9,10.0,23.1,0.25
14178644,40778295,Stagecoach,Aridisols,7.6,sandy-loam,good,dry,low,moderate,low,pale,67.9,12.5,19.6,0.75
14178645,40778298,Eba,Aridisols,7.5,loamy,good,dry,low,unknown,low,pale,45.4,13.0,41.6,0.75
14178646,40778301,Pinaleno,Aridisols,8.2,clay-loam,good,dry,low,unknown,moderate,pale,33.3,35.0,31.7,0.75
14178647,40778304,Nickel,Aridisols,8.5,loamy,good,dry,low,moderate,moderate,pale,43.0,17.5,39.5,0.75
14178648,40778308,Continental,Aridisols,7.9,clay-loam,good,dry,low,unknown,moderate,pale,37.2,27.5,35.3,0.75
14178649,40778310,Greyeagle,Aridisols,8.2,loamy,good,dry,low,unknown,low,pale,44.8,14.0,41.2,0.25
14178650,40778315,Nickel,Aridisols,8.5,sandy-loam,good,dry,low,moderate,low,pale,66.8,14.0,19.2,0.75
14178651,40778321,Palos Verdes,Aridisols,7.5,sandy-loam,good,dry,low,compacted,moderate,pale,66.9,10.0,23.1,0.75
14178652,40778324,Pinaleno,Aridisols,7.2,sandy-loam,good,dry,low,moderate,moderate,pale,67.9,12.5,19.6,0.75
14178653,40778327,Tumarion,Aridisols,8.2,loamy,good,dry,low,loose,low,pale,39.8,22.5,37.7,0.75
14178654,40778331,Akela,Entisols,7.9,loamy,good,dry,low,moderate,low,pale,46.2,9.5,44.3,0.75
14178655,40778334,House Mountain,Entisols,7.9,loamy,good,dry,low,unknown,low,brown,42.1,20.0,37.9,0.75
14178657,40778338,Lehmans,Aridisols,7.5,clay-loam,good,dry,low,loose,moderate,pale,35.4,31.0,33.6,0.75
14178658,40778341,Faraway,Mollisols,6.5,loamy,good,dry,moderate,unknown,low,black,44.3,15.0,40.7,2.0
14178659,40778343,Luzena,Mollisols,6.7,loamy,good,dry,moderate,moderate,moderate,black,39.2,23.5,37.3,1.5
14178662,40778348,Lehmans,Aridisols,7.5,clay-loam,good,dry,low,moderate,moderate,pale,35.4,31.0,33.6,0.75
14178663,40778351,Gran,Aridisols,7.9,sandy-loam,good,dry,low,unknown,low,pale,66.9,10.0,23.1,0.75
14178664,40778355,Anklam,Aridisols,7.2,sandy-loam,good,dry,low,moderate,low,pale,66.9,10.0,23.1,0.75
14178665,40778359,Delthorny,Aridisols,7.9,sandy-loam,good,dry,low,moderate,low,pale,68.3,12.0,19.7,0.75
14178666,40778363,Lajitas,Entisols,7.9,sandy-loam,good,dry,low,moderate,low,brown,67.5,11.5,21.0,0.75
14178668,40778366,Cellar,Entisols,7.2,sandy-loam,good,dry,low,moderate,low,brown,67.9,12.5,19.6,0.75
14178669,40778370,Granolite,Aridisols,7.2,sandy-loam,good,dry,low,moderate,low,pale,65.7,11.5,22.8,0.75
14178672,40778374,Toqui,Alfisols,6.7,sandy-loam,good,dry,moderate,moderate,moderate,brown,69.6,14.0,16.4,1.5
14178673,40778378,Deama,Mollisols,8.2,loamy,good,dry,moderate,moderate,moderate,black,41.4,21.5,37.1,1.5
14178674,40778381,Tovar,Alfisols,7.0,sandy-loam,good,dry,low,unknown,moderate,brown,66.1,20.0,13.9,0.75
14178675,40778385,Comoro,Entisols,8.2,sandy-loam,good,dry,moderate,compacted,moderate,brown,65.7,11.5,22.8,1.5
14178676,40778387,Pima,Entisols,7.9,silty,good,dry,moderate,moderate,high,brown,11.4,20.0,68.6,2.0
14178677,40778390,Santo Tomas,Mollisols,7.5,loamy,good,dry,moderate,moderate,low,black,44.3,15.0,40.7,2.0
14178678,40778392,Gothard,Aridisols,8.7,loamy,moderate,moderate,low,moderate,low,pale,38.5,25.0,36.5,0.75
14178679,40778395,Bluepoint,Entisols,8.2,sandy,good,dry,low,compacted,low,brown,78.1,5.5,16.4,0.25
14178680,40778398,Hondale,Aridisols,8.5,loamy,good,dry,low,moderate,moderate,pale,43.0,17.5,39.5,0.75
14178682,40778404,Bonita,Vertisols,8.2,clay,good,dry,moderate,moderate,moderate,brown,7.2,45.0,47.8,2.0
14178683,40778408,Diaspar,Aridisols,6.7,sandy-loam,good,dry,low,unknown,moderate,pale,65.9,15.0,19.1,0.75
14178684,40778412,Forrest,Aridisols,6.7,sandy-loam,good,dry,moderate,moderate,moderate,pale,57.0,25.0,18.0,1.5
14178685,40778415,Enzian,Aridisols,7.0,sandy-loam,good,dry,low,unknown,low,pale,66.9,10.0,23.1,0.75
14178686,40778419,Tubac,Aridisols,7.0,sandy-loam,good,dry,low,moderate,moderate,pale,65.1,20.0,14.9,0.75
14178687,40778423,Cave,Aridisols,8.2,sandy-loam,good,dry,low,moderate,moderate,pale,68.8,15.0,16.2,0.25
14178688,40778426,Harrisburg,Aridisols,7.9,sandy-loam,good,dry,low,compacted,moderate,pale,64.3,5.0,30.7,0.75
14178689,40778428,Winkel,Aridisols,8.5,sandy-loam,good,dry,low,moderate,low,pale,63.5,6.0,30.5,0.75
14178690,40778435,Bernardino,Aridisols,7.2,loamy,good,dry,moderate,moderate,moderate,pale,42.1,20.0,37.9,2.5
14178691,40778436,Hathaway,Mollisols,7.9,loamy,good,dry,moderate,unknown,moderate,pale,42.1,20.0,37.9,1.5
14178692,40778440,White House,Aridisols,6.1,loamy,good,dry,moderate,moderate,moderate,pale,38.5,25.0,36.5,1.5
14178693,40778444,Tombstone,Aridisols,8.2,loamy,good,dry,moderate,loose,moderate,pale,42.1,20.0,37.9,1.5
14178694,40778447,Jerag,Aridisols,7.6,sandy-loam,good,dry,low,moderate,moderate,pale,62.7,14.0,23.3,0.85
14178695,40778452,Stronghold,Aridisols,7.9,sandy-loam,good,dry,moderate,loose,moderate,pale,69.6,14.0,16.4,1.5
14178698,40778459,Gypill,Entisols,7.9,sandy-loam,good,dry,low,loose,low,pale,66.9,10.0,23.1,0.75
14178699,40778461,Bernardino,Aridisols,7.2,loamy,good,dry,moderate,moderate,moderate,pale,35.8,25.0,39.2,2.5
14178700,40778465,Caralampi,Aridisols,6.1,sandy-loam,good,dry,moderate,moderate,moderate,pale,67.9,12.5,19.6,2.0
14178701,40778468,Hathaway,Mollisols,7.9,loamy,good,dry,moderate,unknown,moderate,pale,42.1,20.0,37.9,1.5
14178702,40778472,White House,Aridisols,6.1,loamy,good,dry,moderate,moderate,moderate,pale,38.5,25.0,36.5,1.5
14178703,40778476,Romero,Entisols,6.7,sandy-loam,good,dry,moderate,moderate,low,brown,65.9,15.0,19.1,1.5
14178705,40778478,Chiricahua,Aridisols,6.1,loamy,good,dry,moderate,unknown,low,pale,43.0,17.5,39.5,1.5
14178706,40778482,Lampshire,Entisols,7.3,loamy,good,dry,moderate,unknown,low,brown,44.3,15.0,40.7,1.5
14178707,40778484,Pantak,Aridisols,6.5,sandy-loam,good,dry,moderate,moderate,low,pale,67.9,12.5,19.6,2.0
14178708,40778487,Goblin,Entisols,8.2,sandy-loam,good,dry,low,moderate,moderate,pale,68.8,15.0,16.2,0.75
14178709,40778490,Zukan,Entisols,8.5,sandy-loam,good,dry,low,moderate,moderate,brown,63.5,6.0,30.5,0.75
14178711,40778496,Tanbark,Entisols,8.2,loamy,good,dry,low,moderate,moderate,brown,39.8,22.5,37.7,0.4
14178712,40778497,Mellenthin,Aridisols,7.9,loamy,good,dry,moderate,loose,low,pale,43.3,17.0,39.7,1.5
14178713,40778501,Calciorthids,Aridisols,7.9,loamy,good,dry,low,unknown,low,pale,39.2,23.5,37.3,1.25
14178714,40778503,Boquillas,Mollisols,7.2,loamy,good,dry,moderate,unknown,moderate,black,42.1,20.0,37.9,1.5
14178715,40778507,Thunderbird,Mollisols,7.2,clay-loam,good,dry,moderate,moderate,moderate,pale,31.5,37.5,31.0,1.5
14178716,40778510,Collbran,Mollisols,7.5,clay-loam,good,dry,moderate,loose,low,black,35.4,31.0,33.6,3.0
14178717,40778513,Natank,Alfisols,7.2,loamy,good,dry,moderate,loose,low,brown,38.5,25.0,36.5,1.5
14178718,40778517,Yumtheska,Mollisols,7.9,loamy,good,dry,moderate,moderate,low,pale,43.3,17.0,39.7,2.0
14178719,40778520,Disterheff,Alfisols,7.0,sandy-loam,good,dry,moderate,moderate,low,brown,53.5,32.5,14.0,1.5
14178721,40778525,Cross,Mollisols,7.9,clay-loam,good,dry,moderate,unknown,moderate,black,34.7,32.5,32.8,1.5
14178722,40778529,Sponiker,Mollisols,7.6,loamy,good,dry,moderate,loose,moderate,black,43.3,17.0,39.7,3.0
14178724,40778533,Mabray,Entisols,7.9,loamy,good,dry,moderate,unknown,low,brown,42.1,20.0,37.9,1.5
14178725,40778536,Lemitar,Aridisols,7.6,loamy,good,dry,moderate,moderate,moderate,pale,39.2,23.5,37.3,1.5
14178726,40778539,Pennell,Aridisols,8.2,sandy-loam,good,dry,low,moderate,moderate,pale,65.9,15.0,19.1,0.25
14178727,40778545,Bacobi,Aridisols,7.9,sandy-loam,good,dry,low,loose,moderate,pale,69.3,9.0,21.7,0.75
14178729,40778550,Jocity,Entisols,8.5,sandy-loam,good,dry,low,moderate,low,pale,55.1,27.5,17.4,0.25
14178730,40778553,Trail,Entisols,8.2,sandy,good,dry,low,moderate,low,brown,77.7,6.0,16.3,0.4
14178732,40778555,Navajo,Entisols,8.5,clay,good,dry,low,loose,low,pale,5.5,47.5,47.0,0.25
14178733,40778557,Ives,Entisols,8.5,sandy-loam,good,dry,low,moderate,low,brown,62.7,14.0,23.3,0.75
14178734,40778560,Tours,Entisols,8.5,silty,good,dry,low,moderate,low,pale,6.0,35.0,59.0,0.35
14178736,40778568,Burnswick,Aridisols,8.5,sandy-loam,good,dry,low,moderate,low,pale,55.1,27.5,17.4,0.75
14178737,40778569,Jocity,Entisols,8.5,sandy-loam,good,dry,low,moderate,low,pale,55.1,27.5,17.4,0.25
14178738,40778572,Claysprings,Entisols,8.2,clay,good,dry,low,loose,moderate,pale,26.1,45.0,28.9,0.75
14178740,40778577,Marcou,Entisols,8.2,sandy,good,dry,low,moderate,low,pale,79.2,4.0,16.8,0.75
14178741,40778580,Burnswick,Aridisols,8.5,sandy-loam,good,dry,low,moderate,low,pale,55.1,27.5,17.4,0.75
14178742,40778584,Monue,Aridisols,7.9,sandy,good,dry,low,moderate,moderate,pale,70.9,12.5,16.6,0.25
14178743,40778586,Wepo,Aridisols,7.9,clay-loam,good,dry,low,moderate,high,pale,31.5,37.5,31.0,0.75
14178744,40778589,Polacca,Aridisols,7.9,clay-loam,good,dry,moderate,moderate,high,pale,35.8,31.0,33.2,1.5
14178745,40778592,Sheppard,Entisols,7.9,sandy,good,dry,low,moderate,low,brown,84.3,6.5,9.2,0.75
14178746,40778597,Tewa,Aridisols,7.6,sandy-loam,good,dry,low,loose,moderate,pale,59.3,17.5,23.2,0.5
14178747,40778598,Jeddito,Entisols,7.9,sandy,good,dry,low,moderate,moderate,brown,83.5,7.5,9.0,0.25
14178748,40778602,Jocity,Entisols,7.9,sandy,good,dry,low,moderate,moderate,brown,70.9,12.5,16.6,0.25
14178751,40778607,Jocity,Entisols,7.9,sandy,good,dry,low,moderate,moderate,brown,70.9,12.5,16.6,0.25
14178752,40778609,Joraibi,Entisols,8.5,clay-loam,good,dry,low,moderate,moderate,pale,33.3,35.0,31.7,0.25
14178753,40778613,Sheppard,Entisols,7.9,sandy,good,dry,low,moderate,low,brown,84.3,6.5,9.2,0.75
14178754,40778615,Sheppard,Entisols,7.9,sandy,good,dry,low,moderate,low,brown,94.6,4.0,1.4,0.25
14178755,40778617,Jocity,Entisols,9.5,clay-loam,good,dry,low,moderate,low,brown,35.4,31.0,33.6,0.25
14178756,40778620,Sheppard,Entisols,7.9,sandy,good,dry,low,moderate,low,brown,84.3,6.5,9.2,0.75
14178757,40778622,Monue,Aridisols,7.9,sandy,good,dry,low,moderate,moderate,pale,70.9,12.5,16.6,0.25
14178758,40778627,Jeddito,Entisols,7.9,sandy,good,dry,low,moderate,moderate,brown,83.5,7.5,9.0,0.25
14178759,40778628,Tewa,Aridisols,7.6,sandy-loam,good,dry,low,loose,moderate,pale,59.3,17.5,23.2,0.5
14178760,40778632,Mido,Entisols,8.2,sandy,good,dry,low,compacted,low,brown,96.3,3.0,0.7,0.75
14178763,40778637,Bluechief,Aridisols,8.2,sandy,good,dry,low,moderate,moderate,pale,70.4,7.5,22.1,0.75
14178764,40778641,Monue family,Aridisols,8.2,sandy,good,dry,low,moderate,low,pale,79.9,3.5,16.6,0.75
14178765,40778645,Casmos family,Entisols,8.2,sandy-loam,good,dry,low,moderate,moderate,brown,68.1,17.5,14.4,0.75
14178766,40778648,Nakai,Aridisols,7.9,sandy,good,dry,low,moderate,moderate,pale,83.1,7.5,9.4,0.75
14178768,40778652,Sheppard,Entisols,7.9,sandy,good,dry,low,moderate,low,brown,79.9,3.5,16.6,0.25
14178769,40778654,Moenkopie,Entisols,8.2,sandy-loam,good,dry,low,moderate,moderate,pale,68.8,15.0,16.2,0.75
14178770,40778657,Blackston,Aridisols,8.2,sandy-loam,good,dry,low,moderate,low,pale,66.8,14.0,19.2,0.5
14178771,40778662,Nakai,Aridisols,8.5,sandy,good,dry,low,moderate,low,pale,77.4,6.5,16.1,0.75
14178772,40778665,Monue,Aridisols,8.2,sandy,good,dry,low,moderate,low,pale,79.4,4.0,16.6,0.75
14178774,40778669,Epikom,Aridisols,8.2,sandy-loam,good,dry,low,moderate,low,pale,65.7,11.5,22.8,0.25
14178776,40778673,Claysprings,Entisols,8.2,clay,good,dry,low,loose,moderate,pale,26.1,45.0,28.9,0.75
14178777,40778676,Purgatory,Aridisols,7.9,sandy,good,dry,low,moderate,moderate,pale,70.9,12.5,16.6,0.75
14178780,40778683,Monue,Aridisols,7.9,sandy,good,dry,low,moderate,moderate,pale,70.9,12.5,16.6,0.25
14178781,40778685,Nakai,Aridisols,8.2,sandy-loam,good,dry,low,moderate,moderate,pale,63.5,13.0,23.5,0.75
14178782,40778688,Sheppard,Entisols,7.9,sandy,good,dry,low,moderate,low,brown,84.3,6.5,9.2,0.75
14178783,40778690,Tewa,Aridisols,7.6,sandy-loam,good,dry,low,loose,moderate,pale,59.3,17.5,23.2,0.5
14178784,40778694,Kinan,Aridisols,7.9,sandy-loam,good,dry,low,loose,low,pale,65.9,15.0,19.1,0.75
14178785,40778698,Hatknoll,Aridisols,8.2,silty,good,dry,low,loose,high,pale,18.1,31.0,50.9,0.75
14178786,40778702,Grieta,Aridisols,7.9,sandy-loam,good,dry,low,moderate,moderate,pale,68.8,15.0,16.2,0.4
14178787,40778705,Monue,Aridisols,8.2,sandy-loam,good,dry,low,moderate,moderate,pale,62.7,14.0,23.3,0.75
14178789,40778709,Jocity,Entisols,7.6,silty,good,dry,low,loose,high,brown,19.0,36.0,45.0,0.75
14178790,40778714,Pennell,Aridisols,8.2,loamy,good,dry,low,moderate,moderate,pale,44.3,15.0,40.7,0.25
14178791,40778719,Clayhole,Entisols,7.9,silty,good,dry,low,loose,moderate,brown,18.1,31.0,50.9,0.75
14178792,40778722,Sheppard,Entisols,7.9,sandy,good,dry,low,moderate,low,brown,79.9,3.5,16.6,0.25
14178793,40778724,Pennell,Aridisols,8.2,sandy-loam,good,dry,low,moderate,moderate,pale,65.9,15.0,19.1,0.25
14178794,40778729,Pagina,Aridisols,8.2,sandy,good,dry,low,moderate,moderate,pale,83.1,7.5,9.4,0.75
14178795,40778736,Kinan,Aridisols,7.9,sandy-loam,good,dry,low,moderate,low,pale,65.9,15.0,19.1,0.75
14178796,40778737,Curhollow,Aridisols,7.9,loamy,good,dry,moderate,loose,moderate,pale,43.3,17.0,39.7,1.5
14178797,40778741,Mellenthin,Aridisols,7.9,loamy,good,dry,moderate,loose,low,pale,43.3,17.0,39.7,1.5
14178798,40778745,Showlow,Mollisols,7.6,silty,good,dry,moderate,loose,high,black,18.1,31.0,50.9,2.0
14178799,40778749,Yumtheska,Mollisols,7.9,loamy,good,dry,moderate,moderate,low,pale,43.3,17.0,39.7,2.0
14178800,40778754,Lozinta,Inceptisols,7.9,loamy,good,dry,moderate,loose,low,brown,43.3,17.0,39.7,1.5
14178801,40778755,Palma,Aridisols,7.9,sandy-loam,good,dry,low,moderate,moderate,pale,68.5,10.0,21.5,0.75
14178803,40778759,Rizno,Entisols,7.9,sandy-loam,good,dry,low,moderate,moderate,pale,68.1,10.5,21.4,0.75
14178804,40778762,Mespun,Entisols,7.0,sandy,good,dry,low,moderate,low,brown,93.2,5.5,1.3,0.75
14178805,40778764,Wayneco,Aridisols,8.2,sandy,good,dry,moderate,moderate,low,pale,70.1,8.0,21.9,1.5
14178806,40778768,Sazi,Aridisols,7.9,sandy-loam,good,dry,moderate,moderate,moderate,pale,67.7,11.0,21.3,2.0
14178807,40778772,Mellenthin,Aridisols,8.2,sandy,good,dry,low,moderate,low,pale,70.9,12.5,16.6,1.4
14178808,40778776,Winona,Aridisols,7.9,loamy,good,dry,moderate,moderate,low,pale,42.1,20.0,37.9,1.5
14178809,40778783,Curhollow,Aridisols,7.9,loamy,good,dry,moderate,moderate,low,pale,43.0,17.5,39.5,1.5
14178810,40778788,Tenderfoot,Aridisols,7.2,loamy,good,dry,moderate,loose,moderate,pale,39.8,22.5,37.7,1.5
14178811,40778789,Arches,Entisols,7.9,sandy,good,dry,low,moderate,low,brown,78.2,5.5,16.3,0.75
14178812,40778794,Rudd,Mollisols,7.9,loamy,good,dry,moderate,unknown,moderate,black,39.2,23.5,37.3,2.0
14178813,40778796,Poley,Aridisols,7.3,sandy-loam,good,dry,moderate,unknown,moderate,pale,65.1,20.0,14.9,1.5
14178814,40778801,Palma,Aridisols,7.5,sandy-loam,good,dry,low,moderate,moderate,pale,68.8,15.0,16.2,0.8
14178815,40778804,Clovis,Aridisols,7.9,sandy,good,dry,low,moderate,moderate,pale,70.1,13.5,16.4,0.8
14178816,40778807,Boysag,Aridisols,7.2,loamy,good,dry,moderate,unknown,moderate,pale,44.3,15.0,40.7,1.5
14178817,40778811,Winona,Aridisols,7.9,loamy,good,dry,low,unknown,moderate,pale,42.1,20.0,37.9,0.75
14178818,40778814,Tusayan,Aridisols,7.9,loamy,moderate,moderate,low,unknown,moderate,pale,43.0,17.5,39.5,0.75
14178819,40778817,Needle,Entisols,7.9,sandy,good,dry,low,moderate,low,brown,94.4,5.0,0.6,0.75
14178821,40778821,Epikom,Aridisols,8.2,sandy-loam,good,dry,low,moderate,low,pale,65.7,11.5,22.8,0.25
14178822,40778825,Sheppard,Entisols,7.9,sandy,good,dry,low,moderate,low,brown,84.3,6.5,9.2,0.75
14178823,40778829,Hubert,Mollisols,7.9,loamy,good,dry,unknown,unknown,moderate,black,39.2,23.5,37.3,
14178824,40778832,Clovis,Aridisols,7.9,sandy,good,dry,low,moderate,moderate,pale,70.1,13.5,16.4,0.8
14178825,40778835,Palma,Aridisols,7.5,sandy-loam,good,dry,moderate,compacted,moderate,pale,65.9,15.0,19.1,1.5
14178826,40778837,Monue,Aridisols,8.2,sandy-loam,good,dry,low,moderate,moderate,pale,69.6,14.0,16.4,0.75
14178827,40778842,Strych,Aridisols,8.2,loamy,good,dry,moderate,loose,moderate,pale,43.3,17.0,39.7,1.5
14178828,40778844,Bison,Aridisols,8.2,loamy,good,dry,low,loose,moderate,pale,43.3,17.0,39.7,0.75
14178830,40778851,Lavate,Mollisols,7.2,sandy-loam,good,dry,moderate,moderate,moderate,black,65.7,11.5,22.8,1.5
14178831,40778854,Clovis family,Aridisols,7.2,sandy-loam,good,dry,low,moderate,moderate,pale,68.8,15.0,16.2,0.75
14178832,40778858,Redbank family,Entisols,8.2,sandy-loam,good,dry,low,moderate,moderate,brown,69.6,14.0,16.4,0.75
14178833,40778860,Palma family,Aridisols,8.2,sandy,good,dry,low,moderate,low,pale,78.6,5.0,16.4,0.75
14178834,40778867,Ildefonso family,Aridisols,8.2,sandy-loam,good,dry,moderate,moderate,low,pale,65.9,15.0,19.1,1.5
14178835,40778868,Spenlo,Aridisols,7.0,sandy-loam,good,dry,low,moderate,moderate,pale,60.8,6.0,33.2,0.75
14178836,40778874,Naplene,Entisols,7.9,silty,good,dry,low,moderate,high,brown,7.2,22.5,70.3,0.75
14178837,40778875,Schmutz,Entisols,8.5,loamy,good,dry,low,moderate,moderate,brown,42.1,20.0,37.9,0.75
14178838,40778878,Wukoki,Aridisols,7.9,loamy,good,dry,moderate,loose,low,pale,41.4,21.5,37.1,1.5
14178839,40778883,Wupatki,Mollisols,7.9,loamy,good,dry,moderate,unknown,low,black,41.4,21.5,37.1,1.5
14178840,40778885,Tuweep,Aridisols,7.9,loamy,good,dry,low,unknown,low,pale,41.4,21.5,37.1,0.75
14178841,40778890,Stagecoach,Aridisols,7.6,sandy-loam,good,dry,low,moderate,low,pale,67.2,17.5,15.3,0.75
14178842,40778892,Hindu,Entisols,8.2,loamy,good,dry,low,moderate,low,pale,43.0,17.5,39.5,0.75
14178845,40778897,Bond family,Aridisols,7.6,sandy-loam,good,dry,low,moderate,moderate,pale,65.9,15.0,19.1,1.0
14178846,40778900,Arches,Entisols,7.9,sandy,good,dry,low,moderate,low,brown,78.2,5.5,16.3,0.75
14178848,40778905,Batterson,Entisols,8.2,sandy,good,dry,low,moderate,low,brown,77.7,6.0,16.3,0.75
14178849,40778908,Yaki,Aridisols,8.5,loamy,good,dry,low,moderate,low,pale,42.4,19.5,38.1,0.75
14178850,40778913,Magotsu,Mollisols,7.2,loamy,good,dry,moderate,moderate,low,black,43.0,18.5,38.5,1.5
14178851,40778915,Sheppard,Entisols,7.9,sandy,good,dry,low,moderate,low,brown,79.7,3.5,16.8,0.25
14178852,40778917,Grieta,Aridisols,8.2,sandy-loam,good,dry,low,moderate,moderate,pale,65.9,15.0,19.1,0.3
14178854,40778921,Mido,Entisols,8.2,sandy,good,dry,low,compacted,low,brown,96.3,3.0,0.7,0.75
14178856,40778925,Begay,Aridisols,7.9,sandy-loam,good,dry,moderate,moderate,moderate,pale,63.8,10.0,26.2,1.5
14178857,40778928,Penistaja,Aridisols,7.5,sandy-loam,good,dry,moderate,moderate,moderate,pale,68.8,15.0,16.2,1.5
14178858,40778932,Milkweed,Inceptisols,7.9,loamy,good,dry,moderate,loose,low,pale,39.8,22.5,37.7,2.0
14178859,40778936,Cabezon,Mollisols,7.0,sandy-loam,good,dry,moderate,moderate,low,black,67.2,17.5,15.3,1.5
14178860,40778940,Deama,Mollisols,7.9,loamy,good,dry,moderate,moderate,moderate,pale,41.4,21.5,37.1,1.5
14178861,40778943,Kech,Aridisols,8.2,sandy-loam,good,dry,moderate,moderate,moderate,pale,68.5,10.0,21.5,1.5
14178862,40778948,Nuffel,Entisols,8.2,silty,good,dry,low,loose,high,pale,14.0,15.0,71.0,0.75
14178864,40778954,Ubank,Aridisols,7.9,sandy-loam,good,dry,moderate,moderate,moderate,pale,67.5,11.5,21.0,1.5
14178866,40778956,Barx,Aridisols,7.9,sandy-loam,good,dry,moderate,moderate,moderate,pale,68.8,15.0,16.2,2.0
14178867,40778960,Cerrillos,Aridisols,8.2,sandy-loam,good,dry,low,moderate,moderate,pale,67.9,12.5,19.6,0.75
14178868,40778964,Padilla,Aridisols,7.9,sandy-loam,good,dry,moderate,moderate,high,pale,55.5,30.0,14.5,1.5
14178869,40778966,Sheza,Aridisols,7.9,sandy-loam,good,dry,low,moderate,low,pale,66.8,14.0,19.2,0.5
14178871,40778972,Leanto,Aridisols,8.2,sandy,good,dry,low,moderate,low,pale,78.1,5.5,16.4,0.5
14178872,40778975,Kech,Aridisols,8.2,sandy-loam,good,dry,moderate,moderate,moderate,pale,68.5,10.0,21.5,1.5
14178873,40778980,Bisoodi,Aridisols,7.9,sandy-loam,good,dry,moderate,moderate,moderate,pale,68.8,15.0,16.2,1.5
14178874,40778984,Mellenthin,Aridisols,8.2,sandy,good,dry,moderate,moderate,low,pale,70.9,12.5,16.6,1.5
14178875,40778989,Bagley,Mollisols,7.9,clay-loam,good,dry,moderate,loose,high,black,33.3,35.0,31.7,3.0
14178876,40778992,Nuffel,Entisols,8.2,silty,good,dry,low,loose,high,pale,14.0,15.0,71.0,0.75
14178879,40778998,Barx,Aridisols,7.9,sandy-loam,good,dry,moderate,moderate,moderate,pale,68.8,15.0,16.2,2.0
14178880,40779000,Kech,Aridisols,8.2,sandy-loam,good,dry,moderate,moderate,moderate,pale,68.5,10.0,21.5,1.5
14178881,40779005,Manzano,Mollisols,8.2,sandy-loam,good,dry,moderate,moderate,moderate,black,55.1,27.5,17.4,1.5
14178882,40779009,Deama,Mollisols,7.9,loamy,good,dry,moderate,moderate,moderate,pale,39.8,22.5,37.7,1.5
14178884,40779015,Toqui,Alfisols,7.0,loamy,good,dry,moderate,moderate,moderate,brown,44.8,14.0,41.2,1.5
14178885,40779019,Topocoba,Alfisols,7.2,sandy-loam,good,dry,moderate,moderate,moderate,brown,62.0,15.0,23.0,1.5
14178886,40779024,Deama,Mollisols,8.2,loamy,good,dry,moderate,moderate,moderate,black,39.8,22.5,37.7,2.0
14178887,40779027,Wilaha,Mollisols,7.2,loamy,good,dry,moderate,moderate,moderate,black,43.0,17.5,39.5,1.5
14178888,40779032,Showlow,Mollisols,6.5,sandy-loam,good,dry,moderate,compacted,moderate,black,59.8,27.5,12.7,1.5
14178889,40779035,Ziegler,Mollisols,7.2,clay-loam,good,dry,moderate,loose,moderate,black,37.2,27.5,35.3,2.0
14178891,40779042,Hualapai,Alfisols,5.3,clay-loam,good,dry,moderate,unknown,moderate,dark brown,35.9,30.0,34.1,3.5
14178892,40779045,Virgin Peak,Mollisols,7.0,loamy,good,dry,moderate,unknown,low,black,45.6,11.0,43.4,2.0
14178893,40779048,Moano,Entisols,7.5,loamy,good,dry,moderate,unknown,moderate,brown,42.1,20.0,37.9,1.5
14178894,40779051,Barkerville,Entisols,7.0,sandy-loam,good,dry,moderate,unknown,moderate,brown,67.9,12.5,19.6,1.5
14178895,40779053,Purner,Mollisols,8.2,loamy,good,dry,moderate,unknown,moderate,black,42.1,20.0,37.9,1.5
14178896,40779055,Tortugas,Mollisols,8.2,loamy,good,dry,moderate,unknown,moderate,black,42.1,20.0,37.9,2.0
14178897,40779058,Jacks,Alfisols,7.0,clay-loam,good,dry,moderate,moderate,moderate,brown,35.9,30.0,34.1,2.0
14178898,40779062,Luzena,Mollisols,6.7,loamy,good,dry,moderate,moderate,moderate,black,39.2,23.5,37.3,1.5
14178899,40779065,Thunderbird,Mollisols,7.2,clay-loam,good,dry,moderate,loose,moderate,pale,31.5,37.5,31.0,1.5
14178901,40779069,Typic Haplustalfs,Alfisols,7.0,clay-loam,good,dry,moderate,moderate,moderate,brown,37.2,27.5,35.3,1.5
14178902,40779074,Thunderbird,Mollisols,7.2,clay-loam,good,dry,moderate,loose,moderate,pale,31.5,37.5,31.0,1.5
14178903,40779077,Rudd,Mollisols,7.9,loamy,good,dry,moderate,unknown,moderate,black,39.2,23.5,37.3,2.0
14178904,40779080,Springerville,Vertisols,7.9,clay,good,dry,moderate,compacted,moderate,brown,22.1,50.0,27.9,1.5
14178905,40779084,Cabezon,Mollisols,6.7,clay-loam,good,dry,moderate,moderate,low,black,33.3,35.0,31.7,1.5
14178906,40779087,Whitlock,Aridisols,8.2,sandy-loam,good,dry,low,unknown,low,pale,67.9,12.5,19.6,0.75
14178907,40779090,Cave,Aridisols,8.2,sandy-loam,good,dry,low,moderate,moderate,pale,66.0,11.0,23.0,0.75
14178908,40779093,Continental,Aridisols,6.7,sandy-loam,good,dry,low,moderate,moderate,pale,65.9,15.0,19.1,0.75
14178909,40779096,Cabezon,Mollisols,6.7,clay-loam,good,dry,moderate,moderate,low,black,33.3,35.0,31.7,1.5
14178910,40779099,Springerville,Vertisols,7.9,clay,good,dry,moderate,compacted,moderate,brown,22.1,50.0,27.9,1.5
14178911,40779103,Thunderbird,Mollisols,7.2,clay-loam,good,dry,moderate,loose,moderate,pale,31.5,37.5,31.0,1.5
14178912,40779106,Venezia,Mollisols,7.2,loamy,good,dry,moderate,unknown,moderate,black,43.0,17.5,39.5,3.0
14178913,40779109,Cabezon,Mollisols,6.7,clay-loam,good,dry,moderate,moderate,low,black,33.3,35.0,31.7,1.5
14178914,40779112,Lynx,Mollisols,7.5,loamy,good,dry,moderate,unknown,moderate,black,44.8,14.0,41.2,1.5
14178915,40779116,Pastura,Aridisols,8.2,loamy,good,dry,moderate,loose,moderate,pale,38.5,25.0,36.5,1.5
14178916,40779117,Abra,Aridisols,8.2,loamy,good,dry,moderate,unknown,moderate,pale,42.1,20.0,37.9,1.5
14178917,40779119,Partri,Mollisols,7.5,loamy,good,dry,moderate,unknown,high,black,42.1,20.0,37.9,2.0
14178918,40779126,Poley,Aridisols,7.3,sandy-loam,good,dry,moderate,unknown,moderate,pale,65.1,20.0,14.9,1.5
14178920,40779131,Lonti,Aridisols,7.2,loamy,good,dry,moderate,moderate,moderate,pale,42.1,20.0,37.9,1.5
14178921,40779134,Lynx,Mollisols,7.5,loamy,good,dry,moderate,unknown,moderate,black,44.8,14.0,41.2,1.5
14178922,40779136,Begay,Aridisols,7.9,sandy-loam,good,dry,moderate,moderate,moderate,pale,63.8,10.0,26.2,1.5
14178923,40779141,Tonalea,Entisols,7.6,sandy,good,dry,low,moderate,moderate,brown,83.1,7.5,9.4,0.35
14178924,40779143,Kydestea,Entisols,7.6,sandy-loam,good,dry,moderate,loose,low,brown,55.5,30.0,14.5,1.5
14178925,40779147,Penistaja,Aridisols,7.5,sandy-loam,good,dry,moderate,moderate,moderate,pale,68.8,15.0,16.2,1.5
14178926,40779151,Zyme,Entisols,7.9,clay-loam,good,dry,moderate,moderate,high,brown,31.5,37.5,31.0,1.5
14178929,40779157,Monue,Aridisols,7.9,sandy,good,dry,low,moderate,moderate,pale,70.9,12.5,16.6,0.25
14178931,40779160,Sheppard,Entisols,7.9,sandy,good,dry,low,moderate,low,brown,84.3,6.5,9.2,0.75
14178934,40779165,Overgaard,Alfisols,5.8,loamy,good,dry,moderate,unknown,moderate,dark brown,42.1,20.0,37.9,3.0
14178936,40779169,Telephone,Entisols,6.3,sandy-loam,good,dry,moderate,unknown,low,brown,66.9,10.0,23.1,1.5
14178937,40779171,Elledge,Alfisols,6.5,sandy-loam,good,dry,moderate,unknown,low,brown,66.9,10.0,23.1,1.5
14178938,40779174,Elledge,Alfisols,7.0,loamy,good,dry,moderate,moderate,moderate,brown,39.2,23.5,37.3,1.5
14178939,40779178,Docdee,Mollisols,7.0,loamy,good,dry,moderate,loose,moderate,black,39.8,22.5,37.7,3.0
14178940,40779180,Spudrock,Inceptisols,6.5,sandy-loam,good,dry,moderate,moderate,low,brown,67.9,12.5,19.6,2.0
14178942,40779184,Gordo,Mollisols,6.3,loamy,good,dry,high,unknown,moderate,black,44.3,15.0,40.7,8.5
14178943,40779187,Sponseller,Mollisols,6.7,silty,good,dry,moderate,unknown,moderate,black,26.5,20.0,53.5,3.0
14178944,40779191,Ess,Mollisols,6.7,loamy,good,dry,moderate,unknown,moderate,black,42.1,20.0,37.9,2.5
14178945,40779193,Thunderbird,Mollisols,7.2,clay-loam,good,dry,moderate,loose,moderate,pale,31.5,37.5,31.0,1.5
14178946,40779197,Showlow,Mollisols,6.5,clay-loam,good,dry,moderate,compacted,moderate,black,34.7,27.5,37.8,1.5
14178947,40779201,Aridic Haplustalfs,Alfisols,7.0,loamy,good,dry,low,moderate,low,brown,43.0,17.5,39.5,0.75
14178948,40779208,Typic Haplustalfs,Alfisols,7.0,clay-loam,good,dry,moderate,moderate,moderate,brown,37.2,27.5,35.3,1.5
14178950,40779210,Lithic Haplustalfs,Alfisols,7.0,sandy-loam,good,dry,low,moderate,low,brown,66.8,14.0,19.2,0.7
14178951,40779213,Typic Haplustalfs,Alfisols,7.0,sandy-loam,good,dry,moderate,moderate,moderate,brown,68.8,15.0,16.2,1.5
14178952,40779218,Typic Haplustalfs,Alfisols,7.0,sandy-loam,good,dry,moderate,moderate,moderate,brown,68.8,15.0,16.2,1.5
14178953,40779223,Sheppard,Entisols,7.9,sandy,good,dry,low,moderate,low,brown,95.9,3.5,0.6,0.25
14178955,40779226,Aneth,Entisols,8.2,sandy,good,dry,low,compacted,low,brown,77.4,6.5,16.1,0.25
14178956,40779228,Sogzie,Aridisols,8.8,sandy-loam,good,dry,low,moderate,moderate,pale,62.7,14.0,23.3,0.75
14178957,40779231,ThumbRock,Aridisols,7.9,sandy-loam,good,dry,moderate,moderate,moderate,pale,62.0,15.0,23.0,1.5
14178958,40779234,Begay,Aridisols,7.9,sandy,good,dry,moderate,moderate,moderate,pale,77.9,6.0,16.1,2.0
14178959,40779237,Shedado,Entisols,7.5,sandy,good,dry,moderate,moderate,moderate,pale,83.5,7.5,9.0,2.5
14178960,40779241,Mespun,Entisols,7.0,sandy,good,dry,low,moderate,low,brown,77.9,6.0,16.1,0.25
14178963,40779245,Ustollic Haplargids,Aridisols,7.9,sandy-loam,good,dry,moderate,moderate,low,pale,67.4,13.0,19.6,2.0
14178964,40779248,Namon,Alfisols,6.7,sandy-loam,good,dry,moderate,moderate,low,dark brown,62.7,11.5,25.8,4.0
14178965,40779252,Abreu,Alfisols,6.1,sandy-loam,good,dry,moderate,moderate,moderate,brown,67.9,12.5,19.6,1.5
14178966,40779255,Abreu,Alfisols,6.1,sandy-loam,good,dry,moderate,moderate,low,brown,65.9,15.0,19.1,1.5
14178967,40779259,Typic Eutroboralfs,Alfisols,5.5,loamy,good,dry,moderate,moderate,moderate,brown,43.0,17.5,39.5,1.5
14178968,40779261,Typic Eutroboralfs,Alfisols,6.1,loamy,good,dry,moderate,moderate,low,brown,44.3,15.0,40.7,1.5
14178969,40779264,Monue,Aridisols,8.2,sandy,good,dry,low,moderate,moderate,pale,83.8,11.5,4.7,0.75
14178970,40779267,Deleco,Aridisols,8.8,sandy,good,dry,low,moderate,low,pale,77.4,6.5,16.1,0.25
14178972,40779273,Sheppard,Entisols,7.9,sandy,good,dry,low,moderate,low,brown,95.9,3.5,0.6,0.25
14178973,40779275,Moepitz,Entisols,7.9,sandy,good,dry,low,moderate,moderate,brown,87.5,4.0,8.5,0.75
14178974,40779280,Hickiwan,Aridisols,7.9,sandy-loam,good,dry,low,moderate,low,pale,66.9,10.0,23.1,0.25
14178975,40779282,Momoli,Aridisols,7.9,sandy-loam,good,dry,low,moderate,low,pale,66.8,14.0,19.2,0.3
14178976,40779288,Ajo,Aridisols,7.9,loamy,good,dry,low,moderate,low,pale,44.3,15.0,40.7,0.75
14178977,40779293,Denure,Aridisols,7.5,sandy-loam,good,dry,low,moderate,moderate,pale,66.9,10.0,23.1,0.75
14178978,40779295,Pinamt,Aridisols,7.9,loamy,good,dry,low,moderate,low,pale,45.7,12.5,41.8,0.25
14178979,40779298,Gunsight,Aridisols,8.2,sandy-loam,good,dry,low,moderate,low,pale,65.7,11.5,22.8,0.25
14178980,40779301,Calciorthids,Aridisols,7.9,loamy,good,dry,low,unknown,low,pale,39.2,23.5,37.3,1.25
14178981,40779303,Retriever,Entisols,8.2,loamy,good,dry,low,unknown,moderate,brown,42.1,20.0,37.9,0.75
14178982,40779306,Vertic Haplustalfs,Alfisols,7.6,clay-loam,good,dry,low,moderate,high,brown,33.3,35.0,31.7,0.7
14178983,40779308,Aridic Ustochrepts,Inceptisols,7.6,loamy,good,dry,low,moderate,moderate,brown,39.2,23.5,37.3,0.65
14178984,40779311,Fragua,Alfisols,7.6,sandy,good,dry,moderate,moderate,low,brown,70.9,12.5,16.6,1.5
14178985,40779319,Lama,Alfisols,7.0,clay-loam,good,dry,moderate,moderate,moderate,brown,37.2,27.5,35.3,1.5
14178987,40779321,Spudrock,Inceptisols,6.5,sandy-loam,good,dry,moderate,moderate,low,brown,67.9,12.5,19.6,2.0
14178988,40779324,Winona,Aridisols,8.5,loamy,good,dry,moderate,loose,moderate,pale,43.8,16.0,40.2,2.0
14178990,40779331,Spudrock,Inceptisols,6.5,sandy-loam,good,dry,moderate,moderate,low,brown,67.9,12.5,19.6,2.0
14178992,40779333,Winona,Aridisols,7.9,loamy,good,dry,low,unknown,moderate,pale,42.1,20.0,37.9,0.75
14178993,40779338,Quintana,Inceptisols,7.6,loamy,good,dry,moderate,moderate,low,brown,41.6,21.0,37.4,1.5
14178994,40779340,Quintana,Inceptisols,7.6,loamy,good,dry,moderate,moderate,low,brown,41.6,21.0,37.4,1.5
14178995,40779344,Typic Paleboralfs,Alfisols,6.7,loamy,good,dry,moderate,moderate,moderate,brown,43.5,16.5,40.0,2.0
14178996,40779347,Eutric Glossoboralfs,Alfisols,7.0,loamy,good,dry,low,moderate,moderate,brown,41.1,22.0,36.9,0.7
14178998,40779354,Eutric Glossoboralfs,Alfisols,7.0,loamy,good,dry,low,moderate,low,brown,41.1,22.0,36.9,0.7
14178999,40779356,Typic Cryoboralfs,Alfisols,5.8,loamy,good,dry,moderate,moderate,moderate,brown,42.1,20.0,37.9,1.5
14179001,40779361,Eutric Glossoboralfs,Alfisols,7.0,loamy,good,dry,low,moderate,low,brown,41.1,22.0,36.9,0.7
14179002,40779365,Eutric Glossoboralfs,Alfisols,7.0,sandy-loam,good,dry,low,moderate,low,brown,63.6,22.0,14.4,0.7
14179003,40779369,Fluventic Ustochrepts,Inceptisols,8.2,loamy,good,dry,low,moderate,moderate,brown,44.3,15.0,40.7,0.75
14179004,40779375,Typic Haplustalfs,Alfisols,7.0,clay-loam,good,dry,moderate,moderate,moderate,brown,37.2,27.5,35.3,1.5
14179006,40779377,Aridic Haplustolls,Alfisols,7.0,loamy,good,dry,moderate,loose,moderate,brown,39.2,23.5,37.3,2.5
14179007,40779380,Aridic Ustochrepts,Inceptisols,7.6,loamy,good,dry,low,moderate,moderate,brown,39.2,23.5,37.3,0.65
14179009,40779384,Typic Paleboralfs,Alfisols,6.7,loamy,good,dry,moderate,moderate,moderate,brown,43.5,16.5,40.0,2.0
14179010,40779387,Typic Cryoboralfs,Alfisols,5.8,loamy,good,dry,moderate,moderate,moderate,brown,42.1,20.0,37.9,1.5
14179011,40779391,Typic Cryoboralfs,Alfisols,5.8,loamy,good,dry,moderate,moderate,moderate,brown,42.1,20.0,37.9,1.5
14179012,40779395,Typic Haplustalfs,Alfisols,8.2,loamy,good,dry,moderate,moderate,low,brown,43.0,18.5,38.5,1.5
14179014,40779401,Vertic Haplustalfs,Alfisols,7.9,silty,good,dry,moderate,moderate,moderate,brown,17.5,33.5,49.0,1.5
14179015,40779404,Typic Haplustalfs,Alfisols,7.0,sandy-loam,good,dry,moderate,moderate,moderate,brown,68.8,15.0,16.2,1.5
14179016,40779409,Typic Haplustalfs,Alfisols,7.0,clay-loam,good,dry,moderate,moderate,moderate,brown,37.2,27.5,35.3,1.5
14179017,40779414,Typic Haplustalfs,Alfisols,7.0,clay-loam,good,dry,moderate,moderate,moderate,brown,37.2,27.5,35.3,1.5
14179019,40779420,Eutric Glossoboralfs,Alfisols,7.0,loamy,good,dry,low,moderate,moderate,brown,41.1,22.0,36.9,0.7
14179020,40779424,Espiritu,Alfisols,7.6,sandy-loam,good,dry,moderate,moderate,low,brown,68.1,17.5,14.4,1.5
14179021,40779429,Silkie,Alfisols,7.6,clay-loam,good,dry,low,moderate,high,brown,33.3,35.0,31.7,0.7
14179022,40779431,Wineg,Aridisols,7.0,loamy,good,dry,moderate,unknown,moderate,pale,39.8,22.5,37.7,3.0
14179023,40779435,Quintana,Inceptisols,7.6,loamy,good,dry,moderate,moderate,low,brown,41.6,21.0,37.4,1.5
14179025,40779443,Lithic Haplustalfs,Alfisols,7.0,sandy-loam,good,dry,low,moderate,low,brown,66.8,14.0,19.2,0.7
14179026,40779446,Typic Haplustalfs,Alfisols,7.0,clay-loam,good,dry,moderate,moderate,moderate,brown,37.2,27.5,35.3,1.5
14179027,40779453,Mollic Eutroboralfs,Alfisols,7.2,loamy,good,dry,moderate,moderate,moderate,brown,41.6,21.0,37.4,2.5
14179028,40779455,Eutric Glossoboralfs,Alfisols,7.0,loamy,good,dry,low,moderate,low,brown,41.1,22.0,36.9,0.7
14179030,40779460,Mollic Cryoboralfs,Alfisols,6.1,loamy,good,dry,moderate,moderate,moderate,dark brown,43.0,17.5,39.5,3.0
14179031,40779464,Derecho,Alfisols,7.2,loamy,good,dry,moderate,moderate,moderate,brown,41.6,21.0,37.4,2.5
14179032,40779468,Mirand,Alfisols,7.0,clay-loam,good,dry,moderate,moderate,moderate,brown,35.4,31.0,33.6,2.0
14179033,40779471,Silkie,Alfisols,7.6,clay-loam,good,dry,low,moderate,high,brown,33.3,35.0,31.7,0.7
14179034,40779473,Mirand,Alfisols,7.0,clay-loam,good,dry,moderate,moderate,moderate,brown,35.4,31.0,33.6,2.0
14179035,40779478,Vibo,Alfisols,7.2,sandy-loam,good,dry,moderate,moderate,moderate,brown,65.9,15.0,19.1,2.0
14179038,40779484,Mollic Eutroboralfs,Alfisols,7.2,loamy,good,dry,moderate,moderate,moderate,brown,41.6,21.0,37.4,2.5
14179039,40779488,Typic Haplustalfs,Alfisols,7.0,clay-loam,good,dry,moderate,moderate,moderate,brown,34.7,27.5,37.8,1.5
14179040,40779493,Maes,Alfisols,7.0,loamy,good,dry,low,moderate,moderate,brown,41.1,22.0,36.9,0.7
14179041,40779497,Mirand,Alfisols,7.0,loamy,good,dry,moderate,moderate,low,brown,39.2,23.5,37.3,2.0
14179042,40779500,Eutric Glossoboralfs,Alfisols,7.0,loamy,good,dry,low,moderate,low,brown,41.1,22.0,36.9,0.7
14179045,40779510,Gila,Entisols,8.2,loamy,good,dry,low,moderate,moderate,brown,44.8,14.0,41.2,0.75
14179046,40779512,Rillino,Aridisols,8.2,loamy,good,dry,low,unknown,moderate,pale,42.1,20.0,37.9,0.75
14179047,40779515,Continental,Aridisols,6.7,loamy,good,dry,low,moderate,moderate,pale,42.1,20.0,37.9,0.75
14179048,40779518,Romero,Entisols,6.7,sandy-loam,good,dry,moderate,moderate,moderate,brown,65.9,15.0,19.1,1.5
14179049,40779521,Tombstone,Aridisols,8.2,loamy,good,dry,moderate,loose,moderate,pale,42.1,20.0,37.9,1.5
14179051,40779525,Tubac,Aridisols,7.2,loamy,good,dry,low,moderate,moderate,pale,41.4,21.5,37.1,0.75
14179052,40779530,Pajarito,Aridisols,7.9,sandy-loam,good,dry,low,moderate,moderate,pale,66.9,10.0,23.1,0.25
14179053,40779533,Bucklebar,Aridisols,7.2,sandy-loam,good,dry,low,moderate,moderate,pale,66.8,14.0,19.2,0.75
14179054,40779536,Glendale,Entisols,7.9,clay-loam,good,dry,low,moderate,high,brown,26.3,32.5,41.2,0.75
14179055,40779538,Hayhook,Aridisols,7.5,sandy,good,dry,low,moderate,low,pale,83.5,7.5,9.0,0.75
14179056,40779542,Whitlock,Aridisols,8.2,sandy-loam,good,dry,low,unknown,moderate,pale,67.9,12.5,19.6,0.75
14179057,40779544,Tres Hermanos,Aridisols,7.9,loamy,good,dry,low,moderate,moderate,pale,43.0,17.5,39.5,0.75
14179058,40779548,Artesia,Aridisols,7.0,loamy,good,dry,low,unknown,low,pale,43.0,17.5,39.5,0.75
14179059,40779552,Pinamt,Aridisols,8.2,loamy,good,dry,low,moderate,moderate,pale,39.2,23.5,37.3,0.25
14179060,40779556,Cloverdale,Mollisols,7.0,loamy,good,dry,moderate,loose,moderate,black,39.2,23.5,37.3,1.5
14179061,40779559,Eba,Aridisols,7.2,loamy,good,dry,low,moderate,low,pale,45.4,13.0,41.6,0.3
14179062,40779563,Pima,Entisols,7.9,loamy,good,dry,moderate,moderate,high,brown,37.4,20.0,42.6,1.5
14179063,40779565,Eba,Aridisols,7.2,loamy,good,dry,low,moderate,low,pale,45.4,13.0,41.6,0.3
14179064,40779569,Hawkeye,Mollisols,7.6,loamy,good,dry,moderate,moderate,low,black,46.2,9.5,44.3,1.5
14179065,40779571,Stellar,Aridisols,7.9,clay-loam,good,dry,moderate,moderate,moderate,pale,34.7,27.5,37.8,1.5
14179066,40779574,Cloverdale,Mollisols,7.0,clay-loam,good,dry,moderate,moderate,moderate,black,34.7,32.5,32.8,1.5
14179067,40779577,Anamite,Aridisols,7.6,silty,good,dry,moderate,moderate,high,pale,18.5,37.5,44.0,1.5
14179068,40779579,Eicks,Mollisols,7.2,loamy,good,dry,moderate,loose,moderate,black,42.1,20.0,37.9,1.5
14179069,40779583,Atascosa,Mollisols,7.0,loamy,good,dry,moderate,moderate,low,black,44.3,15.0,40.7,2.0
14179070,40779586,Graham,Aridisols,7.2,silty,good,dry,moderate,moderate,moderate,pale,18.1,31.0,50.9,2.0
14179071,40779589,Limpia,Mollisols,7.5,clay-loam,good,dry,moderate,moderate,moderate,black,34.7,27.5,37.8,2.0
14179072,40779591,Bonita,Vertisols,8.2,clay,good,dry,moderate,moderate,moderate,brown,7.2,45.0,47.8,2.0
14179073,40779595,Atascosa,Mollisols,7.0,sandy-loam,good,dry,moderate,unknown,moderate,black,65.9,15.0,19.1,2.0
14179074,40779598,Mabray,Entisols,7.9,loamy,good,dry,moderate,unknown,low,brown,42.1,20.0,37.9,1.5
14179075,40779601,Chiricahua,Aridisols,6.1,sandy-loam,good,dry,moderate,moderate,moderate,pale,67.9,12.5,19.6,1.5
14179076,40779605,Mokiak,Mollisols,7.6,sandy-loam,good,dry,moderate,moderate,low,black,63.4,17.5,19.1,1.5
14179078,40779610,Faraway,Mollisols,6.5,loamy,good,dry,moderate,unknown,low,black,44.3,15.0,40.7,2.0
14179080,40779613,Fallsam,Mollisols,6.7,silty,good,dry,moderate,moderate,low,black,18.4,25.0,56.6,2.5
14179081,40779615,Luzena,Mollisols,6.7,clay,good,dry,moderate,unknown,moderate,black,28.1,42.5,29.4,1.5
14179082,40779618,Tapco,Aridisols,7.9,clay-loam,good,dry,low,unknown,low,pale,35.4,31.0,33.6,0.75
14179083,40779622,Peloncillo,Aridisols,7.9,sandy-loam,good,dry,low,unknown,low,pale,57.0,25.0,18.0,0.75
14179084,40779628,Artesia,Aridisols,7.0,sandy-loam,good,dry,low,unknown,low,pale,57.0,25.0,18.0,0.75
14179085,40779630,Bonita,Vertisols,8.2,clay,good,dry,moderate,moderate,moderate,brown,7.2,45.0,47.8,2.0
14179086,40779638,Wampoo,Mollisols,7.2,loamy,good,dry,moderate,moderate,moderate,black,42.1,20.0,37.9,1.5
14179087,40779639,Signal,Mollisols,7.0,clay-loam,good,dry,unknown,unknown,low,black,35.4,31.0,33.6,
14179088,40779643,Selevin,Aridisols,6.7,loamy,good,dry,moderate,unknown,low,pale,41.6,21.0,37.4,1.5
14179089,40779646,Alsco,Aridisols,7.2,sandy-loam,good,dry,moderate,unknown,low,pale,66.9,10.0,23.1,1.5
14179090,40779650,Eloma,Aridisols,6.7,loamy,good,dry,moderate,unknown,low,pale,42.1,20.0,37.9,1.5
14179091,40779653,Bluechief,Aridisols,8.2,sandy,good,dry,low,moderate,moderate,pale,70.4,7.5,22.1,0.75
14179093,40779658,Piute,Entisols,7.9,sandy,good,dry,low,moderate,low,brown,78.6,5.0,16.4,0.25
14179094,40779660,Escavada,Entisols,7.9,sandy-loam,good,dry,low,moderate,moderate,brown,63.8,10.0,26.2,0.4
14179095,40779662,Shumbegay,Entisols,8.5,sandy,good,dry,low,compacted,moderate,brown,79.9,3.5,16.6,0.35
14179096,40779666,Uzona,Aridisols,7.9,loamy,good,dry,low,moderate,low,pale,39.2,23.5,37.3,0.75
14179097,40779670,Farview,Entisols,7.9,sandy-loam,good,dry,low,moderate,moderate,pale,69.6,14.0,16.4,0.75
14179098,40779674,Doakum,Aridisols,8.2,sandy-loam,good,dry,low,moderate,moderate,pale,68.8,15.0,16.2,0.55
14179099,40779676,Millett,Aridisols,7.5,sandy-loam,good,dry,moderate,moderate,low,pale,66.4,14.5,19.1,2.0
14179100,40779680,Mido,Entisols,8.2,sandy,good,dry,low,moderate,moderate,pale,70.5,13.0,16.5,0.25
14179101,40779683,Arches,Entisols,7.9,sandy,good,dry,low,moderate,low,brown,78.2,5.5,16.3,0.75
14179102,40779686,Blanding,Aridisols,8.2,sandy-loam,good,dry,low,moderate,moderate,pale,62.7,14.0,23.3,0.85
14179103,40779688,Klizhin,Mollisols,6.7,sandy,good,dry,moderate,moderate,moderate,black,83.1,7.5,9.4,3.0
14179104,40779691,Tunitcha,Alfisols,7.0,sandy-loam,good,dry,moderate,moderate,low,brown,66.8,14.0,19.2,2.5
14179105,40779697,Akhoni,Mollisols,6.7,sandy-loam,good,dry,moderate,compacted,moderate,black,67.5,11.5,21.0,2.0
14179106,40779699,Abreu,Alfisols,5.5,loamy,good,dry,moderate,moderate,moderate,brown,43.0,17.5,39.5,1.5
14179107,40779702,Altar,Aridisols,6.5,sandy-loam,good,dry,low,moderate,low,pale,67.9,12.5,19.6,0.75
14179108,40779709,Altar,Aridisols,6.5,sandy-loam,good,dry,low,moderate,low,pale,67.9,12.5,19.6,0.75
14179112,40779715,Rizno,Entisols,7.9,sandy-loam,good,dry,low,moderate,moderate,pale,67.5,11.5,21.0,0.75
14179113,40779719,Metuck,Entisols,8.2,sandy-loam,good,dry,moderate,moderate,low,pale,59.3,17.5,23.2,1.5
14179115,40779725,Vibo,Alfisols,7.2,sandy-loam,good,dry,moderate,moderate,moderate,brown,65.9,15.0,19.1,2.0
14179117,40779732,Telescope,Inceptisols,7.2,sandy,good,dry,low,moderate,low,brown,83.5,7.0,9.5,0.25
14179118,40779736,Royosa,Entisols,7.2,sandy,good,dry,moderate,moderate,low,brown,95.4,4.0,0.6,1.5
14179119,40779740,Augustine,Alfisols,7.2,sandy,good,dry,moderate,moderate,moderate,brown,70.9,12.5,16.6,1.5
14179121,40779744,Aridic Ustochrepts,Inceptisols,7.6,loamy,good,dry,low,moderate,moderate,brown,39.2,23.5,37.3,0.65
14179122,40779747,Aridic Haplustolls,Alfisols,7.0,loamy,good,dry,moderate,loose,moderate,brown,39.2,23.5,37.3,2.5
14179124,40779753,Shoegame,Aridisols,7.6,sandy-loam,good,dry,low,moderate,low,pale,66.9,10.0,23.1,0.4
14179125,40779754,McNeal,Aridisols,8.2,sandy-loam,good,dry,low,unknown,low,pale,67.9,12.5,19.6,0.75
14179127,40779760,Hogris,Entisols,6.5,sandy-loam,good,dry,low,unknown,moderate,brown,65.9,15.0,19.1,0.75
14179129,40779764,Cellar,Entisols,7.2,sandy-loam,good,dry,low,moderate,low,brown,67.9,12.5,19.6,0.75
14179130,40779766,Torriorthents,Entisols,7.6,sandy-loam,unknown,moderate,moderate,unknown,moderate,brown,62.0,24.0,14.0,1.5
14179132,40779770,Cellar,Entisols,7.5,sandy-loam,good,dry,low,moderate,low,brown,67.9,12.5,19.6,0.75
14179133,40779773,Spudrock,Inceptisols,6.5,sandy-loam,good,dry,moderate,moderate,low,brown,67.9,12.5,19.6,2.0
14179134,40779776,Yaqui,Aridisols,7.9,sandy,good,dry,low,loose,moderate,pale,70.9,12.5,16.6,0.75
14179135,40779780,Werlog,Entisols,7.9,sandy-loam,poor,wet,moderate,moderate,moderate,brown,68.8,15.0,16.2,1.5
14179136,40779783,Santo Tomas,Mollisols,7.5,sandy-loam,good,dry,moderate,moderate,low,black,67.9,12.5,19.6,2.0
14179138,40779787,Werlog,Entisols,7.9,sandy-loam,poor,wet,moderate,moderate,moderate,brown,68.8,15.0,16.2,1.5
14179139,40779790,Torriorthents,Entisols,7.6,loamy,unknown,dry,moderate,unknown,low,brown,43.0,17.5,39.5,1.5
14179140,40779794,Moenkopie,Entisols,8.2,sandy-loam,good,dry,low,moderate,low,pale,66.0,11.0,23.0,0.75
14179142,40779797,Fluventic Ustochrepts,Inceptisols,8.2,sandy-loam,good,dry,low,moderate,moderate,brown,69.6,14.0,16.4,0.75
14179143,40779799,Typic Ustifluvents,Entisols,8.2,sandy-loam,poor,wet,low,moderate,moderate,brown,68.1,17.5,14.4,0.5
14179144,40779802,Fluventic Ustochrepts,Inceptisols,8.2,sandy-loam,good,dry,low,moderate,moderate,brown,69.6,14.0,16.4,0.75
14179145,40779804,Aquic Ustifluvents,Entisols,8.5,loamy,poor,wet,moderate,moderate,moderate,brown,39.8,22.5,37.7,1.5
14179147,40779808,Vessilla,Entisols,7.5,sandy-loam,good,dry,low,moderate,low,brown,65.9,15.0,19.1,0.7
14179148,40779811,Teromote,Inceptisols,7.6,loamy,good,dry,low,moderate,moderate,brown,44.3,15.0,40.7,0.7
14179149,40779814,Kopie,Inceptisols,7.9,sandy-loam,good,dry,moderate,unknown,moderate,brown,67.5,11.5,21.0,1.5
14179150,40779818,Kopie,Inceptisols,7.9,sandy-loam,good,dry,moderate,unknown,moderate,brown,65.7,11.5,22.8,1.5
14179151,40779822,Quintana,Inceptisols,7.6,loamy,good,dry,moderate,moderate,low,brown,41.6,21.0,37.4,1.5
14179152,40779826,Typic Haplustalfs,Alfisols,7.0,clay-loam,good,dry,moderate,moderate,moderate,brown,37.2,27.5,35.3,1.5
14179154,40779832,Typic Ustochrepts,Inceptisols,7.6,sandy-loam,good,dry,moderate,moderate,moderate,brown,67.4,13.0,19.6,1.5
14179156,40779837,Aridic Ustochrepts,Inceptisols,7.6,loamy,good,dry,low,moderate,moderate,brown,39.2,23.5,37.3,0.65
14179157,40779840,Shoegame,Aridisols,7.6,sandy-loam,good,dry,low,moderate,low,pale,66.9,10.0,23.1,0.4
14179158,40779843,Ransect,Inceptisols,7.6,silty,good,dry,moderate,moderate,high,pale,18.0,31.5,50.5,1.5
14179159,40779846,Typic Ustochrepts,Inceptisols,7.6,sandy-loam,good,dry,moderate,moderate,moderate,brown,67.4,13.0,19.6,1.5
14179160,40779852,Lithic Ustochrepts,Inceptisols,7.5,loamy,good,dry,low,moderate,moderate,brown,43.0,17.5,39.5,0.7
14179162,40779857,Typic Ustochrepts,Inceptisols,7.6,loamy,good,dry,moderate,moderate,low,brown,41.6,21.0,37.4,1.5
14179163,40779858,Typic Haplustalfs,Alfisols,7.0,clay-loam,good,dry,moderate,moderate,moderate,brown,37.2,27.5,35.3,1.5
14179164,40779864,Typic Dystrochrepts,Inceptisols,5.6,sandy-loam,good,dry,moderate,moderate,moderate,brown,65.1,20.0,14.9,2.5
14179166,40779866,Spudrock,Inceptisols,6.5,sandy-loam,good,dry,moderate,moderate,low,brown,67.9,12.5,19.6,2.0
14179167,40779869,Dystric Cryochrepts,Inceptisols,4.6,sandy-loam,good,dry,moderate,moderate,low,dark brown,65.9,15.0,19.1,3.5
14179168,40779873,Typic Dystrochrepts,Inceptisols,5.6,sandy-loam,good,dry,moderate,moderate,moderate,brown,65.1,20.0,14.9,2.5
14179169,40779878,Dystric Cryochrepts,Inceptisols,4.6,loamy,good,dry,moderate,moderate,low,dark brown,44.3,15.0,40.7,3.5
14179171,40779880,Typic Dystrochrepts,Inceptisols,5.6,sandy-loam,good,dry,moderate,moderate,moderate,brown,65.1,20.0,14.9,2.5
14179172,40779882,Dystric Cryochrepts,Inceptisols,4.6,loamy,good,dry,moderate,moderate,low,dark brown,44.3,15.0,40.7,3.5
14179173,40779886,Dystric Cryochrepts,Inceptisols,4.6,loamy,good,dry,moderate,moderate,low,dark brown,44.3,15.0,40.7,3.5
14179174,40779890,Kopie,Inceptisols,7.9,sandy-loam,good,dry,moderate,unknown,moderate,brown,67.5,11.5,21.0,1.5
14179175,40779896,Quintana,Inceptisols,7.6,loamy,good,dry,moderate,moderate,low,brown,41.6,21.0,37.4,1.5
14179176,40779898,Sobega,Inceptisols,5.3,sandy-loam,good,dry,moderate,unknown,moderate,brown,66.0,19.0,15.0,2.5
14179177,40779901,Dystric Cryochrepts,Inceptisols,4.6,loamy,good,dry,moderate,moderate,low,dark brown,44.3,15.0,40.7,3.5
14179178,40779908,Dystric Cryochrepts,Inceptisols,4.6,loamy,good,dry,moderate,moderate,low,dark brown,44.3,15.0,40.7,3.5
14179179,40779910,Lithic Ustochrepts,Inceptisols,7.9,silty,good,dry,low,moderate,high,brown,26.3,21.0,52.7,0.75
14179181,40779914,Lithic Ustochrepts,Inceptisols,7.5,sandy-loam,good,dry,low,moderate,low,brown,65.9,15.0,19.1,0.7
14179182,40779917,Typic Dystrochrepts,Inceptisols,5.6,sandy-loam,good,dry,moderate,moderate,moderate,brown,65.1,20.0,14.9,2.5
14179184,40779920,Lithic Ustochrepts,Inceptisols,7.5,sandy-loam,good,dry,low,moderate,low,brown,65.9,15.0,19.1,0.7
14179185,40779923,Quintana,Inceptisols,7.6,loamy,good,dry,moderate,moderate,low,brown,41.6,21.0,37.4,1.5
14179186,40779927,Spudrock,Inceptisols,6.5,sandy-loam,good,dry,moderate,moderate,low,brown,67.9,12.5,19.6,2.0
14179188,40779931,Sobega,Inceptisols,5.3,sandy-loam,good,dry,moderate,unknown,moderate,brown,66.0,19.0,15.0,2.5
14179189,40779934,Spudrock,Inceptisols,6.5,sandy-loam,good,dry,moderate,moderate,low,brown,67.9,12.5,19.6,2.0
14179191,40779938,Rombo,Inceptisols,7.2,clay-loam,good,dry,moderate,moderate,moderate,brown,33.3,35.0,31.7,1.5
14179192,40779944,Timhus,Inceptisols,7.0,loamy,good,dry,moderate,moderate,low,brown,41.4,21.5,37.1,1.5
14179193,40779945,Quintana,Inceptisols,7.6,loamy,good,dry,moderate,moderate,low,brown,41.6,21.0,37.4,1.5
14179194,40779949,Flugle,Alfisols,7.0,sandy-loam,good,dry,moderate,moderate,moderate,brown,67.0,13.5,19.5,2.0
14179195,40779952,Prewitt,Mollisols,8.5,loamy,good,dry,moderate,moderate,moderate,black,39.2,23.5,37.3,1.5
14179197,40779957,Lynx,Mollisols,7.5,loamy,good,dry,moderate,moderate,moderate,black,42.1,20.0,37.9,1.5
14179198,40779959,Cundiyo,Alfisols,6.7,loamy,good,dry,moderate,moderate,moderate,brown,46.6,9.0,44.4,1.5
14179199,40779962,Ess,Mollisols,6.7,loamy,good,dry,moderate,unknown,moderate,black,42.1,20.0,37.9,2.5
14179200,40779964,Hereford,Mollisols,7.9,clay-loam,good,dry,moderate,unknown,high,black,35.4,31.0,33.6,3.0
14179201,40779968,Vertic Argiborolls,Mollisols,7.0,clay-loam,good,dry,moderate,moderate,high,black,34.7,32.5,32.8,1.5
14179202,40779972,Pachic Udic Argiborolls,Mollisols,7.6,clay-loam,good,dry,moderate,loose,high,black,35.5,31.0,33.5,3.5
14179204,40779974,Lithic Haplustolls,Mollisols,7.5,loamy,good,dry,moderate,loose,low,black,39.8,22.5,37.7,3.0
14179205,40779977,Lithic Haplustolls,Mollisols,7.3,loamy,good,dry,moderate,moderate,low,black,44.3,15.0,40.7,1.5
14179206,40779979,Blackston,Aridisols,8.2,sandy-loam,good,dry,low,moderate,low,pale,66.8,14.0,19.2,0.5
14179207,40779984,Monue,Aridisols,8.2,sandy,good,dry,low,moderate,low,pale,79.4,4.0,16.6,0.75
14179208,40779986,Nakai,Aridisols,8.5,sandy,good,dry,low,moderate,low,pale,77.4,6.5,16.1,0.75
14179209,40779989,Ustochreptic Calciorthids,Aridisols,8.2,sandy-loam,good,dry,moderate,moderate,low,pale,67.9,12.5,19.6,1.5
14179210,40779992,Bond,Aridisols,7.2,sandy,good,dry,low,moderate,moderate,pale,70.9,12.5,16.6,0.9
14179211,40779996,Bidonia,Aridisols,7.6,sandy-loam,good,dry,moderate,moderate,moderate,pale,67.9,12.5,19.6,1.5
14179213,40780001,Pastura,Aridisols,8.2,loamy,good,dry,moderate,loose,moderate,pale,38.5,25.0,36.5,1.5
14179214,40780004,Cibeque,Inceptisols,8.2,loamy,good,dry,unknown,moderate,moderate,brown,39.8,22.5,37.7,
14179215,40780006,Winona,Aridisols,7.9,loamy,good,dry,low,unknown,moderate,pale,42.1,20.0,37.9,0.75
14179216,40780009,Sponiker,Mollisols,7.6,loamy,good,dry,moderate,loose,moderate,black,43.3,17.0,39.7,3.0
14179217,40780013,Godding,Mollisols,7.0,loamy,good,dry,moderate,moderate,moderate,black,41.6,21.0,37.4,2.5
14179219,40780018,Calciorthids,Aridisols,7.9,loamy,good,dry,low,unknown,low,pale,39.2,23.5,37.3,1.25
14179221,40780021,Barkerville,Entisols,7.0,sandy-loam,good,dry,moderate,unknown,moderate,brown,67.9,12.5,19.6,1.5
14179222,40780023,Faraway,Mollisols,6.5,sandy-loam,good,dry,moderate,unknown,low,black,68.8,15.0,16.2,2.0
14179223,40780025,Tours,Entisols,8.2,silty,good,dry,low,unknown,high,brown,6.8,30.0,63.2,0.35
14179224,40780029,Showlow,Mollisols,6.5,clay-loam,good,dry,moderate,compacted,moderate,black,34.7,27.5,37.8,1.5
14179225,40780031,Cibeque,Inceptisols,8.2,loamy,good,dry,unknown,moderate,moderate,brown,39.8,22.5,37.7,
14179226,40780033,Chevelon,Alfisols,7.0,loamy,good,dry,moderate,unknown,high,brown,37.4,20.0,42.6,1.5
14179227,40780036,Rond,Mollisols,7.2,loamy,good,dry,moderate,unknown,moderate,black,42.1,20.0,37.9,1.5
14179228,40780039,Jacks,Alfisols,7.0,clay-loam,good,dry,moderate,moderate,moderate,brown,35.9,30.0,34.1,2.0
14179229,40780045,Roundtop,Mollisols,7.0,clay-loam,good,dry,moderate,unknown,moderate,black,33.3,35.0,31.7,3.0
14179230,40780047,Tortugas,Mollisols,8.2,loamy,good,dry,moderate,unknown,low,black,42.1,20.0,37.9,3.0
14179232,40780050,Lemitar,Aridisols,7.0,loamy,good,dry,moderate,moderate,moderate,pale,44.3,15.0,40.7,1.5
14179233,40780053,Chiricahua,Aridisols,6.1,loamy,good,dry,moderate,moderate,moderate,pale,43.0,17.5,39.5,1.5
14179234,40780057,Lampshire,Entisols,7.3,loamy,good,dry,moderate,moderate,low,brown,44.3,15.0,40.7,1.5
14179235,40780059,Tuloso,Inceptisols,7.5,sandy-loam,good,dry,low,moderate,low,brown,65.9,15.0,19.1,0.7
14179236,40780062,Tinaja,Inceptisols,7.6,sandy-loam,good,dry,low,moderate,moderate,brown,68.1,17.5,14.4,0.65
14179237,40780065,Lynx,Mollisols,7.5,loamy,good,dry,moderate,moderate,moderate,black,42.1,20.0,37.9,1.5
14179238,40780067,Pinetop,Mollisols,7.2,sandy,poor,wet,moderate,loose,moderate,black,70.9,12.5,16.6,3.0
14179240,40780071,Prewitt,Mollisols,8.5,loamy,good,dry,moderate,moderate,moderate,black,39.2,23.5,37.3,1.5
14179241,40780074,Paxton,Inceptisols,5.3,sandy,good,dry,unknown,loose,moderate,brown,70.4,7.5,22.1,
14179242,40780077,Hollis,Inceptisols,5.3,sandy,good,dry,unknown,moderate,moderate,brown,71.1,6.5,22.4,
14179243,40780080,Woodbridge,Inceptisols,5.3,sandy,moderate,moderate,unknown,loose,moderate,brown,70.4,7.5,22.1,
14179244,40780083,Woodbridge,Inceptisols,5.3,sandy,moderate,moderate,unknown,loose,moderate,brown,70.4,7.5,22.1,
14179245,40780086,Chatfield,Inceptisols,5.3,sandy,good,dry,high,moderate,moderate,black,70.9,12.5,16.6,6.0
14179246,40780091,Canton,Inceptisols,4.8,sandy-loam,good,dry,moderate,loose,moderate,dark brown,64.6,4.5,30.9,3.5
14179247,40780093,Sutton,Inceptisols,5.3,sandy,moderate,moderate,high,loose,moderate,black,71.1,6.5,22.4,11.0
14179248,40780095,Canton,Inceptisols,4.8,sandy-loam,good,dry,moderate,loose,moderate,dark brown,64.6,4.5,30.9,3.5
14179250,40780099,Charlton,Inceptisols,5.3,sandy-loam,good,dry,unknown,loose,moderate,brown,63.9,5.5,30.6,
14179251,40780102,Hollis,Inceptisols,5.3,sandy,good,dry,unknown,moderate,moderate,brown,71.1,6.5,22.4,
14179252,40780105,Paxton,Inceptisols,5.3,sandy,good,dry,unknown,loose,moderate,brown,70.4,7.5,22.1,
14179253,40780108,Chatfield,Inceptisols,5.3,sandy,good,dry,high,moderate,moderate,black,70.9,12.5,16.6,6.0
14179254,40780111,Chatfield,Inceptisols,5.3,sandy,good,dry,high,moderate,moderate,black,70.9,12.5,16.6,6.0
14179255,40780114,Paxton,Inceptisols,5.3,sandy,good,dry,unknown,loose,moderate,brown,70.4,7.5,22.1,
14179256,40780117,Sutton,Inceptisols,5.3,sandy,moderate,moderate,high,loose,moderate,black,71.1,6.5,22.4,11.0
14179257,40780122,Hollis,Inceptisols,5.3,sandy,good,dry,unknown,moderate,moderate,brown,71.1,6.5,22.4,
14179258,40780123,Charlton,Inceptisols,5.3,sandy-loam,good,dry,unknown,loose,moderate,brown,63.9,5.5,30.6,
14179259,40780126,Leicester,Inceptisols,5.0,sandy,poor,wet,unknown,loose,moderate,brown,71.1,6.5,22.4,
14179260,40780130,Charlton,Inceptisols,5.3,sandy-loam,good,dry,unknown,loose,moderate,brown,63.9,5.5,30.6,
14179261,40780133,Canton,Inceptisols,4.8,sandy-loam,good,dry,moderate,loose,moderate,dark brown,64.6,4.5,30.9,3.5
14179263,40780137,Chatfield,Inceptisols,5.3,sandy,good,dry,high,moderate,moderate,black,70.9,12.5,16.6,6.0
14179264,40780140,Canton,Inceptisols,4.8,sandy-loam,good,dry,moderate,loose,moderate,dark brown,64.6,4.5,30.9,3.5
14179265,40780143,Hinckley,Entisols,4.8,sandy-loam,good,dry,high,loose,moderate,dark brown,65.0,6.0,29.0,4.5
14179266,40780146,Hollis,Inceptisols,5.3,sandy,good,dry,unknown,moderate,moderate,brown,71.1,6.5,22.4,
14179267,40780149,Sutton,Inceptisols,5.3,sandy,moderate,moderate,high,loose,moderate,black,71.1,6.5,22.4,11.0
14179268,40780152,Charlton,Inceptisols,5.3,sandy-loam,good,dry,unknown,loose,moderate,brown,63.9,5.5,30.6,
14179269,40780155,Sutton,Inceptisols,5.3,sandy,moderate,moderate,high,loose,moderate,black,71.1,6.5,22.4,11.0
14179270,40780158,Chatfield,Inceptisols,5.3,sandy,good,dry,high,moderate,moderate,black,70.9,12.5,16.6,6.0
14179272,40780162,Canton,Inceptisols,4.8,sandy-loam,good,dry,moderate,loose,moderate,dark brown,64.6,4.5,30.9,3.5
14179273,40780167,Hollis,Inceptisols,5.3,sandy,good,dry,unknown,moderate,moderate,brown,71.1,6.5,22.4,
14179274,40780168,Canton,Inceptisols,4.8,sandy-loam,good,dry,moderate,loose,moderate,dark brown,64.6,4.5,30.9,3.5
14179275,40780171,Charlton,Inceptisols,5.3,sandy-loam,good,dry,unknown,loose,moderate,brown,63.9,5.5,30.6,
14179276,40780174,Hollis,Inceptisols,5.3,sandy,good,dry,unknown,moderate,moderate,brown,71.1,6.5,22.4,
14179277,40780177,Paxton,Inceptisols,5.3,sandy,good,dry,unknown,loose,moderate,brown,70.4,7.5,22.1,
14179278,40780180,Leicester,Inceptisols,5.0,sandy,poor,wet,unknown,loose,moderate,brown,71.1,6.5,22.4,
14179279,40780184,Charlton,Inceptisols,5.3,sandy-loam,good,dry,unknown,loose,moderate,brown,63.9,5.5,30.6,
14179280,40780187,Chatfield,Inceptisols,5.3,sandy,good,dry,high,moderate,moderate,black,70.9,12.5,16.6,6.0
14179281,40780190,Woodbridge,Inceptisols,5.3,sandy,moderate,moderate,unknown,loose,moderate,brown,70.4,7.5,22.1,
14179282,40780194,Woodbridge,Inceptisols,5.3,sandy,moderate,moderate,moderate,loose,moderate,dark brown,70.4,7.5,22.1,4.0
14179283,40780196,Hollis,Inceptisols,5.3,sandy,good,dry,unknown,moderate,moderate,brown,71.1,6.5,22.4,
14179284,40780201,Paxton,Inceptisols,5.3,sandy,good,dry,unknown,loose,moderate,brown,70.4,7.5,22.1,
14179285,40780202,Woodbridge,Inceptisols,5.3,sandy,moderate,moderate,moderate,loose,moderate,dark brown,70.4,7.5,22.1,4.0
14179286,40780205,Charlton,Inceptisols,5.3,sandy-loam,good,dry,unknown,loose,moderate,brown,63.9,5.5,30.6,
14179287,40780208,Canton,Inceptisols,4.8,sandy-loam,good,dry,moderate,loose,moderate,dark brown,64.6,4.5,30.9,3.5
14179288,40780211,Woodbridge,Inceptisols,5.3,sandy,moderate,moderate,unknown,loose,moderate,brown,70.4,7.5,22.1,
14179289,40780214,Hollis,Inceptisols,5.3,sandy,good,dry,unknown,moderate,moderate,brown,71.1,6.5,22.4,
14179290,40780217,Paxton,Inceptisols,5.3,sandy,good,dry,unknown,loose,moderate,brown,70.4,7.5,22.1,
14179291,40780220,Paxton,Inceptisols,5.3,sandy,good,dry,moderate,loose,moderate,dark brown,70.4,7.5,22.1,3.5
14179292,40780223,Ridgebury,Inceptisols,5.5,sandy,poor,wet,high,loose,moderate,black,71.1,6.5,22.4,5.5
14179294,40780227,Charlton,Inceptisols,5.3,sandy-loam,good,dry,unknown,loose,moderate,brown,63.9,5.5,30.6,
14179295,40780230,Chatfield,Inceptisols,5.3,sandy,good,dry,high,moderate,moderate,black,70.9,12.5,16.6,6.0
14179296,40780233,Woodbridge,Inceptisols,5.3,sandy,moderate,moderate,unknown,loose,moderate,brown,70.4,7.5,22.1,
14179297,40780236,Chatfield,Inceptisols,5.3,sandy,good,dry,high,moderate,moderate,black,70.9,12.5,16.6,6.0
14179298,40780239,Paxton,Inceptisols,5.3,sandy,good,dry,unknown,loose,moderate,brown,70.4,7.5,22.1,
14179299,40780242,Canton,Inceptisols,4.8,sandy-loam,good,dry,moderate,loose,moderate,dark brown,64.6,4.5,30.9,3.5
14179300,40780245,Merrimac,Inceptisols,4.8,sandy-loam,good,dry,moderate,loose,moderate,dark brown,65.6,5.0,29.4,3.0
14179301,40780249,Paxton,Inceptisols,5.3,sandy,good,dry,moderate,loose,moderate,dark brown,70.4,7.5,22.1,3.5
14179302,40780252,Charlton,Inceptisols,5.3,sandy-loam,good,dry,unknown,loose,moderate,brown,63.9,5.5,30.6,
14179303,40780255,Chatfield,Inceptisols,5.3,sandy,good,dry,high,moderate,moderate,black,70.9,12.5,16.6,6.0
14179305,40780260,Paxton,Inceptisols,5.3,sandy,good,dry,unknown,loose,moderate,brown,70.4,7.5,22.1,
14179306,40780264,Agawam,Inceptisols,5.5,sandy,good,dry,moderate,loose,high,dark brown,70.8,7.0,22.2,3.0
14179307,40780269,Hinckley,Entisols,4.8,sandy-loam,good,dry,high,loose,moderate,dark brown,65.0,6.0,29.0,4.5
14179308,40780271,Occum,Inceptisols,5.9,sandy,good,dry,moderate,loose,moderate,dark brown,70.8,7.0,22.2,4.0
14179309,40780275,Hinckley,Entisols,4.8,sandy-loam,good,dry,high,loose,moderate,dark brown,65.0,6.0,29.0,4.5
14179310,40780278,Chatfield,Inceptisols,5.3,sandy,good,dry,high,moderate,moderate,black,70.9,12.5,16.6,6.0
14179311,40780281,Agawam,Inceptisols,5.5,sandy,good,dry,moderate,loose,high,dark brown,70.8,7.0,22.2,3.0
14179312,40780286,Ninigret,Inceptisols,5.3,sandy,moderate,moderate,moderate,loose,high,dark brown,70.4,7.5,22.1,3.5
14179313,40780289,Charlton,Inceptisols,5.3,sandy-loam,good,dry,unknown,loose,moderate,brown,63.9,5.5,30.6,
14179314,40780293,Merrimac,Inceptisols,4.8,sandy-loam,good,dry,moderate,loose,moderate,dark brown,65.6,5.0,29.4,3.0
14179315,40780296,Charlton,Inceptisols,5.3,sandy-loam,good,dry,unknown,loose,moderate,brown,63.9,5.5,30.6,
14179316,40780299,Hinckley,Entisols,4.8,sandy-loam,good,dry,high,loose,moderate,dark brown,65.0,6.0,29.0,4.5
14179317,40780302,Udorthents,Entisols,6.2,sandy-loam,moderate,moderate,high,moderate,moderate,black,68.5,8.0,23.5,5.25
14179318,40780303,Agawam,Inceptisols,5.5,sandy,good,dry,moderate,loose,high,dark brown,70.8,7.0,22.2,3.0
14179319,40780308,Charlton,Inceptisols,5.3,sandy-loam,good,dry,unknown,loose,moderate,brown,63.9,5.5,30.6,
14179320,40780311,Merrimac,Inceptisols,4.8,sandy-loam,good,dry,moderate,loose,moderate,dark brown,65.6,5.0,29.4,3.0
14179321,40780315,Walpole,Inceptisols,5.9,sandy-loam,poor,wet,high,loose,moderate,dark brown,66.5,4.0,29.5,5.0
14179322,40780318,Rippowam,Inceptisols,5.9,sandy-loam,poor,wet,high,loose,moderate,black,65.0,4.0,31.0,5.5
14179323,40780324,Saco,Inceptisols,6.2,silty,poor,wet,high,loose,high,black,21.2,9.5,69.3,6.5
14179324,40780325,Charlton,Inceptisols,5.3,sandy-loam,good,dry,unknown,loose,moderate,brown,63.9,5.5,30.6,
14179325,40780328,Sutton,Inceptisols,5.3,sandy,moderate,moderate,high,loose,moderate,black,71.1,6.5,22.4,11.0
14179326,40780334,Merrimac,Inceptisols,4.8,sandy-loam,good,dry,moderate,loose,moderate,dark brown,65.6,5.0,29.4,3.0
14179327,40780335,Paxton,Inceptisols,5.3,sandy,good,dry,unknown,loose,moderate,brown,70.4,7.5,22.1,
14179328,40780338,Deerfield,Entisols,5.5,sandy,moderate,moderate,moderate,loose,moderate,brown,78.9,4.5,16.6,2.5
14179330,40780344,Merrimac,Inceptisols,4.8,sandy-loam,good,dry,moderate,loose,moderate,dark brown,65.6,5.0,29.4,3.0
14179331,40780348,Leicester,Inceptisols,5.0,sandy,poor,wet,unknown,loose,moderate,brown,71.1,6.5,22.4,
14179332,40780352,Walpole,Inceptisols,5.9,sandy-loam,poor,wet,high,loose,moderate,dark brown,66.5,4.0,29.5,5.0
14179334,40780356,Charlton,Inceptisols,5.3,sandy-loam,good,dry,unknown,loose,moderate,brown,63.9,5.5,30.6,
14179335,40780360,Paxton,Inceptisols,5.3,sandy,good,dry,unknown,loose,moderate,brown,70.4,7.5,22.1,
14179336,40780362,Lim,Entisols,5.9,silty,poor,wet,high,moderate,high,dark brown,33.3,9.0,57.7,5.0
14179337,40780366,Merrimac,Inceptisols,4.8,sandy-loam,good,dry,moderate,loose,moderate,dark brown,65.6,5.0,29.4,3.0
14179339,40780372,Charlton,Inceptisols,5.3,sandy-loam,good,dry,moderate,loose,moderate,dark brown,63.9,5.5,30.6,3.5
14179340,40780375,Walpole,Inceptisols,5.9,sandy-loam,poor,wet,high,loose,moderate,dark brown,66.5,4.0,29.5,5.0
14179342,40780379,Windsor,Entisols,5.3,sandy,good,dry,moderate,loose,moderate,dark brown,80.9,2.0,17.1,3.0
14179343,40780382,Cheshire,Inceptisols,5.3,sandy-loam,good,dry,moderate,loose,high,dark brown,68.9,9.5,21.6,3.5
14179344,40780385,Penwood,Entisols,5.3,sandy,good,dry,moderate,loose,moderate,dark brown,80.9,2.0,17.1,3.0
14179345,40780388,Leicester,Inceptisols,5.0,sandy,poor,wet,unknown,loose,moderate,brown,71.1,6.5,22.4,
14179346,40780392,Charlton,Inceptisols,5.3,sandy-loam,good,dry,moderate,loose,moderate,dark brown,63.9,5.5,30.6,3.5
14179347,40780395,Cheshire,Inceptisols,5.3,sandy-loam,good,dry,moderate,loose,high,dark brown,68.9,9.5,21.6,3.5
14179348,40780400,Paxton,Inceptisols,5.3,sandy,good,dry,moderate,loose,moderate,dark brown,70.4,7.5,22.1,3.5
14179349,40780401,Penwood,Entisols,5.3,sandy,good,dry,moderate,loose,moderate,dark brown,80.9,2.0,17.1,3.0
14179350,40780404,Rippowam,Inceptisols,5.9,sandy-loam,poor,wet,high,loose,moderate,black,65.0,4.0,31.0,5.5
14179351,40780409,Wethersfield,Inceptisols,5.3,loamy,good,dry,moderate,loose,high,dark brown,46.0,10.0,44.0,3.5
14179352,40780410,Udorthents,Entisols,6.2,sandy-loam,moderate,moderate,high,moderate,moderate,black,68.5,8.0,23.5,5.25
14179353,40780412,Windsor,Entisols,5.3,sandy,good,dry,moderate,loose,moderate,dark brown,80.9,2.0,17.1,3.0
14179354,40780414,Amenia,Inceptisols,6.7,silty,moderate,moderate,moderate,moderate,moderate,dark brown,32.3,11.5,56.2,4.0
14179355,40780417,Mudgepond,Mollisols,6.5,silty,poor,wet,high,moderate,moderate,black,30.1,15.0,54.9,5.5
14179356,40780420,Stockbridge,Inceptisols,6.2,loamy,good,dry,unknown,loose,moderate,brown,45.3,11.5,43.2,
14179357,40780424,Georgia,Inceptisols,6.2,silty,moderate,wet,high,loose,high,black,30.9,12.5,56.6,5.5
14179358,40780427,Charlton,Inceptisols,5.3,sandy-loam,good,dry,unknown,loose,moderate,brown,63.9,5.5,30.6,
14179359,40780431,Nellis,Inceptisols,6.5,sandy-loam,good,dry,moderate,moderate,moderate,dark brown,67.5,11.5,21.0,4.0
14179360,40780434,Nellis,Inceptisols,6.5,sandy-loam,good,dry,moderate,moderate,moderate,dark brown,67.5,11.5,21.0,4.0
14179361,40780438,Hollis,Inceptisols,5.3,sandy,good,dry,unknown,moderate,moderate,brown,71.1,6.5,22.4,
14179362,40780441,Stockbridge,Inceptisols,6.2,loamy,good,dry,unknown,loose,moderate,brown,45.3,11.5,43.2,
14179363,40780446,Farmington,Inceptisols,6.2,sandy-loam,good,dry,moderate,moderate,moderate,dark brown,67.3,18.5,14.2,4.0
14179364,40780448,Georgia,Inceptisols,6.2,silty,moderate,wet,high,loose,high,black,30.9,12.5,56.6,5.5
14179365,40780451,Stockbridge,Inceptisols,6.2,loamy,good,dry,unknown,loose,moderate,brown,45.3,11.5,43.2,
14179366,40780455,Chatfield,Inceptisols,5.3,sandy,good,dry,high,moderate,moderate,black,70.9,12.5,16.6,6.0
14179367,40780458,Copake,Inceptisols,5.9,loamy,good,dry,moderate,moderate,moderate,dark brown,45.6,11.0,43.4,3.5
14179368,40780461,Chatfield,Inceptisols,5.3,sandy,good,dry,high,moderate,moderate,black,70.9,12.5,16.6,6.0
14179369,40780464,Charlton,Inceptisols,5.3,sandy-loam,good,dry,unknown,loose,moderate,brown,63.9,5.5,30.6,
14179371,40780468,Hollis,Inceptisols,5.3,sandy,good,dry,unknown,moderate,moderate,brown,71.1,6.5,22.4,
14179372,40780471,Stockbridge,Inceptisols,6.2,loamy,good,dry,moderate,loose,high,dark brown,45.3,11.5,43.2,4.0
14179373,40780475,Stockbridge,Inceptisols,6.2,loamy,good,dry,moderate,loose,high,dark brown,45.3,11.5,43.2,4.0
14179374,40780480,Hero,Inceptisols,6.5,loamy,moderate,moderate,moderate,moderate,high,dark brown,46.6,9.0,44.4,3.5
14179376,40780483,Copake,Inceptisols,5.9,loamy,good,dry,moderate,moderate,moderate,dark brown,45.6,11.0,43.4,3.5
14179377,40780486,Fredon,Inceptisols,6.5,silty,poor,wet,moderate,moderate,high,dark brown,30.5,13.5,56.0,4.0
14179378,40780489,Charlton,Inceptisols,5.3,sandy-loam,good,dry,unknown,loose,moderate,brown,63.9,5.5,30.6,
14179379,40780492,Groton,Inceptisols,6.5,sandy-loam,good,dry,moderate,loose,moderate,brown,65.6,5.0,29.4,2.5
14179380,40780496,Chatfield,Inceptisols,5.3,sandy,good,dry,high,moderate,moderate,black,70.9,12.5,16.6,6.0
14179381,40780499,Hollis,Inceptisols,5.3,sandy,good,dry,unknown,moderate,moderate,brown,71.1,6.5,22.4,
14179382,40780504,Groton,Inceptisols,6.5,sandy-loam,good,dry,moderate,loose,moderate,brown,65.6,5.0,29.4,2.5
14179383,40780506,Saco,Inceptisols,6.2,silty,poor,wet,high,loose,high,black,21.2,9.5,69.3,6.5
14179384,40780510,Nellis,Inceptisols,6.5,sandy-loam,good,dry,moderate,moderate,moderate,dark brown,67.5,11.5,21.0,4.0
14179385,40780514,Hero,Inceptisols,6.5,loamy,moderate,moderate,moderate,moderate,high,dark brown,46.6,9.0,44.4,3.5
14179386,40780517,Groton,Inceptisols,6.5,sandy-loam,good,dry,moderate,loose,moderate,brown,65.6,5.0,29.4,2.5
14179387,40780522,Stockbridge,Inceptisols,6.2,loamy,good,dry,moderate,loose,high,dark brown,45.3,11.5,43.2,4.0
14179388,40780525,Lim,Entisols,5.9,silty,poor,wet,high,moderate,high,dark brown,33.3,9.0,57.7,5.0
14179389,40780529,Copake,Inceptisols,5.9,loamy,good,dry,moderate,moderate,moderate,dark brown,45.6,11.0,43.4,3.5
14179390,40780533,Charlton,Inceptisols,5.3,sandy-loam,good,dry,unknown,loose,moderate,brown,63.9,5.5,30.6,
14179391,40780535,Agawam,Inceptisols,5.5,sandy,good,dry,moderate,loose,high,dark brown,70.8,7.0,22.2,3.0
14179392,40780540,Saco,Inceptisols,6.2,silty,poor,wet,high,loose,high,black,21.2,9.5,69.3,6.5
14179393,40780544,Winooski,Entisols,5.9,silty,moderate,moderate,moderate,moderate,high,dark brown,20.8,11.5,67.7,3.5
14179394,40780546,Scarboro,Inceptisols,5.3,sandy,poor,wet,unknown,loose,moderate,brown,79.2,4.0,16.8,
14179395,40780550,Windsor,Entisols,5.3,sandy,good,dry,moderate,loose,moderate,dark brown,80.9,2.0,17.1,3.0
14179396,40780556,Raypol,Inceptisols,5.0,silty,poor,wet,high,loose,high,dark brown,33.8,7.5,58.7,5.0
14179397,40780558,Hinckley,Entisols,4.8,sandy-loam,good,dry,high,loose,moderate,dark brown,65.0,6.0,29.0,4.5
14179398,40780560,Shaker,Inceptisols,6.2,sandy-loam,poor,wet,high,loose,moderate,black,64.3,5.0,30.7,6.0
14179399,40780564,Windsor,Entisols,5.3,sandy,good,dry,moderate,loose,moderate,dark brown,80.9,2.0,17.1,3.0
14179400,40780566,Agawam,Inceptisols,5.5,sandy,good,dry,moderate,loose,high,dark brown,70.8,7.0,22.2,3.0
14179401,40780571,Occum,Inceptisols,5.9,sandy,good,dry,moderate,loose,moderate,dark brown,70.8,7.0,22.2,4.0
14179402,40780575,Cheshire,Inceptisols,5.3,sandy-loam,good,dry,moderate,loose,high,dark brown,68.9,9.5,21.6,3.5
14179403,40780578,Lim,Entisols,5.9,silty,poor,wet,high,moderate,high,dark brown,33.3,9.0,57.7,5.0
14179404,40780582,Windsor,Entisols,5.3,sandy,good,dry,moderate,loose,moderate,dark brown,80.9,2.0,17.1,3.0
14179405,40780585,Hinckley,Entisols,4.8,sandy-loam,good,dry,high,loose,moderate,dark brown,65.0,6.0,29.0,4.5
14179406,40780588,Merrimac,Inceptisols,4.8,sandy-loam,good,dry,moderate,loose,moderate,dark brown,65.6,5.0,29.4,3.0
14179407,40780592,Elmridge,Inceptisols,5.9,sandy-loam,moderate,moderate,moderate,loose,moderate,dark brown,64.3,5.0,30.7,4.0
14179408,40780595,Merrimac,Inceptisols,4.8,sandy-loam,good,dry,moderate,loose,moderate,dark brown,65.6,5.0,29.4,3.0
14179409,40780599,Wapping,Inceptisols,5.3,silty,moderate,moderate,high,loose,high,dark brown,33.9,7.0,59.1,4.5
14179410,40780603,Agawam,Inceptisols,5.5,sandy,good,dry,moderate,loose,high,dark brown,70.8,7.0,22.2,3.0
14179411,40780608,Haven,Inceptisols,5.3,silty,good,dry,moderate,moderate,high,dark brown,32.3,11.5,56.2,4.0
14179412,40780612,Ninigret,Inceptisols,5.3,sandy,moderate,moderate,moderate,loose,high,dark brown,70.4,7.5,22.1,3.5
14179413,40780616,Rippowam,Inceptisols,5.9,sandy-loam,poor,wet,high,loose,moderate,black,65.0,4.0,31.0,5.5
14179414,40780618,Saco,Inceptisols,6.2,silty,poor,wet,high,loose,high,black,21.2,9.5,69.3,6.5
14179415,40780621,Windsor,Entisols,5.3,sandy,good,dry,moderate,loose,moderate,dark brown,80.9,2.0,17.1,3.0
14179416,40780624,Agawam,Inceptisols,5.5,sandy,good,dry,moderate,loose,high,dark brown,70.8,7.0,22.2,3.0
14179417,40780629,Manchester,Entisols,5.3,sandy-loam,good,dry,moderate,loose,low,dark brown,65.6,5.0,29.4,3.5
14179418,40780632,Elmridge,Inceptisols,5.9,sandy-loam,moderate,moderate,moderate,loose,moderate,dark brown,64.3,5.0,30.7,4.0
14179419,40780636,Windsor,Entisols,5.3,sandy,good,dry,moderate,loose,moderate,dark brown,80.9,2.0,17.1,3.0
14179420,40780638,Haven,Inceptisols,5.3,silty,good,dry,moderate,moderate,high,dark brown,32.3,11.5,56.2,4.0
14179421,40780641,Typic Udorthents,Entisols,6.2,silty,good,wet,moderate,loose,high,brown,21.7,23.5,54.8,2.5
14179423,40780645,Walpole,Inceptisols,5.9,sandy-loam,poor,wet,high,loose,moderate,dark brown,66.5,4.0,29.5,5.0
14179424,40780648,Wilbraham,Inceptisols,5.3,silty,poor,wet,unknown,loose,moderate,brown,33.3,9.0,57.7,
14179425,40780651,Brancroft,Inceptisols,5.5,silty,moderate,moderate,moderate,loose,high,dark brown,7.0,24.0,69.0,4.0
14179426,40780655,Windsor,Entisols,5.3,sandy,good,dry,moderate,loose,moderate,dark brown,80.9,2.0,17.1,3.0
14179427,40780658,Brancroft,Inceptisols,5.5,silty,moderate,moderate,moderate,loose,high,dark brown,7.0,24.0,69.0,4.0
14179428,40780662,Elmridge,Inceptisols,5.9,sandy-loam,moderate,moderate,moderate,loose,moderate,dark brown,64.3,5.0,30.7,4.0
14179429,40780666,Lim,Entisols,5.9,silty,poor,wet,high,moderate,high,dark brown,33.3,9.0,57.7,5.0
14179430,40780669,Scarboro,Inceptisols,5.3,sandy,poor,wet,unknown,loose,moderate,brown,79.2,4.0,16.8,
14179431,40780673,Windsor,Entisols,5.3,sandy,good,dry,moderate,loose,moderate,dark brown,80.9,2.0,17.1,3.0
14179432,40780678,Maybid,Inceptisols,5.6,silty,poor,wet,high,loose,high,black,18.4,27.5,54.1,6.5
14179433,40780679,Shaker,Inceptisols,6.2,sandy-loam,poor,wet,high,loose,moderate,black,64.3,5.0,30.7,6.0
14179434,40780682,Belgrade,Inceptisols,5.9,silty,moderate,wet,moderate,loose,high,dark brown,21.2,9.5,69.3,3.0
14179436,40780687,Ninigret,Inceptisols,5.3,sandy,moderate,moderate,moderate,loose,high,dark brown,70.4,7.5,22.1,3.5
14179437,40780690,Ludlow,Inceptisols,5.3,silty,moderate,moderate,high,loose,high,dark brown,32.9,10.0,57.1,5.0
14179438,40780693,Scitico,Inceptisols,5.9,silty,poor,wet,high,loose,high,dark brown,20.5,25.0,54.5,4.5
14179439,40780697,Elmridge,Inceptisols,5.9,sandy-loam,moderate,moderate,moderate,loose,moderate,dark brown,64.3,5.0,30.7,4.0
14179440,40780700,Broadbrook,Inceptisols,5.3,silty,good,dry,moderate,loose,high,dark brown,33.9,7.0,59.1,3.5
14179441,40780703,Broadbrook,Inceptisols,5.3,silty,good,dry,moderate,loose,high,dark brown,33.9,7.0,59.1,3.5
14179442,40780706,Brimfield,Inceptisols,5.3,sandy,good,dry,unknown,loose,moderate,brown,71.1,6.5,22.4,
14179443,40780709,Hinckley,Entisols,4.8,sandy-loam,good,dry,high,loose,moderate,dark brown,65.0,6.0,29.0,4.5
14179444,40780714,Brookfield,Inceptisols,5.3,sandy-loam,good,dry,unknown,loose,moderate,brown,63.5,6.0,30.5,
14179445,40780715,Brimfield,Inceptisols,5.3,sandy,good,dry,unknown,loose,moderate,brown,71.1,6.5,22.4,
14179446,40780718,Brookfield,Inceptisols,5.3,sandy-loam,good,dry,unknown,loose,moderate,brown,63.5,6.0,30.5,
14179448,40780722,Leicester,Inceptisols,5.0,sandy,poor,wet,unknown,loose,moderate,brown,71.1,6.5,22.4,
14179449,40780726,Rippowam,Inceptisols,5.9,sandy-loam,poor,wet,high,loose,moderate,black,65.0,4.0,31.0,5.5
14179450,40780729,Sutton,Inceptisols,5.3,sandy,moderate,moderate,high,loose,moderate,black,71.1,6.5,22.4,11.0
14179451,40780732,Paxton,Inceptisols,5.3,sandy,good,dry,unknown,loose,moderate,brown,70.4,7.5,22.1,
14179452,40780735,Brookfield,Inceptisols,5.3,sandy-loam,good,dry,unknown,loose,moderate,brown,63.5,6.0,30.5,
14179453,40780738,Paxton,Inceptisols,5.3,sandy,good,dry,unknown,loose,moderate,brown,70.4,7.5,22.1,
14179454,40780741,Brimfield,Inceptisols,5.3,sandy,good,dry,unknown,loose,moderate,brown,71.1,6.5,22.4,
14179455,40780744,Sutton,Inceptisols,5.3,sandy,moderate,moderate,high,loose,moderate,black,71.1,6.5,22.4,11.0
14179458,40780754,Hinckley,Entisols,4.8,sandy-loam,good,dry,high,loose,moderate,dark brown,65.0,6.0,29.0,4.5
14179459,40780757,Udipsamments,Entisols,6.7,sandy,good,dry,low,moderate,low,brown,97.9,0.5,1.6,0.25
14179461,40780761,Wethersfield,Inceptisols,5.3,loamy,good,dry,unknown,loose,moderate,brown,46.0,10.0,44.0,
14179462,40780764,Yalesville,Inceptisols,5.3,sandy-loam,good,dry,moderate,loose,moderate,dark brown,69.3,9.0,21.7,3.5
14179464,40780769,Cheshire,Inceptisols,5.3,sandy-loam,good,dry,unknown,loose,moderate,brown,68.9,9.5,21.6,
14179465,40780772,Cheshire,Inceptisols,5.3,sandy-loam,good,dry,unknown,loose,moderate,brown,68.9,9.5,21.6,
14179466,40780775,Holyoke,Inceptisols,4.8,silty,good,dry,unknown,loose,moderate,brown,33.8,7.5,58.7,
14179467,40780778,Yalesville,Inceptisols,5.3,sandy-loam,good,dry,moderate,loose,moderate,dark brown,69.3,9.0,21.7,3.5
14179468,40780782,Wethersfield,Inceptisols,5.3,loamy,good,dry,unknown,loose,moderate,brown,46.0,10.0,44.0,
14179470,40780786,Cheshire,Inceptisols,5.3,sandy-loam,good,dry,unknown,loose,moderate,brown,68.9,9.5,21.6,
14179471,40780789,Yalesville,Inceptisols,5.3,sandy-loam,good,dry,moderate,loose,moderate,dark brown,69.3,9.0,21.7,3.5
14179472,40780793,Holyoke,Inceptisols,4.8,silty,good,dry,unknown,loose,moderate,brown,33.8,7.5,58.7,
14179473,40780796,Wethersfield,Inceptisols,5.3,loamy,good,dry,moderate,loose,high,dark brown,46.0,10.0,44.0,3.5
14179474,40780799,Wethersfield,Inceptisols,5.3,loamy,good,dry,unknown,loose,moderate,brown,46.0,10.0,44.0,
14179475,40780802,Wilbraham,Inceptisols,5.3,silty,poor,wet,unknown,loose,moderate,brown,33.3,9.0,57.7,
14179476,40780805,Holyoke,Inceptisols,4.8,silty,good,dry,unknown,loose,moderate,brown,33.8,7.5,58.7,
14179477,40780808,Wethersfield,Inceptisols,5.3,loamy,good,dry,moderate,loose,high,dark brown,46.0,10.0,44.0,3.5
14179478,40780811,Yalesville,Inceptisols,5.3,sandy-loam,good,dry,moderate,loose,moderate,dark brown,69.3,9.0,21.7,3.5
14179479,40780815,Ludlow,Inceptisols,5.3,silty,moderate,moderate,high,loose,high,dark brown,32.9,10.0,57.1,5.0
14179480,40780818,Manchester,Entisols,5.3,sandy-loam,good,dry,moderate,loose,low,dark brown,65.6,5.0,29.4,3.5
14179481,40780821,Cheshire,Inceptisols,5.3,sandy-loam,good,dry,moderate,loose,high,dark brown,68.9,9.5,21.6,3.5
14179483,40780825,Wethersfield,Inceptisols,5.3,loamy,good,dry,moderate,loose,high,dark brown,46.0,10.0,44.0,3.5
14179484,40780828,Cheshire,Inceptisols,5.3,sandy-loam,good,dry,unknown,loose,moderate,brown,68.9,9.5,21.6,
14179485,40780833,Holyoke,Inceptisols,4.8,silty,good,dry,unknown,loose,moderate,brown,33.8,7.5,58.7,
14179486,40780834,Manchester,Entisols,5.3,sandy-loam,good,dry,moderate,loose,low,dark brown,65.6,5.0,29.4,3.5
14179487,40780838,Ludlow,Inceptisols,5.3,silty,moderate,moderate,unknown,loose,moderate,brown,32.9,10.0,57.1,
14179488,40780840,Wethersfield,Inceptisols,5.3,loamy,good,dry,moderate,loose,high,dark brown,46.0,10.0,44.0,3.5
14179489,40780843,Cheshire,Inceptisols,5.3,sandy-loam,good,dry,moderate,loose,high,dark brown,68.9,9.5,21.6,3.5
14179490,40780846,Ludlow,Inceptisols,5.3,silty,moderate,moderate,high,loose,high,dark brown,32.9,10.0,57.1,5.0
14179491,40780849,Yalesville,Inceptisols,5.3,sandy-loam,good,dry,moderate,loose,moderate,dark brown,69.3,9.0,21.7,3.5
14179492,40780853,Holyoke,Inceptisols,4.8,silty,good,dry,unknown,loose,moderate,brown,33.8,7.5,58.7,
14179493,40780856,Raypol,Inceptisols,5.0,silty,poor,wet,high,loose,high,dark brown,33.8,7.5,58.7,5.0
14179494,40780860,Bash,Inceptisols,4.6,silty,poor,wet,moderate,moderate,high,dark brown,32.3,11.5,56.2,3.0
14179495,40780864,Cheshire,Inceptisols,5.3,sandy-loam,good,dry,unknown,loose,moderate,brown,68.9,9.5,21.6,
14179496,40780867,Wilbraham,Inceptisols,5.3,silty,poor,wet,unknown,loose,moderate,brown,33.3,9.0,57.7,
14179497,40780870,Wapping,Inceptisols,5.3,silty,moderate,moderate,unknown,loose,moderate,brown,33.9,7.0,59.1,
14179498,40780874,Wilbraham,Inceptisols,5.3,silty,poor,wet,unknown,loose,moderate,brown,33.3,9.0,57.7,
14179499,40780877,Narragansett,Inceptisols,4.8,silty,good,dry,moderate,loose,high,dark brown,33.9,7.0,59.1,3.5
14179500,40780880,Haven,Inceptisols,5.3,silty,good,dry,moderate,moderate,high,dark brown,32.3,11.5,56.2,4.0
14179501,40780883,Cheshire,Inceptisols,5.3,sandy-loam,good,dry,unknown,loose,moderate,brown,68.9,9.5,21.6,
14179502,40780886,Rippowam,Inceptisols,5.9,sandy-loam,poor,wet,high,loose,moderate,black,65.0,4.0,31.0,5.5
14179503,40780889,Watchaug,Inceptisols,5.3,sandy-loam,moderate,moderate,unknown,loose,moderate,brown,68.9,9.5,21.6,
14179505,40780893,Cheshire,Inceptisols,5.3,sandy-loam,good,dry,moderate,loose,high,dark brown,68.9,9.5,21.6,3.5
14179506,40780898,Cheshire,Inceptisols,5.3,sandy-loam,good,dry,moderate,loose,high,dark brown,68.9,9.5,21.6,3.5
14179507,40780899,Wapping,Inceptisols,5.3,silty,moderate,moderate,high,loose,high,dark brown,33.9,7.0,59.1,4.5
14179508,40780903,Wapping,Inceptisols,5.3,silty,moderate,moderate,high,loose,high,dark brown,33.9,7.0,59.1,4.5
14179509,40780907,Manchester,Entisols,5.3,sandy-loam,good,dry,moderate,loose,low,dark brown,65.6,5.0,29.4,3.5
14179510,40780911,Haven,Inceptisols,5.3,silty,good,dry,moderate,moderate,high,dark brown,32.3,11.5,56.2,4.0
14179511,40780913,Broadbrook,Inceptisols,5.3,silty,good,dry,moderate,loose,high,dark brown,33.9,7.0,59.1,3.5
14179512,40780916,Narragansett,Inceptisols,4.8,silty,good,dry,unknown,loose,moderate,brown,33.9,7.0,59.1,
14179513,40780919,Broadbrook,Inceptisols,5.3,silty,good,dry,moderate,loose,high,dark brown,33.9,7.0,59.1,3.5
14179514,40780923,Cheshire,Inceptisols,5.3,sandy-loam,good,dry,unknown,loose,moderate,brown,68.9,9.5,21.6,
14179515,40780925,Watchaug,Inceptisols,5.3,sandy-loam,moderate,moderate,high,loose,high,dark brown,68.9,9.5,21.6,4.5
14179516,40780928,Holyoke,Inceptisols,4.8,silty,good,dry,unknown,loose,moderate,brown,33.8,7.5,58.7,
14179517,40780931,Branford,Inceptisols,5.3,silty,good,dry,moderate,loose,high,dark brown,33.8,7.5,58.7,3.5
14179518,40780934,Wethersfield,Inceptisols,5.3,loamy,good,dry,unknown,loose,moderate,brown,46.0,10.0,44.0,
14179519,40780937,Cheshire,Inceptisols,5.3,sandy-loam,good,dry,unknown,loose,moderate,brown,68.9,9.5,21.6,
14179520,40780940,Wilbraham,Inceptisols,5.3,silty,poor,wet,unknown,loose,moderate,brown,33.3,9.0,57.7,
14179521,40780943,Ludlow,Inceptisols,5.3,silty,moderate,moderate,high,loose,high,dark brown,32.9,10.0,57.1,5.0
14179522,40780946,Manchester,Entisols,5.3,sandy-loam,good,dry,moderate,loose,low,dark brown,65.6,5.0,29.4,3.5
14179523,40780949,Yalesville,Inceptisols,5.3,sandy-loam,good,dry,moderate,loose,moderate,dark brown,69.3,9.0,21.7,3.5
14179524,40780954,Cheshire,Inceptisols,5.3,sandy-loam,good,dry,moderate,loose,high,dark brown,68.9,9.5,21.6,3.5
14179525,40780956,Wethersfield,Inceptisols,5.3,loamy,good,dry,unknown,loose,moderate,brown,46.0,10.0,44.0,
14179526,40780959,Holyoke,Inceptisols,4.8,silty,good,dry,unknown,loose,moderate,brown,33.8,7.5,58.7,
14179527,40780962,Cheshire,Inceptisols,5.3,sandy-loam,good,dry,moderate,loose,high,dark brown,68.9,9.5,21.6,3.5
14179528,40780965,Ludlow,Inceptisols,5.3,silty,moderate,moderate,unknown,loose,moderate,brown,32.9,10.0,57.1,
14179529,40780968,Manchester,Entisols,5.3,sandy-loam,good,dry,moderate,loose,low,dark brown,65.6,5.0,29.4,3.5
14179530,40780971,Yalesville,Inceptisols,5.3,sandy-loam,good,dry,moderate,loose,moderate,dark brown,69.3,9.0,21.7,3.5
14179531,40780975,Wethersfield,Inceptisols,5.3,loamy,good,dry,moderate,loose,high,dark brown,46.0,10.0,44.0,3.5
14179532,40780978,Wilbraham,Inceptisols,5.3,silty,poor,wet,high,loose,high,black,33.3,9.0,57.7,6.5
14179533,40780981,Wethersfield,Inceptisols,5.3,loamy,good,dry,unknown,loose,moderate,brown,46.0,10.0,44.0,
14179534,40780984,Wethersfield,Inceptisols,5.3,loamy,good,dry,moderate,loose,high,dark brown,46.0,10.0,44.0,3.5
14179535,40780989,Cheshire,Inceptisols,5.3,sandy-loam,good,dry,unknown,loose,moderate,brown,68.9,9.5,21.6,
14179536,40780990,Ludlow,Inceptisols,5.3,silty,moderate,moderate,high,loose,high,dark brown,32.9,10.0,57.1,5.0
14179537,40780993,Cheshire,Inceptisols,5.3,sandy-loam,good,dry,moderate,loose,high,dark brown,68.9,9.5,21.6,3.5
14179538,40780996,Cheshire,Inceptisols,5.3,sandy-loam,good,dry,moderate,loose,high,dark brown,68.9,9.5,21.6,3.5
14179539,40780999,Penwood,Entisols,5.3,sandy,good,dry,moderate,loose,moderate,dark brown,80.9,2.0,17.1,3.0
14179540,40781002,Manchester,Entisols,5.3,sandy-loam,good,dry,moderate,loose,low,dark brown,65.6,5.0,29.4,3.5
14179541,40781005,Cheshire,Inceptisols,5.3,sandy-loam,good,dry,moderate,loose,high,dark brown,68.9,9.5,21.6,3.5
14179542,40781008,Holyoke,Inceptisols,4.8,silty,good,dry,moderate,loose,moderate,dark brown,33.8,7.5,58.7,3.5
14179543,40781011,Penwood,Entisols,5.3,sandy,good,dry,moderate,loose,moderate,dark brown,80.9,2.0,17.1,3.0
14179544,40781014,Manchester,Entisols,5.3,sandy-loam,good,dry,moderate,loose,low,dark brown,65.6,5.0,29.4,3.5
14179545,40781017,Raypol,Inceptisols,5.0,silty,poor,wet,high,loose,high,dark brown,33.8,7.5,58.7,5.0
14179546,40781021,Branford,Inceptisols,5.3,silty,good,dry,moderate,loose,high,dark brown,33.8,7.5,58.7,3.5
14179547,40781024,Rippowam,Inceptisols,5.9,sandy-loam,poor,wet,high,loose,moderate,black,65.0,4.0,31.0,5.5
14179548,40781027,Manchester,Entisols,5.3,sandy-loam,good,dry,moderate,loose,low,dark brown,65.6,5.0,29.4,3.5
14179549,40781033,Sudbury,Inceptisols,4.8,sandy-loam,moderate,moderate,moderate,moderate,high,dark brown,66.5,4.0,29.5,4.0
14179551,40781036,Manchester,Entisols,5.3,sandy-loam,good,dry,moderate,loose,low,dark brown,65.6,5.0,29.4,3.5
14179552,40781039,Branford,Inceptisols,5.3,silty,good,dry,moderate,loose,high,dark brown,33.8,7.5,58.7,3.5
14179553,40781042,Wethersfield,Inceptisols,5.3,loamy,good,dry,moderate,loose,high,dark brown,46.0,10.0,44.0,3.5
14179554,40781045,Udorthents,Entisols,6.2,sandy-loam,moderate,moderate,high,moderate,moderate,black,68.5,8.0,23.5,5.25
14179556,40781049,Manchester,Entisols,5.3,sandy-loam,good,dry,moderate,loose,low,dark brown,65.6,5.0,29.4,3.5
14179557,40781051,Rippowam,Inceptisols,5.9,sandy-loam,poor,wet,high,loose,moderate,black,65.0,4.0,31.0,5.5
14179558,40781054,Penwood,Entisols,5.3,sandy,good,dry,moderate,loose,moderate,dark brown,80.9,2.0,17.1,3.0
14179559,40781059,Manchester,Entisols,5.3,sandy-loam,good,dry,moderate,loose,low,dark brown,65.6,5.0,29.4,3.5
14179560,40781060,Sudbury,Inceptisols,4.8,sandy-loam,moderate,moderate,moderate,moderate,high,dark brown,66.5,4.0,29.5,4.0
14179561,40781064,Hartford,Inceptisols,5.3,sandy-loam,good,dry,moderate,loose,moderate,dark brown,65.6,5.0,29.4,3.5
14179562,40781068,Walpole,Inceptisols,5.9,sandy-loam,poor,wet,high,loose,moderate,dark brown,66.5,4.0,29.5,5.0
14179563,40781071,Haven,Inceptisols,5.3,silty,good,dry,moderate,moderate,high,dark brown,32.3,11.5,56.2,4.0
14179564,40781074,Wethersfield,Inceptisols,5.3,loamy,good,dry,moderate,loose,high,dark brown,46.0,10.0,44.0,3.5
14179565,40781077,Cheshire,Inceptisols,5.3,sandy-loam,good,dry,moderate,loose,high,dark brown,68.9,9.5,21.6,3.5
14179566,40781080,Haven,Inceptisols,5.3,silty,good,dry,moderate,moderate,high,dark brown,32.3,11.5,56.2,4.0
14179567,40781085,Manchester,Entisols,5.3,sandy-loam,good,dry,moderate,loose,low,dark brown,65.6,5.0,29.4,3.5
14179568,40781086,Penwood,Entisols,5.3,sandy,good,dry,moderate,loose,moderate,dark brown,80.9,2.0,17.1,3.0
14179569,40781089,Wethersfield,Inceptisols,5.3,loamy,good,dry,moderate,loose,high,dark brown,46.0,10.0,44.0,3.5
14179570,40781092,Ellington,Inceptisols,5.3,silty,moderate,moderate,moderate,loose,high,dark brown,33.8,7.5,58.7,3.5
14179571,40781095,Hartford,Inceptisols,5.3,sandy-loam,good,dry,moderate,loose,moderate,dark brown,65.6,5.0,29.4,3.5
14179572,40781099,Belgrade,Inceptisols,5.9,silty,moderate,wet,moderate,loose,high,dark brown,21.2,9.5,69.3,3.0
14179573,40781102,Wethersfield,Inceptisols,5.3,loamy,good,dry,moderate,loose,high,dark brown,46.0,10.0,44.0,3.5
14179574,40781105,Branford,Inceptisols,5.3,silty,good,dry,moderate,loose,high,dark brown,33.8,7.5,58.7,3.5
14179575,40781108,Ludlow,Inceptisols,5.3,silty,moderate,moderate,high,loose,high,dark brown,32.9,10.0,57.1,5.0
14179576,40781111,Manchester,Entisols,5.3,sandy-loam,good,dry,moderate,loose,low,dark brown,65.6,5.0,29.4,3.5
14179577,40781114,Berlin,Inceptisols,5.9,silty,moderate,moderate,moderate,loose,high,dark brown,7.0,24.0,69.0,4.0
14179578,40781118,Maybid,Inceptisols,5.6,silty,poor,wet,high,loose,high,black,18.4,27.5,54.1,6.5
14179579,40781123,Bash,Inceptisols,4.6,silty,poor,wet,moderate,moderate,high,dark brown,32.3,11.5,56.2,3.0
14179580,40781125,Belgrade,Inceptisols,5.9,silty,moderate,wet,moderate,loose,high,dark brown,21.2,9.5,69.3,3.0
14179581,40781128,Wethersfield,Inceptisols,5.3,loamy,good,dry,moderate,loose,high,dark brown,46.0,10.0,44.0,3.5
14179582,40781131,Raynham,Inceptisols,6.2,silty,poor,wet,high,moderate,high,black,21.2,9.5,69.3,6.5
14179583,40781134,Shaker,Inceptisols,6.2,sandy-loam,poor,wet,high,loose,moderate,black,64.3,5.0,30.7,6.0
14179584,40781139,Wethersfield,Inceptisols,5.3,loamy,good,dry,unknown,loose,moderate,brown,46.0,10.0,44.0,
14179585,40781140,Scitico,Inceptisols,5.9,silty,poor,wet,high,loose,high,dark brown,20.5,25.0,54.5,4.5
14179586,40781144,Berlin,Inceptisols,5.9,silty,moderate,moderate,moderate,loose,high,dark brown,7.0,24.0,69.0,4.0
14179587,40781149,Lim,Entisols,5.9,silty,poor,wet,high,moderate,high,dark brown,33.3,9.0,57.7,5.0
14179588,40781152,Hadley,Entisols,5.9,silty,good,dry,moderate,moderate,high,dark brown,21.9,7.0,71.1,3.5
14179589,40781155,Suncook,Entisols,5.5,sandy,good,dry,moderate,loose,moderate,dark brown,80.9,2.0,17.1,3.5
14179590,40781158,Limerick,Inceptisols,6.2,silty,poor,wet,moderate,moderate,high,dark brown,21.9,7.0,71.1,3.5
14179591,40781161,Saco,Inceptisols,6.2,silty,poor,wet,high,loose,high,black,21.2,9.5,69.3,6.5
14179592,40781165,Pootatuck,Inceptisols,5.9,sandy-loam,moderate,moderate,moderate,loose,moderate,dark brown,65.0,4.0,31.0,4.0
14179593,40781168,Winooski,Entisols,5.9,silty,moderate,moderate,moderate,moderate,high,dark brown,20.8,11.5,67.7,3.5
14179594,40781170,Occum,Inceptisols,5.9,sandy,good,dry,moderate,loose,moderate,dark brown,70.8,7.0,22.2,4.0
14179595,40781174,Rumford,Ultisols,4.6,sandy,good,dry,low,moderate,low,red,83.8,7.0,9.2,0.75
14179596,40781178,Evesboro,Entisols,4.3,sandy,good,dry,low,moderate,low,brown,80.9,2.0,17.1,0.75
14179597,40781180,Johnston,Inceptisols,5.0,loamy,poor,wet,high,moderate,moderate,black,45.3,11.5,43.2,5.5
14179598,40781182,Fallsington,Ultisols,4.6,sandy-loam,poor,wet,low,loose,high,red,65.7,11.5,22.8,1.25
14179599,40781185,Evesboro,Entisols,4.3,sandy,good,dry,low,moderate,low,brown,80.9,2.0,17.1,0.75
14179600,40781187,Matawan,Ultisols,5.0,sandy-loam,moderate,moderate,unknown,unknown,moderate,red,67.9,12.5,19.6,
14179601,40781190,Klej,Entisols,4.6,sandy,moderate,moderate,moderate,moderate,low,brown,77.7,6.0,16.3,2.0
14179602,40781194,Evesboro,Entisols,4.3,sandy,good,dry,low,moderate,low,brown,80.5,2.5,17.0,0.75
14179603,40781199,Woodstown,Ultisols,4.6,sandy-loam,moderate,moderate,moderate,loose,moderate,red,65.7,11.5,22.8,1.5
14179604,40781200,Kenansville,Ultisols,5.3,sandy,good,dry,low,compacted,low,red,84.3,6.5,9.2,1.25
14179605,40781203,Pocomoke,Ultisols,4.6,sandy-loam,poor,wet,high,moderate,moderate,black,67.9,12.5,19.6,6.0
14179606,40781207,Elkton,Ultisols,4.6,sandy-loam,poor,wet,moderate,moderate,moderate,red,65.6,15.5,18.9,2.5
14179607,40781211,Evesboro,Entisols,4.3,sandy,good,dry,low,moderate,low,brown,80.9,2.0,17.1,0.75
14179608,40781213,Woodstown,Ultisols,4.6,sandy-loam,moderate,moderate,moderate,loose,moderate,red,65.7,11.5,22.8,1.5
14179609,40781217,Fallsington,Ultisols,4.6,sandy-loam,poor,wet,low,loose,high,red,65.7,11.5,22.8,1.25
14179610,40781219,Pocomoke,Ultisols,4.6,sandy-loam,poor,wet,high,moderate,moderate,black,67.9,12.5,19.6,6.0
14179611,40781223,Kalmia,Ultisols,5.3,sandy-loam,good,dry,low,moderate,moderate,red,68.8,7.5,23.7,1.25
14179612,40781226,Evesboro,Entisols,4.3,sandy,good,dry,low,moderate,low,brown,80.9,2.0,17.1,0.75
14179613,40781230,Sassafras,Ultisols,4.6,loamy,good,dry,moderate,loose,moderate,red,47.2,7.5,45.3,1.5
14179614,40781231,Fallsington,Ultisols,4.6,sandy-loam,poor,wet,low,loose,high,red,65.7,11.5,22.8,1.25
14179615,40781234,Sassafras,Ultisols,4.6,sandy-loam,good,dry,moderate,loose,moderate,red,68.8,7.5,23.7,1.5
14179616,40781237,Woodstown,Ultisols,4.6,sandy-loam,moderate,moderate,moderate,loose,moderate,red,65.7,11.5,22.8,1.5
14179617,40781240,Sassafras,Ultisols,4.6,sandy-loam,good,dry,moderate,loose,moderate,red,68.8,7.5,23.7,1.5
14179618,40781243,Rumford,Ultisols,4.6,sandy,good,dry,low,moderate,low,red,83.8,7.0,9.2,0.75
14179619,40781246,Rumford,Ultisols,4.6,sandy,good,dry,low,moderate,low,red,83.8,7.0,9.2,0.75
14179620,40781249,Sassafras,Ultisols,4.6,sandy-loam,good,dry,moderate,loose,moderate,red,68.8,7.5,23.7,1.5
14179622,40781253,Evesboro,Entisols,4.3,sandy,good,dry,low,moderate,low,brown,80.9,2.0,17.1,0.75
14179623,40781255,Sassafras,Ultisols,4.6,sandy-loam,good,dry,moderate,loose,moderate,red,68.8,7.5,23.7,1.5
14179624,40781258,Johnston,Inceptisols,5.0,loamy,poor,wet,high,moderate,moderate,black,45.3,11.5,43.2,5.5
14179625,40781261,Bibb,Entisols,4.6,loamy,poor,wet,moderate,moderate,high,brown,46.0,10.0,44.0,2.0
14179626,40781263,Othello,Ultisols,5.0,silty,poor,wet,moderate,moderate,high,red,11.2,21.5,67.3,1.5
14179627,40781267,Mattapex,Ultisols,4.6,silty,moderate,wet,moderate,moderate,high,red,14.2,14.0,71.8,1.75
14179628,40781271,Sassafras,Ultisols,4.6,sandy-loam,good,dry,moderate,loose,moderate,red,68.8,7.5,23.7,1.5
14179629,40781274,Keyport,Ultisols,4.6,silty,moderate,moderate,moderate,moderate,high,red,29.1,17.5,53.4,2.0
14179630,40781277,Sassafras,Ultisols,4.6,sandy-loam,good,dry,moderate,loose,moderate,red,68.8,7.5,23.7,1.5
14179631,40781281,Keyport,Ultisols,4.6,silty,moderate,moderate,moderate,moderate,high,red,29.1,17.5,53.4,2.0
14179632,40781283,Woodstown,Ultisols,4.6,loamy,moderate,moderate,moderate,loose,moderate,red,45.3,11.5,43.2,1.5
14179633,40781286,Matapeake,Ultisols,5.0,silty,good,wet,moderate,loose,high,red,21.2,10.0,68.8,1.5
14179635,40781292,Keyport,Ultisols,4.6,silty,moderate,moderate,moderate,moderate,high,red,29.1,17.5,53.4,2.0
14179636,40781295,Elkton,Ultisols,4.6,silty,poor,wet,moderate,moderate,high,red,11.8,18.0,70.2,2.5
14179637,40781299,Sassafras,Ultisols,4.6,sandy-loam,good,dry,moderate,loose,moderate,red,68.8,7.5,23.7,1.5
14179638,40781302,Keyport,Ultisols,4.6,silty,moderate,moderate,moderate,moderate,high,red,29.1,17.5,53.4,2.0
14179639,40781305,Woodstown,Ultisols,4.6,loamy,moderate,moderate,moderate,loose,moderate,red,45.3,11.5,43.2,1.5
14179640,40781308,Matapeake,Ultisols,5.0,silty,good,wet,moderate,loose,high,red,21.2,10.0,68.8,1.5
14179641,40781311,Mattapex,Ultisols,4.6,silty,moderate,wet,moderate,moderate,high,red,14.2,14.0,71.8,1.75
14179642,40781315,Johnston,Inceptisols,5.0,loamy,poor,wet,high,moderate,moderate,black,45.3,11.5,43.2,5.5
14179643,40781318,Collington,Ultisols,4.6,sandy-loam,good,dry,moderate,moderate,high,red,68.8,15.0,16.2,2.0
14179644,40781321,Fallsington,Ultisols,4.6,loamy,poor,wet,low,loose,high,red,45.3,11.5,43.2,1.25
14179645,40781324,Keyport,Ultisols,4.6,silty,moderate,moderate,moderate,moderate,high,red,29.1,17.5,53.4,2.0
14179646,40781327,Fallsington,Ultisols,4.6,sandy-loam,poor,wet,low,loose,high,red,65.7,11.5,22.8,1.25
14179647,40781330,Butlertown,Ultisols,5.3,silty,good,dry,moderate,moderate,high,red,14.2,13.5,72.3,2.5
14179648,40781336,Matapeake,Ultisols,5.0,silty,good,wet,moderate,loose,high,red,21.2,10.0,68.8,1.5
14179649,40781337,Sassafras,Ultisols,4.6,sandy-loam,good,dry,moderate,loose,moderate,red,68.8,7.5,23.7,1.5
14179650,40781340,Othello,Ultisols,5.0,silty,poor,wet,moderate,moderate,high,red,11.2,21.5,67.3,1.5
14179651,40781344,Matapeake,Ultisols,5.0,silty,good,wet,moderate,loose,high,red,21.2,10.0,68.8,1.5
14179652,40781347,Matapeake,Ultisols,5.0,silty,good,wet,moderate,loose,high,red,21.2,10.0,68.8,1.5
14179653,40781351,Woodstown,Ultisols,4.6,loamy,moderate,moderate,moderate,loose,moderate,red,45.3,11.5,43.2,1.5
14179655,40781354,Elkton,Ultisols,4.6,loamy,poor,wet,moderate,moderate,high,red,38.2,18.0,43.8,2.5
14179656,40781358,Keyport,Ultisols,4.6,silty,moderate,moderate,moderate,moderate,high,red,29.1,17.5,53.4,2.0
14179657,40781361,Woodstown,Ultisols,4.6,loamy,moderate,moderate,moderate,loose,moderate,red,45.3,11.5,43.2,1.5
14179658,40781364,Sassafras,Ultisols,4.6,sandy-loam,good,dry,moderate,loose,moderate,red,68.8,7.5,23.7,1.5
14179659,40781367,Othello,Ultisols,5.0,silty,poor,wet,moderate,moderate,high,red,11.2,21.5,67.3,1.5
14179660,40781374,Elkton,Ultisols,4.6,silty,poor,wet,moderate,moderate,high,red,11.8,18.0,70.2,2.5
14179661,40781375,Fallsington,Ultisols,4.6,sandy-loam,poor,wet,low,loose,high,red,65.7,11.5,22.8,1.25
14179662,40781378,Fallsington,Ultisols,4.6,loamy,poor,wet,low,loose,high,red,45.3,11.5,43.2,1.25
14179663,40781381,Johnston,Inceptisols,5.0,loamy,poor,wet,high,moderate,moderate,black,45.3,11.5,43.2,5.5
14179664,40781384,Fallsington,Ultisols,4.6,loamy,poor,wet,low,loose,high,red,45.3,11.5,43.2,1.25
14179665,40781388,Matapeake,Ultisols,5.0,silty,good,wet,moderate,loose,high,red,21.2,10.0,68.8,1.5
14179666,40781390,Sassafras,Ultisols,4.6,sandy-loam,good,dry,moderate,loose,moderate,red,68.8,7.5,23.7,1.5
14179667,40781393,Sassafras,Ultisols,4.6,sandy-loam,good,dry,moderate,loose,moderate,red,68.8,7.5,23.7,1.5
14179668,40781396,Johnston,Inceptisols,5.0,loamy,poor,wet,high,moderate,moderate,black,45.3,11.5,43.2,5.5
14179669,40781399,Downer,Ultisols,4.6,sandy,good,dry,low,moderate,low,red,78.1,5.5,16.4,1.25
14179670,40781403,Sassafras,Ultisols,4.6,sandy-loam,good,dry,moderate,loose,moderate,red,68.8,7.5,23.7,1.5
14179671,40781406,Evesboro,Entisols,4.3,sandy,good,dry,low,moderate,low,brown,80.9,2.0,17.1,0.75
14179672,40781408,Woodstown,Ultisols,4.6,sandy-loam,moderate,moderate,moderate,loose,moderate,red,65.7,11.5,22.8,1.5
14179673,40781413,Fallsington,Ultisols,4.6,sandy-loam,poor,wet,low,loose,high,red,65.7,11.5,22.8,1.25
14179674,40781414,Sassafras,Ultisols,4.6,sandy-loam,good,dry,moderate,loose,moderate,red,68.8,7.5,23.7,1.5
14179675,40781417,Woodstown,Ultisols,4.6,sandy-loam,moderate,moderate,moderate,loose,moderate,red,65.7,11.5,22.8,1.5
14179676,40781420,Pocomoke,Ultisols,4.6,loamy,poor,wet,high,moderate,moderate,black,45.7,12.5,41.8,6.0
14179677,40781427,Elkton,Ultisols,4.6,silty,poor,wet,moderate,moderate,high,red,11.8,18.0,70.2,2.5
14179678,40781429,Hooksan,Entisols,6.5,sandy,good,dry,low,moderate,low,brown,95.5,3.0,1.5,0.75
14179679,40781430,Elkton,Ultisols,4.6,silty,poor,wet,moderate,moderate,high,red,11.8,18.0,70.2,2.5
14179682,40781440,Osier,Entisols,4.8,sandy,poor,wet,moderate,moderate,low,dark brown,78.1,5.5,16.4,3.5
14179683,40781443,Pocomoke,Ultisols,4.6,sandy-loam,poor,wet,high,moderate,moderate,black,67.9,12.5,19.6,6.0
14179684,40781447,Johnston,Inceptisols,5.0,loamy,poor,wet,high,moderate,moderate,black,45.3,11.5,43.2,5.5
14179685,40781450,Evesboro,Entisols,4.3,sandy,good,dry,low,moderate,low,brown,80.5,2.5,17.0,0.75
14179687,40781455,Pocomoke,Ultisols,4.6,sandy-loam,poor,wet,high,moderate,moderate,black,67.9,12.5,19.6,6.0
14179688,40781459,Fallsington,Ultisols,4.6,sandy-loam,poor,wet,low,loose,high,red,65.7,11.5,22.8,1.25
14179689,40781462,Elkton,Ultisols,4.6,silty,poor,wet,moderate,moderate,high,red,11.8,18.0,70.2,2.5
14179690,40781466,Woodstown,Ultisols,4.6,loamy,moderate,moderate,moderate,loose,moderate,red,45.3,11.5,43.2,1.5
14179691,40781469,Matapeake,Ultisols,5.0,silty,good,wet,moderate,loose,high,red,21.2,10.0,68.8,1.5
14179693,40781473,Elsinboro,Ultisols,5.0,silty,good,dry,moderate,moderate,moderate,red,30.7,13.0,56.3,2.0
14179694,40781476,Fallsington,Ultisols,4.6,loamy,poor,wet,low,loose,high,red,45.3,11.5,43.2,1.25
14179695,40781479,Keyport,Ultisols,4.6,silty,moderate,moderate,moderate,moderate,high,red,29.1,17.5,53.4,2.0
14179696,40781482,Matapeake,Ultisols,5.0,silty,good,wet,moderate,loose,high,red,21.2,10.0,68.8,1.5
14179697,40781485,Sassafras,Ultisols,4.6,sandy-loam,good,dry,moderate,loose,moderate,red,68.8,7.5,23.7,1.5
14179698,40781488,Elkton,Ultisols,4.6,silty,poor,wet,moderate,moderate,high,red,11.8,18.0,70.2,2.5
14179699,40781492,Kinkora,Ultisols,5.0,silty,poor,wet,moderate,moderate,high,red,26.3,21.0,52.7,2.0
14179700,40781496,Christiana,Ultisols,4.3,silty,good,wet,moderate,moderate,high,red,27.3,18.0,54.7,1.5
14179701,40781498,Johnston,Inceptisols,5.0,loamy,poor,wet,high,moderate,moderate,black,45.3,11.5,43.2,5.5
14179702,40781501,Matapeake,Ultisols,5.0,silty,good,wet,moderate,loose,high,red,21.2,10.0,68.8,1.5
14179703,40781504,Sassafras,Ultisols,4.6,sandy-loam,good,dry,moderate,loose,moderate,red,68.8,7.5,23.7,1.5
14179704,40781507,Woodstown,Ultisols,4.6,loamy,moderate,moderate,moderate,loose,moderate,red,45.3,11.5,43.2,1.5
14179705,40781510,Codorus,Inceptisols,5.3,silty,moderate,moderate,moderate,moderate,moderate,dark brown,26.5,20.0,53.5,3.0
14179706,40781514,Keyport,Ultisols,4.6,silty,moderate,moderate,moderate,moderate,high,red,29.1,17.5,53.4,2.0
14179707,40781516,Keyport,Ultisols,4.6,silty,moderate,moderate,moderate,moderate,high,red,29.1,17.5,53.4,2.0
14179708,40781519,Hatboro,Inceptisols,5.9,silty,poor,wet,moderate,moderate,high,dark brown,30.1,15.0,54.9,3.0
14179710,40781526,Elkton,Ultisols,4.6,silty,poor,wet,moderate,moderate,high,red,11.8,18.0,70.2,2.5
14179711,40781530,Hooksan,Entisols,6.5,sandy,good,dry,low,moderate,low,brown,95.5,3.0,1.5,0.75
14179713,40781533,Udorthents,Entisols,6.2,sandy-loam,moderate,moderate,high,moderate,moderate,black,68.5,8.0,23.5,5.25
14179715,40781537,Tifton,Ultisols,5.3,sandy-loam,good,dry,moderate,moderate,low,red,68.8,15.0,16.2,1.5
14179716,40781542,Tifton,Ultisols,5.3,sandy-loam,good,dry,moderate,moderate,low,red,68.8,15.0,16.2,1.5
14179717,40781547,Benndale,Ultisols,5.0,sandy-loam,good,dry,moderate,moderate,moderate,red,66.9,10.0,23.1,2.0
14179718,40781551,Escambia,Ultisols,4.6,sandy-loam,poor,wet,low,moderate,moderate,red,68.9,9.5,21.6,1.25
14179719,40781554,Plummer,Ultisols,4.6,sandy,poor,wet,moderate,moderate,low,red,78.1,5.5,16.4,2.0
14179720,40781556,Orangeburg,Ultisols,5.3,sandy-loam,good,dry,low,moderate,low,red,66.0,11.0,23.0,1.25
14179721,40781560,Malbis,Ultisols,5.3,sandy-loam,moderate,moderate,low,moderate,moderate,red,67.2,17.5,15.3,0.75
14179722,40781564,Bibb,Entisols,4.6,sandy-loam,poor,wet,moderate,compacted,moderate,brown,66.9,10.0,23.1,2.0
14179723,40781566,Coxville,Ultisols,4.6,loamy,poor,wet,moderate,moderate,moderate,red,43.8,16.0,40.2,3.0
14179724,40781569,Benndale,Ultisols,5.0,sandy-loam,good,dry,moderate,moderate,moderate,red,66.9,10.0,23.1,2.0
14179725,40781573,Rains,Ultisols,5.1,sandy-loam,poor,wet,moderate,moderate,moderate,red,67.9,12.5,19.6,3.5
14179726,40781577,Bibb,Entisols,4.6,sandy-loam,poor,wet,moderate,compacted,moderate,brown,66.9,10.0,23.1,2.0
14179727,40781579,Eulonia,Ultisols,5.5,sandy-loam,moderate,moderate,low,moderate,moderate,red,67.9,12.5,19.6,1.25
14179728,40781583,Atmore,Ultisols,4.6,sandy,poor,wet,moderate,moderate,moderate,red,70.8,7.0,22.2,1.75
14179729,40781586,Bigbee,Entisols,5.3,sandy,good,dry,low,moderate,low,brown,92.9,5.5,1.6,1.25
14179730,40781588,Florala,Ultisols,5.0,sandy-loam,poor,wet,low,moderate,low,red,66.3,10.5,23.2,1.25
14179731,40781593,Kalmia,Ultisols,5.3,sandy,good,dry,low,moderate,moderate,red,70.4,7.5,22.1,1.25
14179732,40781594,Coxville,Ultisols,4.6,sandy-loam,poor,wet,moderate,moderate,moderate,red,65.1,16.0,18.9,3.0
14179733,40781597,Cahaba,Ultisols,5.3,sandy,good,dry,low,moderate,moderate,red,71.3,12.0,16.7,1.25
14179734,40781600,Cahaba,Ultisols,5.3,sandy-loam,good,dry,low,moderate,moderate,red,68.3,12.0,19.7,1.25
14179735,40781603,Bibb,Entisols,4.6,sandy-loam,poor,wet,moderate,compacted,moderate,brown,66.9,10.0,23.1,2.0
14179736,40781605,Bigbee,Entisols,5.3,sandy,good,dry,low,moderate,low,brown,83.8,7.0,9.2,1.25
14179737,40781607,Cahaba,Ultisols,5.3,sandy-loam,good,dry,low,moderate,moderate,red,68.3,12.0,19.7,1.25
14179738,40781610,Riverview,Inceptisols,5.5,sandy-loam,good,dry,low,moderate,moderate,brown,67.7,11.0,21.3,1.25
14179739,40781613,Eunola,Ultisols,5.0,sandy-loam,moderate,moderate,low,moderate,moderate,red,68.8,15.0,16.2,1.25
14179740,40781618,Bonifay,Ultisols,5.5,sandy,good,dry,moderate,moderate,low,red,82.2,9.0,8.8,1.75
14179741,40781621,Mantachie,Inceptisols,5.0,sandy-loam,poor,wet,moderate,moderate,high,brown,66.8,14.0,19.2,2.0
14179743,40781626,Rains,Ultisols,5.1,sandy-loam,poor,wet,moderate,moderate,moderate,red,67.9,12.5,19.6,3.5
14179744,40781630,Goldsboro,Ultisols,4.8,sandy-loam,moderate,moderate,low,moderate,moderate,red,68.5,10.0,21.5,1.25
14179745,40781634,Yonges,Alfisols,6.5,sandy,poor,wet,moderate,moderate,moderate,dark brown,70.9,12.5,16.6,3.0
14179746,40781637,Troup,Ultisols,5.3,sandy,good,dry,low,moderate,low,red,92.9,5.5,1.6,0.75
14179747,40781639,Lakeland,Entisols,5.3,sandy,good,dry,low,moderate,low,brown,93.6,5.0,1.4,0.75
14179748,40781642,Bibb,Entisols,4.6,sandy-loam,poor,wet,moderate,compacted,moderate,brown,66.9,10.0,23.1,2.0
14179749,40781645,Fuquay,Ultisols,5.3,sandy,good,dry,low,compacted,low,red,77.7,6.0,16.3,1.25
14179750,40781647,Troup,Ultisols,5.3,sandy,good,dry,low,moderate,low,red,92.9,5.5,1.6,0.75
14179751,40781649,Lakeland,Entisols,5.3,sandy,good,dry,low,moderate,low,brown,93.6,5.0,1.4,0.75
14179752,40781651,Cowarts,Ultisols,5.0,sandy-loam,good,dry,moderate,moderate,moderate,red,67.9,12.5,19.6,2.0
14179754,40781657,Rutlege,Inceptisols,4.6,sandy,poor,wet,high,moderate,low,black,77.7,6.0,16.3,6.0
14179756,40781658,Kureb,Entisols,5.5,sandy,good,dry,low,compacted,low,brown,97.9,1.5,0.6,1.25
14179757,40781659,Axis,Entisols,7.3,sandy-loam,poor,wet,high,moderate,moderate,black,65.1,20.0,14.9,10.0
14179758,40781662,Fripp,Entisols,6.5,sandy,good,dry,low,moderate,low,brown,96.8,2.5,0.7,0.75
14179759,40781664,Beaches,,6.5,sandy,poor,wet,low,compacted,low,brown,98.9,0.5,0.6,0.05
14179761,40781667,Duckston,Entisols,6.0,sandy,poor,wet,moderate,compacted,low,brown,97.3,2.0,0.7,1.75
14179763,40781670,Corolla,Entisols,6.7,sandy,poor,wet,low,compacted,low,brown,97.9,1.5,0.6,0.25
14179764,40781671,Ortega,Entisols,5.1,sandy,moderate,dry,moderate,moderate,low,brown,97.3,2.0,0.7,1.5
14179765,40781673,Albany,Ultisols,5.1,sandy,poor,wet,moderate,moderate,low,red,93.2,5.5,1.3,1.5
14179766,40781676,Kureb,Entisols,5.5,sandy,good,dry,low,compacted,low,brown,97.9,1.5,0.6,1.25
14179767,40781677,Pickney,Inceptisols,4.6,sandy,poor,wet,high,moderate,low,black,77.7,6.0,16.3,9.0
14179768,40781679,Leon,Spodosols,5.1,sandy,poor,wet,moderate,moderate,moderate,grey,96.3,3.0,0.7,2.25
14179769,40781683,Lakeland,Entisols,5.3,sandy,good,dry,low,moderate,low,brown,94.4,5.0,0.6,0.75
14179770,40781685,Pactolus,Entisols,4.6,sandy,moderate,moderate,low,compacted,low,brown,91.1,7.0,1.9,1.25
14179771,40781688,Rutlege,Inceptisols,4.6,sandy,poor,wet,high,loose,high,black,92.7,6.0,1.3,15.0
14179772,40781689,Rutlege,Inceptisols,4.6,sandy,poor,wet,high,loose,high,black,92.1,6.0,1.9,15.0
14179773,40781691,Lynchburg,Ultisols,4.6,sandy-loam,poor,wet,moderate,moderate,moderate,red,67.9,12.5,19.6,2.75
14179774,40781693,Leon,Spodosols,5.1,sandy,poor,wet,moderate,moderate,moderate,grey,96.3,3.0,0.7,2.25
14179776,40781700,Pactolus,Entisols,4.6,sandy,moderate,moderate,low,compacted,low,brown,91.1,7.0,1.9,1.25
14179777,40781703,Pelham,Ultisols,4.6,sandy,poor,wet,moderate,compacted,low,red,94.9,4.5,0.6,1.5
14179778,40781705,Allanton,Spodosols,4.6,sandy,poor,wet,high,loose,high,black,91.3,7.5,1.2,15.0
14179779,40781708,Ortega,Entisols,5.1,sandy,moderate,dry,moderate,moderate,low,brown,97.3,2.0,0.7,1.5
14179780,40781710,Rutlege,Inceptisols,4.6,sandy,poor,wet,high,loose,high,black,92.7,6.0,1.3,15.0
14179781,40781712,Garcon,Ultisols,5.0,sandy,poor,wet,moderate,moderate,moderate,red,78.1,5.5,16.4,2.0
14179782,40781716,Yemassee,Ultisols,4.8,sandy,poor,wet,moderate,moderate,low,red,81.1,10.0,8.9,2.25
14179783,40781720,Albany,Ultisols,5.1,sandy,poor,wet,moderate,moderate,low,red,78.1,5.5,16.4,1.5
14179784,40781723,Pickney,Inceptisols,4.8,sandy,poor,wet,high,moderate,moderate,black,77.7,6.0,16.3,9.0
14179785,40781725,Mulat,Ultisols,4.8,sandy,poor,wet,moderate,moderate,moderate,red,95.9,3.5,0.6,2.5
14179786,40781729,Axis,Entisols,7.3,sandy-loam,poor,wet,high,moderate,moderate,black,65.1,20.0,14.9,10.0
14179787,40781732,Chewacla,Inceptisols,5.5,silty,poor,wet,moderate,moderate,high,brown,22.4,22.5,55.1,2.5
14179789,40781741,Riverview,Inceptisols,5.5,silty,good,dry,low,moderate,high,brown,27.1,18.5,54.4,1.25
14179792,40781746,Wahee,Ultisols,5.3,loamy,poor,wet,moderate,moderate,high,red,43.0,18.5,38.5,2.75
14179793,40781749,Troup,Ultisols,5.3,sandy,good,dry,low,moderate,moderate,red,83.8,7.0,9.2,0.75
14179794,40781752,Lucy,Ultisols,5.6,sandy,good,dry,low,moderate,moderate,red,84.3,6.5,9.2,0.75
14179795,40781754,Bonifay,Ultisols,5.5,sandy,good,dry,moderate,moderate,low,red,82.2,9.0,8.8,1.75
14179796,40781757,Troup,Ultisols,5.3,sandy,good,dry,low,moderate,moderate,red,83.8,7.0,9.2,0.75
14179797,40781759,Dothan,Ultisols,5.3,sandy-loam,good,dry,low,moderate,moderate,red,69.6,14.0,16.4,0.75
14179798,40781762,Orangeburg,Ultisols,5.3,sandy-loam,good,dry,low,moderate,low,red,66.0,11.0,23.0,1.25
14179799,40781766,Troup,Ultisols,5.3,sandy,good,dry,low,moderate,moderate,red,83.8,7.0,9.2,0.75
14179800,40781768,Orangeburg,Ultisols,5.3,sandy-loam,good,dry,low,moderate,low,red,66.0,11.0,23.0,1.25
14179801,40781772,Dothan,Ultisols,5.3,sandy-loam,good,dry,low,moderate,moderate,red,69.6,14.0,16.4,0.75
14179802,40781775,Lakeland,Entisols,5.3,sandy,good,dry,low,moderate,low,brown,93.6,5.0,1.4,0.75
14179803,40781777,Bonifay,Ultisols,5.5,sandy,good,dry,moderate,moderate,low,red,82.2,9.0,8.8,1.75
14179804,40781780,Lucy,Ultisols,5.6,sandy,good,dry,low,moderate,moderate,red,84.3,6.5,9.2,0.75
14179805,40781783,Albany,Ultisols,5.1,sandy,poor,wet,moderate,moderate,low,red,78.1,5.5,16.4,1.5
14179806,40781786,Bibb,Entisols,4.6,sandy-loam,poor,wet,moderate,compacted,moderate,brown,66.9,10.0,23.1,2.0
14179807,40781788,Troup,Ultisols,5.3,sandy,good,dry,low,moderate,moderate,red,83.8,7.0,9.2,0.75
14179808,40781790,Lucy,Ultisols,5.6,sandy,good,dry,low,moderate,moderate,red,84.3,6.5,9.2,0.75
14179809,40781793,Orangeburg,Ultisols,5.3,sandy-loam,good,dry,low,moderate,low,red,66.0,11.0,23.0,1.25
14179810,40781797,Red Bay,Ultisols,5.3,sandy-loam,good,dry,low,moderate,moderate,red,67.0,13.5,19.5,1.25
14179811,40781802,Troup,Ultisols,5.3,sandy,good,dry,low,moderate,moderate,red,83.8,7.0,9.2,0.75
14179812,40781805,Dothan,Ultisols,5.3,sandy-loam,good,dry,low,moderate,moderate,red,66.8,14.0,19.2,0.75
14179813,40781806,Red Bay,Ultisols,5.3,sandy-loam,good,dry,low,moderate,moderate,red,67.0,13.5,19.5,1.25
14179814,40781812,Rains,Ultisols,5.1,sandy-loam,poor,wet,moderate,moderate,moderate,red,67.9,12.5,19.6,3.5
14179815,40781814,Orangeburg,Ultisols,5.3,sandy-loam,good,dry,low,moderate,low,red,66.0,11.0,23.0,1.25
14179816,40781818,Dothan,Ultisols,5.3,sandy,good,dry,low,moderate,low,red,81.1,10.0,8.9,0.25
14179817,40781821,Fuquay,Ultisols,5.3,sandy,good,dry,low,compacted,low,red,77.7,6.0,16.3,1.25
14179818,40781828,Orangeburg,Ultisols,5.3,sandy-loam,good,dry,low,moderate,low,red,66.0,11.0,23.0,1.25
14179819,40781829,Bibb,Entisols,4.6,sandy-loam,poor,wet,moderate,compacted,moderate,brown,66.9,10.0,23.1,2.0
14179820,40781831,Dothan,Ultisols,5.3,sandy,good,dry,low,moderate,low,red,81.1,10.0,8.9,0.25
14179821,40781834,Fuquay,Ultisols,5.3,sandy,good,dry,low,compacted,low,red,77.7,6.0,16.3,1.25
14179822,40781838,Albany,Ultisols,5.1,sandy,poor,wet,moderate,moderate,low,red,78.1,5.5,16.4,1.5
14179823,40781841,Lucy,Ultisols,5.6,sandy,good,dry,low,moderate,moderate,red,84.3,6.5,9.2,0.75
14179824,40781844,Ardilla,Ultisols,5.3,sandy-loam,poor,wet,low,moderate,moderate,red,68.1,10.5,21.4,1.25
14179826,40781850,Bonifay,Ultisols,5.5,sandy,good,dry,moderate,moderate,low,red,82.2,9.0,8.8,1.75
14179827,40781853,Lucy,Ultisols,5.6,sandy,good,dry,low,moderate,moderate,red,84.3,6.5,9.2,0.75
14179828,40781856,Cowarts,Ultisols,5.0,sandy-loam,good,dry,moderate,moderate,moderate,red,67.9,12.5,19.6,2.0
14179829,40781860,Troup,Ultisols,5.3,sandy,good,dry,low,moderate,low,red,92.9,5.5,1.6,0.75
14179830,40781862,Troup,Ultisols,5.3,sandy,good,dry,low,moderate,low,red,92.9,5.5,1.6,0.75
14179831,40781864,Lakeland,Entisols,5.3,sandy,good,dry,low,moderate,low,brown,93.6,5.0,1.4,0.75
14179832,40781866,Pactolus,Entisols,4.6,sandy,moderate,moderate,low,compacted,low,brown,83.8,7.0,9.2,1.25
14179833,40781868,Pickney,Inceptisols,4.6,sandy,poor,wet,high,moderate,low,black,77.7,6.0,16.3,9.0
14179834,40781871,Lakeland,Entisols,5.3,sandy,good,dry,low,moderate,low,brown,93.6,5.0,1.4,0.75
14179835,40781872,Orangeburg,Ultisols,5.3,sandy,good,dry,low,moderate,low,red,83.8,7.0,9.2,0.75
14179836,40781877,Lakeland,Entisols,5.3,sandy,good,dry,low,moderate,low,brown,93.6,5.0,1.4,0.75
14179837,40781878,Troup,Ultisols,5.3,sandy,good,dry,low,moderate,moderate,red,83.8,7.0,9.2,0.75
14179838,40781880,Troup,Ultisols,5.3,sandy,good,dry,low,moderate,moderate,red,83.8,7.0,9.2,0.75
14179839,40781882,Cowarts,Ultisols,5.0,sandy,good,dry,low,moderate,low,red,84.3,6.5,9.2,1.25
14179841,40781889,Pickney,Inceptisols,4.8,sandy,poor,wet,high,moderate,moderate,black,77.7,6.0,16.3,9.0
14179842,40781892,Plummer,Ultisols,4.6,sandy,poor,wet,high,moderate,low,black,78.1,5.5,16.4,8.0
14179843,40781894,Plummer,Ultisols,4.6,sandy,poor,wet,moderate,moderate,low,red,78.1,5.5,16.4,2.0
14179844,40781896,Albany,Ultisols,5.1,sandy,poor,wet,moderate,moderate,low,red,93.2,5.5,1.3,1.5
14179846,40781902,Alaga,Entisols,4.8,sandy,good,dry,moderate,compacted,low,brown,83.8,7.0,9.2,1.75
14179847,40781904,Garcon,Ultisols,5.0,sandy,poor,wet,moderate,moderate,moderate,red,78.1,5.5,16.4,2.0
14179848,40781908,Eunola,Ultisols,5.0,sandy,moderate,moderate,low,compacted,low,red,83.8,7.0,9.2,1.25
14179849,40781913,Cahaba,Ultisols,5.3,sandy,good,dry,low,moderate,low,red,83.8,7.0,9.2,1.25
14179850,40781916,Grady,Ultisols,4.6,loamy,poor,wet,moderate,moderate,moderate,red,38.5,25.0,36.5,2.5
14179851,40781919,Wicksburg,Ultisols,5.3,sandy,good,dry,low,moderate,low,red,83.0,8.0,9.0,0.75
14179852,40781922,Riverview,Inceptisols,5.5,sandy,good,dry,low,moderate,moderate,brown,84.3,6.5,9.2,1.25
14179853,40781925,Pickney,Inceptisols,4.6,sandy,poor,wet,high,moderate,low,black,77.7,6.0,16.3,9.0
14179854,40781927,Blanton,Ultisols,5.3,sandy,moderate,moderate,low,moderate,low,red,82.2,9.0,8.8,1.25
14179855,40781930,Goldsboro,Ultisols,4.8,sandy-loam,moderate,moderate,low,moderate,moderate,red,66.9,10.0,23.1,1.25
14179856,40781934,Kinston,Inceptisols,5.3,sandy-loam,poor,wet,moderate,moderate,moderate,dark brown,67.5,11.5,21.0,3.5
14179858,40781943,Garcon,Ultisols,5.0,sandy,poor,wet,moderate,moderate,moderate,red,78.1,5.5,16.4,2.0
14179859,40781945,Rains,Ultisols,5.1,sandy-loam,poor,wet,moderate,moderate,moderate,red,67.9,12.5,19.6,3.5
14179860,40781948,Bibb,Entisols,4.6,sandy-loam,poor,wet,moderate,compacted,moderate,brown,66.9,10.0,23.1,2.0
14179861,40781950,Eunola,Ultisols,5.0,sandy,moderate,moderate,low,compacted,low,red,83.8,7.0,9.2,1.25
14179862,40781955,Bigbee,Entisols,5.3,sandy,good,dry,low,moderate,low,brown,93.2,5.5,1.3,1.25
14179863,40781957,Troup,Ultisols,5.3,sandy,good,dry,low,moderate,low,red,92.9,5.5,1.6,0.75
14179864,40781959,Bibb,Entisols,4.6,sandy-loam,poor,wet,moderate,compacted,moderate,brown,66.9,10.0,23.1,2.0
14179865,40781962,Lucy,Ultisols,5.6,sandy,good,dry,low,moderate,moderate,red,84.3,6.5,9.2,0.75
14179866,40781964,Dothan,Ultisols,5.3,sandy,good,dry,low,moderate,low,red,81.1,10.0,8.9,0.25
14179867,40781967,Bonifay,Ultisols,5.5,sandy,good,dry,low,moderate,low,red,92.1,6.0,1.9,1.25
14179868,40781970,Lakeland,Entisols,5.3,sandy,good,dry,low,moderate,low,brown,93.6,5.0,1.4,0.75
14179869,40781974,Orangeburg,Ultisols,5.3,sandy-loam,good,dry,low,moderate,low,red,66.0,11.0,23.0,1.25
14179870,40781976,Troup,Ultisols,5.3,sandy,good,dry,low,moderate,low,red,92.9,5.5,1.6,0.75
14179871,40781978,Bonifay,Ultisols,5.5,sandy,good,dry,low,moderate,low,red,92.1,6.0,1.9,1.25
14179872,40781981,Kinston,Inceptisols,5.3,sandy-loam,poor,wet,moderate,moderate,moderate,dark brown,67.5,11.5,21.0,3.5
14179873,40781987,Fuquay,Ultisols,5.3,sandy,good,dry,low,compacted,low,red,77.7,6.0,16.3,1.25
14179874,40781989,Dothan,Ultisols,5.3,sandy,good,dry,low,moderate,low,red,81.1,10.0,8.9,0.25
14179875,40781991,Fuquay,Ultisols,5.3,sandy,good,dry,low,compacted,low,red,77.7,6.0,16.3,1.25
14179876,40781995,Dothan,Ultisols,5.3,sandy,good,dry,low,moderate,low,red,81.1,10.0,8.9,0.25
14179877,40781998,Nankin,Ultisols,5.0,sandy-loam,good,dry,low,moderate,moderate,red,67.0,13.5,19.5,0.75
14179878,40782002,Bibb,Entisols,4.6,sandy-loam,poor,wet,moderate,compacted,moderate,brown,66.9,10.0,23.1,2.0
14179879,40782004,Cowarts,Ultisols,5.0,sandy-loam,good,dry,moderate,moderate,moderate,red,67.9,12.5,19.6,2.0
14179880,40782008,Lucy,Ultisols,5.6,sandy,good,dry,low,moderate,moderate,red,84.3,6.5,9.2,0.75
14179881,40782013,Dothan,Ultisols,5.3,sandy,good,dry,low,moderate,low,red,81.1,10.0,8.9,0.25
14179882,40782014,Troup,Ultisols,5.3,sandy,good,dry,low,moderate,low,red,92.9,5.5,1.6,0.75
14179883,40782019,Rains,Ultisols,5.1,sandy,poor,wet,moderate,moderate,low,red,77.7,6.0,16.3,3.5
14179884,40782020,Ardilla,Ultisols,5.3,sandy,poor,wet,low,moderate,low,red,82.5,8.5,9.0,0.75
14179885,40782023,Fuquay,Ultisols,5.3,sandy,good,dry,low,compacted,low,red,77.7,6.0,16.3,1.25
14179886,40782027,Bonifay,Ultisols,5.5,sandy,good,dry,low,moderate,low,red,92.1,6.0,1.9,1.25
14179887,40782030,Plummer,Ultisols,4.6,sandy,poor,wet,moderate,moderate,low,red,78.1,5.5,16.4,2.0
14179888,40782032,Florala,Ultisols,5.0,sandy-loam,poor,wet,low,moderate,low,red,66.3,10.5,23.2,1.25
14179889,40782035,Dothan,Ultisols,5.3,sandy,good,dry,low,moderate,low,red,81.1,10.0,8.9,0.25
14179890,40782038,Rains,Ultisols,5.1,sandy,poor,wet,moderate,moderate,moderate,red,70.9,12.5,16.6,3.5
14179891,40782042,Dothan,Ultisols,5.3,sandy,good,dry,low,moderate,low,red,81.1,10.0,8.9,0.25
14179892,40782046,Cowarts,Ultisols,5.0,sandy,good,dry,low,moderate,low,red,84.3,6.5,9.2,1.25
14179893,40782049,Malbis,Ultisols,5.3,sandy-loam,moderate,moderate,low,moderate,moderate,red,68.1,17.5,14.4,0.75
14179894,40782053,Clarendon,Ultisols,5.5,sandy-loam,moderate,moderate,moderate,moderate,moderate,red,66.9,10.0,23.1,1.75
14179895,40782056,Lucy,Ultisols,5.6,sandy,good,dry,low,moderate,moderate,red,84.3,6.5,9.2,0.75
14179896,40782059,Dothan,Ultisols,5.3,sandy,good,dry,low,moderate,low,red,81.1,10.0,8.9,0.25
14179897,40782062,Bonifay,Ultisols,5.5,sandy,good,dry,low,moderate,low,red,92.7,6.0,1.3,1.25
14179898,40782065,Clarendon,Ultisols,5.5,sandy-loam,moderate,moderate,moderate,moderate,moderate,red,66.9,10.0,23.1,1.75
14179899,40782068,Dothan,Ultisols,5.3,sandy,good,dry,low,moderate,low,red,81.1,10.0,8.9,0.25
14179900,40782071,Dothan,Ultisols,5.3,sandy,good,dry,low,moderate,low,red,81.1,10.0,8.9,0.25
14179901,40782077,Fuquay,Ultisols,5.3,sandy,good,dry,low,compacted,low,red,77.7,6.0,16.3,1.25
14179902,40782078,Rains,Ultisols,5.1,sandy-loam,poor,wet,moderate,moderate,moderate,red,67.9,12.5,19.6,3.5
14179903,40782082,Hurricane,Spodosols,4.8,sandy,poor,wet,low,moderate,low,grey,96.8,2.5,0.7,1.25
14179904,40782086,Mandarin,Spodosols,4.8,sandy,poor,wet,moderate,moderate,low,grey,97.9,1.5,0.6,1.75
14179905,40782090,Albany,Ultisols,5.1,sandy,poor,wet,moderate,moderate,low,red,78.1,5.5,16.4,1.5
14179906,40782093,Chipley,Entisols,4.8,sandy,poor,wet,moderate,moderate,low,dark brown,96.3,3.0,0.7,3.5
14179907,40782097,Centenary,Spodosols,5.5,sandy,moderate,dry,low,moderate,low,grey,94.9,4.5,0.6,0.75
14179908,40782098,Pantego,Ultisols,4.6,loamy,poor,wet,high,moderate,high,black,46.0,10.0,44.0,12.5
14179909,40782101,Blanton,Ultisols,5.3,sandy,moderate,dry,low,moderate,low,red,95.4,4.0,0.6,0.75
14179910,40782104,Alapaha,Ultisols,5.0,sandy,poor,wet,moderate,moderate,low,red,83.8,7.0,9.2,1.5
14179911,40782107,Chipley,Entisols,4.8,sandy,poor,wet,moderate,moderate,low,dark brown,96.3,3.0,0.7,3.5
14179912,40782109,Leon,Spodosols,5.1,sandy,poor,wet,moderate,moderate,moderate,grey,96.3,3.0,0.7,2.25
14179913,40782113,Pottsburg,Spodosols,5.1,sandy,poor,wet,moderate,moderate,moderate,grey,96.8,2.5,0.7,1.75
14179914,40782116,Pantego,Ultisols,4.6,sandy-loam,poor,wet,high,moderate,high,black,68.5,10.0,21.5,12.5
14179917,40782124,Mandarin,Spodosols,4.8,sandy,poor,wet,moderate,moderate,low,grey,97.9,1.5,0.6,1.75
14179918,40782128,Hurricane,Spodosols,4.8,sandy,poor,wet,low,moderate,low,grey,96.8,2.5,0.7,1.25
14179919,40782132,Rutlege,Inceptisols,4.6,sandy,poor,wet,high,moderate,low,black,77.7,6.0,16.3,6.0
14179920,40782134,Nankin,Ultisols,5.0,sandy,good,dry,low,moderate,low,red,82.5,8.5,9.0,0.75
14179921,40782138,Albany,Ultisols,5.1,sandy,poor,wet,moderate,moderate,low,red,78.1,5.5,16.4,1.5
14179922,40782141,Blanton,Ultisols,5.3,sandy,moderate,dry,low,moderate,low,red,94.6,4.0,1.4,0.75
14179923,40782144,Troup,Ultisols,5.3,sandy,good,dry,low,moderate,low,red,92.9,5.5,1.6,0.75
14179924,40782146,Pickney,Inceptisols,4.6,sandy,poor,wet,high,moderate,low,black,77.7,6.0,16.3,9.0
14179925,40782148,Boswell,Alfisols,5.0,sandy,moderate,moderate,moderate,moderate,high,brown,70.9,12.5,16.6,2.5
14179926,40782150,Lakeland,Entisols,5.3,sandy,good,dry,low,moderate,low,brown,93.6,5.0,1.4,0.75
14179927,40782152,Troup,Ultisols,5.3,sandy,good,dry,low,moderate,low,red,92.9,5.5,1.6,0.75
14179929,40782154,Pickney,Inceptisols,4.8,sandy,poor,wet,high,moderate,moderate,black,77.7,6.0,16.3,9.0
14179930,40782156,Foxworth,Entisols,5.3,sandy,moderate,moderate,low,moderate,low,brown,94.1,4.5,1.4,1.25
14179932,40782162,Blanton,Ultisols,5.3,sandy,moderate,dry,low,moderate,low,red,92.1,4.0,3.9,0.75
14179933,40782165,Fuquay,Ultisols,5.3,sandy,good,dry,low,compacted,low,red,77.7,6.0,16.3,1.25
14179934,40782169,Lakeland,Entisols,5.3,sandy,good,dry,low,moderate,low,brown,93.6,5.0,1.4,0.75
14179935,40782171,Troup,Ultisols,5.3,sandy,good,dry,low,moderate,low,red,92.9,5.5,1.6,0.75
14179936,40782173,Brickyard,Inceptisols,6.5,clay,poor,wet,high,loose,high,black,15.2,49.0,35.8,14.0
14179937,40782176,Pelham,Ultisols,4.6,sandy,poor,wet,moderate,compacted,low,red,94.9,4.5,0.6,1.5
14179938,40782180,Albany,Ultisols,5.1,sandy,poor,wet,moderate,moderate,low,red,93.2,5.5,1.3,1.5
14179939,40782182,Bibb,Entisols,4.6,sandy-loam,poor,wet,moderate,compacted,moderate,brown,66.9,10.0,23.1,2.0
14179940,40782184,Blanton,Ultisols,5.3,sandy,moderate,moderate,low,moderate,moderate,red,95.4,4.0,0.6,1.25
14179941,40782187,Chipola,Ultisols,5.3,sandy,good,dry,low,moderate,low,red,93.6,5.0,1.4,0.75
14179942,40782191,Bigbee,Entisols,5.3,sandy,good,dry,low,moderate,low,brown,92.9,5.5,1.6,1.25
14179943,40782193,Eunola,Ultisols,5.0,sandy-loam,moderate,moderate,low,moderate,moderate,red,65.9,15.0,19.1,1.25
14179944,40782198,Garcon,Ultisols,5.0,sandy,poor,wet,moderate,moderate,moderate,red,78.1,5.5,16.4,2.0
14179946,40782207,Blanton,Ultisols,5.3,sandy,moderate,dry,low,moderate,low,red,95.4,4.0,0.6,0.75
14179947,40782208,Leon,Spodosols,5.1,sandy,poor,wet,moderate,moderate,moderate,grey,95.5,3.0,1.5,2.25
14179948,40782214,Olustee,Spodosols,4.6,sandy,poor,wet,moderate,moderate,low,dark brown,94.1,4.5,1.4,4.0
14179949,40782217,Ortega,Entisols,5.1,sandy,moderate,dry,moderate,moderate,low,brown,96.5,2.0,1.5,1.5
14179950,40782219,Surrency,Ultisols,4.6,sandy,poor,wet,high,compacted,low,black,78.5,5.0,16.5,5.5
14179951,40782223,Albany,Ultisols,5.1,sandy,poor,wet,moderate,moderate,low,red,78.1,5.5,16.4,1.5
14179952,40782226,Plummer,Ultisols,4.6,sandy,poor,wet,moderate,moderate,low,red,94.6,4.0,1.4,2.0
14179953,40782228,Millhopper,Ultisols,5.5,sandy,moderate,moderate,low,compacted,low,red,94.4,5.0,0.6,1.25
14179954,40782231,Kershaw,Entisols,5.3,sandy,good,dry,low,moderate,low,brown,95.5,3.0,1.5,0.75
14179955,40782232,Plummer,Ultisols,4.6,sandy,poor,wet,moderate,moderate,low,red,95.4,4.0,0.6,2.0
14179956,40782234,Pelham,Ultisols,4.6,sandy,poor,wet,moderate,compacted,low,red,94.9,4.5,0.6,1.5
14179957,40782237,Leefield,Ultisols,5.3,sandy,poor,wet,moderate,moderate,low,red,84.3,6.5,9.2,1.5
14179958,40782240,Surrency,Ultisols,4.6,sandy,poor,wet,high,loose,high,black,94.4,5.0,0.6,15.0
14179959,40782244,Scranton,Entisols,5.5,sandy,poor,wet,moderate,moderate,low,brown,94.4,5.0,0.6,2.5
14179960,40782247,Chipley,Entisols,4.8,sandy,poor,wet,moderate,moderate,low,dark brown,96.3,3.0,0.7,3.5
14179961,40782249,Albany,Ultisols,5.1,sandy,poor,wet,moderate,moderate,low,red,93.2,5.5,1.3,1.5
14179962,40782252,Leon,Spodosols,5.1,sandy,poor,wet,moderate,moderate,moderate,grey,96.3,3.0,0.7,2.25
14179963,40782257,Sapelo,Spodosols,4.6,sandy,poor,wet,moderate,moderate,low,grey,95.9,3.5,0.6,2.0
14179964,40782260,Pickney,Inceptisols,4.8,sandy,poor,wet,high,moderate,moderate,black,77.7,6.0,16.3,9.0
14179965,40782262,Stilson,Ultisols,5.0,sandy,moderate,moderate,low,moderate,low,red,78.1,5.5,16.4,0.75
14179966,40782265,Sapelo,Spodosols,4.6,sandy,poor,wet,moderate,moderate,low,grey,95.9,3.5,0.6,2.0
14179967,40782269,Chipley,Entisols,4.8,sandy,poor,wet,moderate,moderate,low,dark brown,95.5,3.0,1.5,3.5
14179968,40782273,Pelham,Ultisols,4.6,sandy,poor,wet,moderate,compacted,low,red,83.5,7.5,9.0,1.5
14179969,40782274,Leon,Spodosols,5.1,sandy,poor,wet,moderate,moderate,moderate,grey,96.3,3.0,0.7,2.25
14179970,40782278,Foxworth,Entisols,5.3,sandy,moderate,moderate,low,moderate,low,brown,94.1,4.5,1.4,1.25
14179971,40782281,Plummer,Ultisols,4.6,sandy,poor,wet,moderate,moderate,low,red,78.1,5.5,16.4,2.0
14179972,40782283,Leefield,Ultisols,5.3,sandy,poor,wet,moderate,moderate,low,red,84.3,6.5,9.2,1.5
14179973,40782286,Albany,Ultisols,5.1,sandy,poor,wet,moderate,moderate,low,red,93.2,5.5,1.3,1.5
14179974,40782289,Blanton,Ultisols,5.3,sandy,moderate,dry,low,moderate,low,red,95.4,4.0,0.6,0.75
14179975,40782292,Leon,Spodosols,5.1,sandy,poor,wet,moderate,moderate,moderate,grey,96.3,3.0,0.7,2.25
14179976,40782296,Mandarin,Spodosols,4.8,sandy,poor,wet,moderate,moderate,low,grey,97.9,1.5,0.6,1.75
14179978,40782300,Scranton,Entisols,5.5,sandy,poor,wet,moderate,moderate,low,brown,94.4,5.0,0.6,2.5
14179979,40782303,Pickney,Inceptisols,4.8,sandy,poor,wet,high,moderate,moderate,black,77.7,6.0,16.3,9.0
14179980,40782305,Resota,Entisols,5.1,sandy,moderate,dry,low,moderate,low,brown,97.9,1.5,0.6,0.75
14179981,40782306,Sapelo,Spodosols,4.6,sandy,poor,wet,moderate,moderate,low,grey,95.9,3.5,0.6,2.0
14179982,40782310,Plummer,Ultisols,4.6,sandy,poor,wet,moderate,moderate,low,red,95.4,4.0,0.6,2.0
14179983,40782312,Chipley,Entisols,4.8,sandy,poor,wet,moderate,moderate,low,dark brown,95.5,3.0,1.5,3.5
14179984,40782314,Hurricane,Spodosols,4.8,sandy,poor,wet,low,moderate,low,grey,96.8,2.5,0.7,1.25
14179985,40782318,Lutterloh,Alfisols,5.6,sandy,poor,wet,moderate,moderate,low,brown,96.8,2.5,0.7,1.75
14179986,40782321,Ortega,Entisols,5.1,sandy,moderate,dry,moderate,moderate,low,brown,97.3,2.0,0.7,1.5
14179987,40782323,Chaires,Spodosols,4.6,sandy,poor,wet,moderate,moderate,moderate,dark brown,97.3,2.0,0.7,4.0
14179988,40782328,Shadeville,Alfisols,5.9,sandy,moderate,moderate,low,moderate,low,brown,92.7,6.0,1.3,1.25
14179989,40782333,Chaires,Spodosols,4.6,sandy,poor,wet,moderate,moderate,moderate,dark brown,97.3,2.0,0.7,4.0
14179990,40782338,Rutlege,Inceptisols,4.6,sandy,poor,wet,high,moderate,low,black,77.7,6.0,16.3,6.0
14179991,40782340,Otela,Alfisols,5.9,sandy,moderate,moderate,low,moderate,low,brown,96.8,2.5,0.7,1.25
14179992,40782344,Ridgewood,Entisols,5.9,sandy,poor,wet,low,moderate,low,brown,97.3,2.0,0.7,0.75
14179993,40782346,Leon,Spodosols,5.1,sandy,poor,wet,moderate,moderate,moderate,grey,96.3,3.0,0.7,2.25
14179994,40782350,Otela,Alfisols,5.9,sandy,moderate,moderate,low,moderate,low,brown,96.8,2.5,0.7,1.25
14179995,40782352,Pickney,Inceptisols,4.8,sandy,poor,wet,high,moderate,moderate,black,77.7,6.0,16.3,9.0
14179996,40782354,Scranton,Entisols,5.5,sandy,poor,wet,moderate,moderate,low,brown,94.4,5.0,0.6,2.5
14179997,40782357,Rutlege,Inceptisols,4.6,sandy,poor,wet,high,moderate,low,black,92.7,6.0,1.3,6.0
14179998,40782359,Pantego,Ultisols,4.6,sandy-loam,poor,wet,high,moderate,high,black,68.5,10.0,21.5,12.5
14179999,40782362,Leon,Spodosols,5.1,sandy,poor,wet,moderate,moderate,moderate,grey,96.3,3.0,0.7,2.25
14180000,40782366,Plummer,Ultisols,4.6,sandy,poor,wet,moderate,moderate,low,red,78.1,5.5,16.4,2.0
14180001,40782368,Surrency,Ultisols,4.6,sandy,poor,wet,high,loose,high,black,94.4,5.0,0.6,15.0
14180002,40782372,Sapelo,Spodosols,4.6,sandy,poor,wet,moderate,moderate,low,grey,95.9,3.5,0.6,2.0
14180003,40782377,Otela,Alfisols,5.9,sandy,moderate,moderate,low,moderate,low,brown,96.8,2.5,0.7,1.25
14180004,40782379,Ridgewood,Entisols,5.9,sandy,poor,wet,low,moderate,low,brown,97.3,2.0,0.7,0.75
14180005,40782381,Moriah,Alfisols,4.3,sandy,poor,wet,low,moderate,low,brown,96.3,3.0,0.7,1.25
14180006,40782385,Ortega,Entisols,5.1,sandy,moderate,dry,moderate,moderate,low,brown,97.3,2.0,0.7,1.5
14180007,40782387,Pickney,Inceptisols,4.8,sandy,poor,wet,high,moderate,moderate,black,77.7,6.0,16.3,9.0
14180008,40782389,Shadeville,Alfisols,5.9,sandy,moderate,moderate,low,moderate,low,brown,92.7,6.0,1.3,0.25
14180009,40782393,Surrency,Ultisols,4.6,sandy,poor,wet,high,loose,high,black,94.4,5.0,0.6,15.0
14180010,40782397,Garcon,Ultisols,5.0,sandy,poor,wet,moderate,moderate,moderate,red,78.1,5.5,16.4,2.0
14180011,40782401,Albany,Ultisols,5.1,sandy,poor,wet,moderate,moderate,low,red,93.2,5.5,1.3,1.5
14180012,40782404,Meggett,Alfisols,5.5,sandy,poor,wet,high,moderate,moderate,dark brown,70.9,12.5,16.6,5.0
14180014,40782412,Pelham,Ultisols,4.6,sandy,poor,wet,moderate,compacted,low,red,94.9,4.5,0.6,1.5
14180015,40782415,Yonges,Alfisols,6.5,sandy,poor,wet,moderate,moderate,moderate,dark brown,70.9,12.5,16.6,3.0
14180016,40782420,Surrency,Ultisols,4.6,sandy,poor,wet,high,loose,high,black,94.4,5.0,0.6,15.0
14180017,40782422,Brickyard,Inceptisols,6.5,clay,poor,wet,high,loose,high,black,15.2,49.0,35.8,14.0
14180018,40782425,Blanton,Ultisols,5.3,sandy,moderate,dry,low,moderate,low,red,95.4,4.0,0.6,0.75
14180020,40782428,Alpin,Entisols,5.5,sandy,good,dry,low,moderate,low,brown,92.2,6.5,1.3,1.0
14180021,40782431,Chaires,Spodosols,4.6,sandy,poor,wet,moderate,moderate,moderate,dark brown,97.3,2.0,0.7,4.0
14180022,40782436,Kershaw,Entisols,5.3,sandy,good,dry,low,moderate,low,brown,96.3,3.0,0.7,0.75
14180023,40782437,Ortega,Entisols,5.1,sandy,moderate,dry,moderate,moderate,low,brown,97.3,2.0,0.7,1.5
14180024,40782439,Lakeland,Entisols,5.3,sandy,good,dry,low,moderate,low,brown,94.4,5.0,0.6,0.75
14180025,40782441,Alpin,Entisols,5.5,sandy,good,dry,low,moderate,low,brown,92.2,6.5,1.3,1.0
14180026,40782444,Lakeland,Entisols,5.3,sandy,good,dry,low,moderate,low,brown,94.4,5.0,0.6,0.75
14180027,40782446,Otela,Alfisols,5.9,sandy,moderate,moderate,low,moderate,low,brown,96.8,2.5,0.7,1.25
14180028,40782449,Ortega,Entisols,5.1,sandy,moderate,dry,moderate,moderate,low,brown,97.3,2.0,0.7,1.5
14180029,40782452,Ridgewood,Entisols,5.9,sandy,poor,wet,low,moderate,low,brown,97.3,2.0,0.7,0.75
14180030,40782453,Nutall,Alfisols,5.9,sandy,poor,wet,moderate,moderate,low,brown,95.9,3.5,0.6,2.5
14180031,40782456,Chaires,Spodosols,4.6,sandy,poor,wet,moderate,moderate,moderate,dark brown,97.3,2.0,0.7,4.0
14180032,40782461,Leon,Spodosols,5.1,sandy,poor,wet,moderate,moderate,moderate,grey,96.3,3.0,0.7,2.25
14180033,40782465,Lutterloh,Alfisols,5.6,sandy,poor,wet,moderate,moderate,low,brown,96.8,2.5,0.7,1.75
14180034,40782468,Pilgrims,Alfisols,4.3,sandy,poor,wet,low,moderate,low,brown,96.3,3.0,0.7,1.25
14180035,40782472,Ridgewood,Entisols,5.9,sandy,poor,wet,low,moderate,low,brown,97.3,2.0,0.7,0.75
14180036,40782474,Plummer,Ultisols,4.6,sandy,poor,wet,moderate,moderate,low,red,95.4,4.0,0.6,2.0
14180037,40782476,Surrency,Ultisols,4.6,sandy,poor,wet,high,loose,high,black,94.4,5.0,0.6,15.0
14180038,40782482,Tooles,Alfisols,5.9,sandy,poor,wet,moderate,moderate,low,brown,95.9,3.5,0.6,2.5
14180039,40782487,Moriah,Alfisols,4.3,sandy,poor,wet,low,moderate,low,brown,96.3,3.0,0.7,1.25
14180040,40782488,Chaires,Spodosols,4.6,sandy,poor,wet,moderate,moderate,moderate,dark brown,97.3,2.0,0.7,4.0
14180042,40782497,Nutall,Alfisols,5.9,sandy,poor,wet,moderate,moderate,low,brown,95.9,3.5,0.6,2.5
14180043,40782500,Rutlege,Inceptisols,4.6,sandy,poor,wet,high,moderate,low,black,77.7,6.0,16.3,6.0
14180044,40782502,Surrency,Ultisols,4.6,sandy,poor,wet,high,loose,high,black,94.4,5.0,0.6,15.0
14180045,40782507,Tooles,Alfisols,5.9,sandy,poor,wet,moderate,moderate,low,brown,95.9,3.5,0.6,2.5
14180046,40782510,Tooles,Alfisols,5.9,sandy,poor,wet,moderate,moderate,moderate,brown,95.9,3.5,0.6,2.5
14180047,40782514,Plummer,Ultisols,4.6,sandy,poor,wet,moderate,moderate,low,red,78.1,5.5,16.4,2.0
14180048,40782516,Nutall,Alfisols,5.9,sandy,poor,wet,low,moderate,low,brown,95.9,3.5,0.6,0.75
14180050,40782522,Tooles,Alfisols,5.9,sandy,poor,wet,moderate,moderate,low,brown,95.9,3.5,0.6,2.5
14180052,40782526,Chaires,Spodosols,4.6,sandy,poor,wet,moderate,moderate,moderate,dark brown,97.3,2.0,0.7,4.0
14180053,40782532,Nutall,Alfisols,5.9,sandy,poor,wet,low,moderate,low,brown,95.9,3.5,0.6,0.75
14180055,40782537,Tooles,Alfisols,5.9,sandy,poor,wet,moderate,moderate,moderate,brown,95.9,3.5,0.6,2.5
14180056,40782541,Nutall,Alfisols,5.9,sandy,poor,wet,moderate,moderate,low,brown,95.9,3.5,0.6,2.5
14180057,40782544,Tooles,Alfisols,5.9,sandy,poor,wet,moderate,moderate,low,brown,95.9,3.5,0.6,2.5
14180058,40782548,Nutall,Alfisols,5.9,sandy,poor,wet,moderate,moderate,low,brown,95.9,3.5,0.6,2.5
14180059,40782551,Tooles,Alfisols,5.9,sandy,poor,wet,moderate,moderate,low,brown,95.9,3.5,0.6,2.5
14180061,40782558,Chaires,Spodosols,4.6,sandy,poor,wet,moderate,moderate,moderate,dark brown,97.3,2.0,0.7,4.0
14180062,40782563,Tooles,Alfisols,5.9,sandy,poor,wet,moderate,moderate,moderate,brown,95.9,3.5,0.6,2.5
14180063,40782567,Plummer,Ultisols,4.6,sandy,poor,wet,moderate,moderate,low,red,95.4,4.0,0.6,2.0
14180064,40782569,Mascotte,Spodosols,4.6,sandy,poor,wet,high,moderate,moderate,dark brown,96.8,2.5,0.7,4.5
14180065,40782575,Pelham,Ultisols,4.6,sandy,poor,wet,moderate,compacted,low,red,94.9,4.5,0.6,1.5
14180066,40782578,Ridgewood,Entisols,5.9,sandy,poor,wet,low,moderate,low,brown,97.3,2.0,0.7,0.75
14180067,40782580,Albany,Ultisols,5.1,sandy,poor,wet,moderate,moderate,low,red,93.2,5.5,1.3,1.5
14180068,40782583,Pelham,Ultisols,4.6,sandy,poor,wet,moderate,compacted,low,red,94.9,4.5,0.6,1.5
14180069,40782588,Sapelo,Spodosols,4.6,sandy,poor,wet,moderate,moderate,low,grey,95.9,3.5,0.6,2.0
14180070,40782590,Surrency,Ultisols,4.6,sandy,poor,wet,high,loose,high,black,94.4,5.0,0.6,15.0
14180072,40782596,Plummer,Ultisols,4.6,sandy,poor,wet,moderate,moderate,low,red,95.4,4.0,0.6,2.0
14180073,40782598,Bonneau,Ultisols,5.3,sandy,moderate,dry,low,moderate,low,red,94.4,5.0,0.6,1.25
14180074,40782601,Ortega,Entisols,5.1,sandy,moderate,dry,moderate,moderate,low,brown,97.3,2.0,0.7,1.5
14180075,40782603,Albany,Ultisols,5.1,sandy,poor,wet,moderate,moderate,low,red,93.2,5.5,1.3,1.5
14180076,40782607,Blanton,Ultisols,5.3,sandy,moderate,dry,low,moderate,low,red,95.4,4.0,0.6,0.75
14180077,40782609,Troup,Ultisols,5.3,sandy,good,dry,low,moderate,low,red,93.2,5.5,1.3,0.75
14180078,40782611,Otela,Alfisols,5.3,sandy,moderate,moderate,low,moderate,low,brown,95.9,3.5,0.6,1.25
14180079,40782614,Penney,Entisols,4.8,sandy,good,dry,low,moderate,low,brown,97.9,1.5,0.6,1.0
14180080,40782617,Ridgewood,Entisols,5.9,sandy,poor,wet,low,moderate,low,brown,97.3,2.0,0.7,0.75
14180081,40782619,Shadeville,Alfisols,5.9,sandy,moderate,moderate,low,moderate,low,brown,92.7,6.0,1.3,1.25
14180082,40782624,Hurricane,Spodosols,4.8,sandy,poor,wet,low,moderate,low,grey,96.8,2.5,0.7,1.25
14180083,40782628,Penney,Entisols,4.8,sandy,good,dry,low,moderate,low,brown,97.9,1.5,0.6,1.0
14180084,40782631,Albany,Ultisols,5.1,sandy,poor,wet,moderate,moderate,low,red,93.2,5.5,1.3,1.5
14180085,40782636,Otela,Alfisols,5.3,sandy,moderate,moderate,low,moderate,low,brown,95.9,3.5,0.6,1.25
14180086,40782637,Ridgewood,Entisols,5.9,sandy,poor,wet,low,moderate,low,brown,97.3,2.0,0.7,0.75
14180087,40782639,Blanton,Ultisols,5.3,sandy,moderate,dry,low,moderate,low,red,95.4,4.0,0.6,0.75
14180088,40782642,Ortega,Entisols,5.1,sandy,moderate,dry,moderate,moderate,low,brown,97.3,2.0,0.7,1.5
14180089,40782644,Troup,Ultisols,5.3,sandy,good,dry,low,moderate,low,red,92.9,5.5,1.6,0.75
14180090,40782646,Ichetucknee,Alfisols,5.0,sandy,poor,wet,moderate,moderate,low,brown,79.9,3.5,16.6,2.5
14180091,40782649,Alpin,Entisols,5.5,sandy,good,dry,low,moderate,low,brown,92.2,6.5,1.3,1.0
14180092,40782652,Blanton,Ultisols,5.3,sandy,moderate,moderate,low,moderate,moderate,red,95.4,4.0,0.6,1.25
14180093,40782655,Chiefland,Alfisols,6.2,sandy,good,dry,low,moderate,low,brown,96.3,3.0,0.7,1.25
14180094,40782659,Bigbee,Entisols,5.3,sandy,good,dry,low,moderate,low,brown,92.9,5.5,1.6,1.25
14180095,40782661,Bonneau,Ultisols,5.3,sandy,moderate,dry,low,moderate,low,red,94.4,5.0,0.6,1.25
14180096,40782664,Lakeland,Entisols,5.3,sandy,good,dry,low,moderate,low,brown,94.4,5.0,0.6,0.75
14180097,40782666,Oleno,Inceptisols,5.1,clay,poor,wet,moderate,loose,high,brown,10.4,65.5,24.1,2.0
14180098,40782671,Chiefland,Alfisols,6.2,sandy,good,dry,low,moderate,low,brown,96.3,3.0,0.7,1.25
14180099,40782674,Kershaw,Entisols,5.3,sandy,good,dry,low,moderate,low,brown,96.3,3.0,0.7,0.75
14180100,40782675,Otela,Alfisols,5.3,sandy,moderate,moderate,low,moderate,low,brown,95.9,3.5,0.6,1.25
14180101,40782678,Shadeville,Alfisols,5.9,sandy,moderate,moderate,low,moderate,low,brown,92.7,6.0,1.3,1.25
14180102,40782683,Bonneau,Ultisols,5.3,sandy,moderate,dry,low,moderate,low,red,94.4,5.0,0.6,1.25
14180103,40782686,Penney,Entisols,4.8,sandy,good,dry,low,moderate,low,brown,97.9,1.5,0.6,1.0
14180104,40782689,Shadeville,Alfisols,5.9,sandy,moderate,moderate,low,moderate,low,brown,92.7,6.0,1.3,1.25
14180105,40782695,Troup,Ultisols,5.3,sandy,good,dry,low,moderate,low,red,92.9,5.5,1.6,0.75
14180106,40782696,Alpin,Entisols,5.5,sandy,good,dry,low,moderate,low,brown,92.2,6.5,1.3,1.0
14180107,40782699,Alaga,Entisols,4.8,sandy,good,dry,moderate,compacted,low,brown,83.8,7.0,9.2,1.75
14180108,40782701,Bonneau,Ultisols,5.3,sandy,moderate,dry,low,moderate,low,red,94.4,5.0,0.6,1.25
14180109,40782704,Chiefland,Alfisols,6.2,sandy,good,dry,low,moderate,low,brown,96.3,3.0,0.7,1.25
14180110,40782708,Lakeland,Entisols,5.3,sandy,good,dry,low,moderate,low,brown,94.4,5.0,0.6,0.75
14180111,40782713,Blanton,Ultisols,5.3,sandy,moderate,dry,low,moderate,low,red,95.4,4.0,0.6,1.25
14180112,40782714,Otela,Alfisols,5.3,sandy,moderate,moderate,low,moderate,low,brown,95.9,3.5,0.6,1.25
14180113,40782719,Blanton,Ultisols,5.3,sandy,moderate,dry,low,moderate,low,red,95.4,4.0,0.6,0.75
14180115,40782721,Ichetucknee,Alfisols,5.0,sandy,poor,wet,moderate,moderate,low,brown,79.9,3.5,16.6,2.5
14180117,40782724,Chiefland,Alfisols,6.2,sandy,good,dry,low,moderate,low,brown,96.3,3.0,0.7,1.25
14180118,40782728,Udorthents,Entisols,7.9,sandy,poor,wet,unknown,moderate,low,brown,96.3,3.0,0.7,
14180119,40782731,Lakeland,Entisols,5.3,sandy,good,dry,low,moderate,low,brown,94.4,5.0,0.6,0.75
14180120,40782733,Leon,Spodosols,5.1,sandy,poor,wet,moderate,moderate,moderate,grey,96.3,3.0,0.7,2.25
14180121,40782737,Troup,Ultisols,5.3,sandy,good,dry,low,moderate,low,red,93.2,5.5,1.3,0.75
14180122,40782739,Chipley,Entisols,4.8,sandy,poor,wet,moderate,moderate,low,dark brown,96.3,3.0,0.7,3.5
14180123,40782741,Eunola,Ultisols,5.0,sandy,moderate,moderate,low,compacted,low,red,83.8,7.0,9.2,1.25
14180124,40782746,Ortega,Entisols,5.1,sandy,moderate,dry,moderate,moderate,low,brown,97.3,2.0,0.7,1.5
14180125,40782748,Blanton,Ultisols,5.3,sandy,moderate,dry,low,moderate,low,red,95.4,4.0,0.6,0.75
14180126,40782751,Plummer,Ultisols,4.6,sandy,poor,wet,moderate,moderate,low,red,78.1,5.5,16.4,2.0
14180127,40782754,Albany,Ultisols,5.1,sandy,poor,wet,moderate,moderate,low,red,93.2,5.5,1.3,1.5
14180128,40782756,Plummer,Ultisols,4.6,sandy,poor,wet,moderate,moderate,low,red,78.1,5.5,16.4,2.0
14180129,40782758,Shadeville,Alfisols,5.9,sandy,moderate,moderate,low,moderate,low,brown,92.7,6.0,1.3,1.25
14180130,40782763,Hurricane,Spodosols,4.8,sandy,poor,wet,low,moderate,low,grey,96.8,2.5,0.7,1.25
14180131,40782767,Ocilla,Ultisols,5.0,sandy,poor,wet,moderate,moderate,low,red,83.8,7.0,9.2,1.5
14180132,40782770,Jonesville,Alfisols,5.8,sandy,good,dry,low,moderate,low,brown,94.6,4.0,1.4,1.25
14180133,40782775,Otela,Alfisols,5.3,sandy,moderate,moderate,low,moderate,low,brown,95.9,3.5,0.6,1.25
14180134,40782777,Pedro,Alfisols,5.8,sandy,good,dry,low,moderate,low,brown,96.3,3.0,0.7,1.25
14180135,40782781,Ortega,Entisols,5.1,sandy,moderate,dry,moderate,moderate,low,brown,97.3,2.0,0.7,1.5
14180136,40782787,Shadeville,Alfisols,5.9,sandy,moderate,moderate,low,moderate,low,brown,92.7,6.0,1.3,1.25
14180137,40782788,Alpin,Entisols,5.5,sandy,good,dry,low,moderate,low,brown,92.2,6.5,1.3,1.0
14180138,40782791,Alpin,Entisols,5.5,sandy,good,dry,low,moderate,low,brown,92.2,6.5,1.3,1.0
14180139,40782794,Ridgewood,Entisols,5.9,sandy,poor,wet,low,moderate,low,brown,97.3,2.0,0.7,0.75
14180140,40782796,Kingsferry,Spodosols,4.6,sandy,poor,wet,moderate,moderate,moderate,dark brown,95.4,4.0,0.6,3.0
14180141,40782801,Mascotte,Spodosols,4.6,sandy,poor,wet,high,moderate,moderate,dark brown,96.8,2.5,0.7,4.5
14180142,40782805,Wesconnett,Spodosols,5.1,sandy,poor,wet,high,moderate,moderate,dark brown,95.4,4.0,0.6,5.0
14180143,40782811,Ridgeland,Spodosols,5.1,sandy,poor,wet,moderate,moderate,low,grey,94.4,5.0,0.6,2.5
14180144,40782813,Pottsburg,Spodosols,5.1,sandy,poor,wet,moderate,moderate,moderate,grey,96.8,2.5,0.7,1.75
14180145,40782816,Boulogne,Spodosols,4.8,sandy,poor,wet,moderate,moderate,moderate,dark brown,95.4,4.0,0.6,3.0
14180146,40782821,Mandarin,Spodosols,4.8,sandy,poor,wet,moderate,moderate,low,grey,97.9,1.5,0.6,1.75
14180147,40782825,Leon,Spodosols,5.1,sandy,poor,wet,moderate,moderate,moderate,grey,96.3,3.0,0.7,2.25
14180148,40782830,Elloree,Alfisols,5.9,sandy,poor,wet,high,moderate,low,dark brown,78.6,5.0,16.4,5.0
14180149,40782838,Eunola,Ultisols,5.0,sandy,moderate,moderate,low,compacted,low,red,83.8,7.0,9.2,1.25
14180150,40782839,Kenansville,Ultisols,5.3,sandy,good,dry,low,compacted,low,red,84.3,6.5,9.2,1.25
14180151,40782842,Garcon,Ultisols,5.0,sandy,poor,wet,moderate,moderate,moderate,red,78.1,5.5,16.4,2.0
14180152,40782846,Blanton,Ultisols,5.3,sandy,moderate,moderate,low,moderate,moderate,red,95.4,4.0,0.6,1.25
14180153,40782849,Meggett,Alfisols,5.5,sandy,poor,wet,high,moderate,moderate,dark brown,70.9,12.5,16.6,5.0
14180154,40782853,Bigbee,Entisols,5.3,sandy,good,dry,low,moderate,low,brown,93.2,5.5,1.3,1.25
14180155,40782855,Alpin,Entisols,5.3,sandy,good,dry,low,moderate,low,brown,92.2,6.5,1.3,1.0
14180156,40782858,Plummer,Ultisols,4.6,sandy,poor,wet,moderate,moderate,low,red,95.4,4.0,0.6,2.0
14180157,40782860,Plummer,Ultisols,4.6,sandy,poor,wet,moderate,moderate,low,red,95.4,4.0,0.6,2.0
14180158,40782862,Troup,Ultisols,5.3,sandy,good,dry,low,moderate,low,red,93.2,5.5,1.3,0.75
14180159,40782864,Albany,Ultisols,5.1,sandy,poor,wet,moderate,moderate,low,red,93.2,5.5,1.3,1.5
14180160,40782867,Ocilla,Ultisols,5.0,sandy,poor,wet,moderate,moderate,low,red,83.8,7.0,9.2,1.5
14180161,40782870,Lovett,Ultisols,5.3,sandy,moderate,moderate,low,compacted,low,red,91.7,7.0,1.3,0.5
14180162,40782874,Blanton,Ultisols,5.3,sandy,moderate,dry,low,moderate,low,red,95.4,4.0,0.6,0.75
14180163,40782877,Leon,Spodosols,5.1,sandy,poor,wet,moderate,moderate,moderate,grey,96.3,3.0,0.7,2.25
14180164,40782881,Albany,Ultisols,5.1,sandy,poor,wet,moderate,moderate,low,red,93.2,5.5,1.3,1.5
14180165,40782884,Hurricane,Spodosols,4.8,sandy,poor,wet,low,moderate,low,grey,96.8,2.5,0.7,1.25
14180166,40782890,Sapelo,Spodosols,4.6,sandy,poor,wet,moderate,moderate,low,grey,95.9,3.5,0.6,2.0
14180167,40782892,Chipley,Entisols,4.8,sandy,poor,wet,moderate,moderate,low,dark brown,96.3,3.0,0.7,3.5
14180168,40782894,Ocilla,Ultisols,5.0,sandy,poor,wet,moderate,moderate,low,red,83.8,7.0,9.2,1.5
14180169,40782897,Blanton,Ultisols,5.3,sandy,moderate,dry,low,moderate,low,red,95.4,4.0,0.6,0.75
14180170,40782900,Mandarin,Spodosols,4.8,sandy,poor,wet,moderate,moderate,low,grey,97.9,1.5,0.6,1.75
14180171,40782904,Pelham,Ultisols,4.6,sandy,poor,wet,moderate,compacted,low,red,94.9,4.5,0.6,1.5
14180172,40782907,Hurricane,Spodosols,4.8,sandy,poor,wet,low,moderate,low,grey,96.8,2.5,0.7,1.25
14180173,40782911,Plummer,Ultisols,4.6,sandy,poor,wet,moderate,moderate,low,red,95.4,4.0,0.6,2.0
14180174,40782913,Leon,Spodosols,5.1,sandy,poor,wet,moderate,moderate,moderate,grey,96.3,3.0,0.7,2.25
14180175,40782917,Plummer,Ultisols,4.6,sandy,poor,wet,moderate,moderate,low,red,95.4,4.0,0.6,2.0
14180176,40782921,Pelham,Ultisols,4.6,sandy,poor,wet,moderate,compacted,low,red,94.9,4.5,0.6,1.5
14180177,40782922,Mascotte,Spodosols,4.6,sandy,poor,wet,high,moderate,moderate,dark brown,96.8,2.5,0.7,4.5
14180178,40782928,Albany,Ultisols,5.1,sandy,poor,wet,moderate,moderate,low,red,93.2,5.5,1.3,1.5
14180179,40782931,Ichetucknee,Alfisols,5.0,sandy,poor,wet,moderate,moderate,low,brown,79.9,3.5,16.6,2.5
14180180,40782934,Ocilla,Ultisols,5.0,sandy,poor,wet,moderate,moderate,low,red,92.2,6.5,1.3,1.5
14180181,40782937,Blanton,Ultisols,5.3,sandy,moderate,dry,low,moderate,low,red,95.4,4.0,0.6,0.75
14180182,40782940,Chiefland,Alfisols,6.2,sandy,good,dry,low,moderate,low,brown,96.3,3.0,0.7,1.25
14180183,40782946,Pelham,Ultisols,4.6,sandy,poor,wet,moderate,compacted,low,red,94.9,4.5,0.6,1.5
14180184,40782947,Shadeville,Alfisols,5.9,sandy,moderate,moderate,low,moderate,low,brown,92.7,6.0,1.3,1.25
14180185,40782952,Bonneau,Ultisols,5.3,sandy,moderate,dry,low,moderate,low,red,94.4,5.0,0.6,1.25
14180186,40782955,Ichetucknee,Alfisols,5.0,sandy,poor,wet,moderate,moderate,low,brown,79.9,3.5,16.6,2.5
14180187,40782958,Pelham,Ultisols,4.6,sandy,poor,wet,moderate,compacted,low,red,94.9,4.5,0.6,1.5
14180188,40782962,Ortega,Entisols,5.1,sandy,moderate,dry,moderate,moderate,low,brown,97.3,2.0,0.7,1.5
14180189,40782963,Penney,Entisols,4.8,sandy,good,dry,low,moderate,low,brown,97.9,1.5,0.6,1.0
14180190,40782966,Bonneau,Ultisols,5.3,sandy,moderate,dry,low,moderate,low,red,94.4,5.0,0.6,1.25
14180191,40782969,Albany,Ultisols,5.1,sandy,poor,wet,moderate,moderate,low,red,93.2,5.5,1.3,1.5
14180192,40782974,Pelham,Ultisols,4.6,sandy,poor,wet,moderate,compacted,low,red,94.9,4.5,0.6,1.5
14180193,40782975,Shadeville,Alfisols,5.9,sandy,moderate,moderate,low,moderate,low,brown,92.7,6.0,1.3,0.25
14180194,40782981,Eunola,Ultisols,5.0,sandy,moderate,moderate,low,compacted,low,red,83.8,7.0,9.2,1.25
14180195,40782984,Blanton,Ultisols,5.3,sandy,moderate,dry,low,moderate,low,red,95.4,4.0,0.6,0.75
14180196,40782987,Ocilla,Ultisols,5.0,sandy,poor,wet,moderate,moderate,low,red,83.8,7.0,9.2,1.5
14180197,40782990,Elloree,Alfisols,5.9,sandy,poor,wet,high,moderate,low,dark brown,78.6,5.0,16.4,5.0
14180198,40782995,Albany,Ultisols,5.1,sandy,poor,wet,moderate,moderate,low,red,93.2,5.5,1.3,1.5
14180199,40782998,Plummer,Ultisols,4.6,sandy,poor,wet,moderate,moderate,low,red,95.4,4.0,0.6,2.0
14180200,40783000,Meggett,Alfisols,5.5,sandy,poor,wet,high,moderate,moderate,dark brown,70.9,12.5,16.6,5.0
14180201,40783004,Blanton,Ultisols,5.3,sandy,moderate,moderate,low,moderate,moderate,red,95.4,4.0,0.6,1.25
14180202,40783007,Troup,Ultisols,5.3,sandy,good,dry,low,moderate,low,red,93.2,5.5,1.3,0.75
14180203,40783009,Bonneau,Ultisols,5.3,sandy,moderate,dry,low,moderate,low,red,94.4,5.0,0.6,1.25
14180204,40783012,Leon,Spodosols,5.1,sandy,poor,wet,moderate,moderate,moderate,grey,96.3,3.0,0.7,2.25
14180205,40783016,Ichetucknee,Alfisols,5.0,sandy,poor,wet,moderate,moderate,low,brown,79.9,3.5,16.6,2.5
14180207,40783020,Alpin,Entisols,5.5,sandy,good,dry,low,moderate,low,brown,92.2,6.5,1.3,1.0
14180208,40783023,Blanton,Ultisols,5.3,sandy,moderate,dry,low,moderate,low,red,95.4,4.0,0.6,0.75
14180209,40783026,Chiefland,Alfisols,6.2,sandy,good,dry,low,moderate,low,brown,96.3,3.0,0.7,1.25
14180210,40783030,Ichetucknee,Alfisols,5.0,sandy,poor,wet,moderate,moderate,low,brown,79.9,3.5,16.6,2.5
14180211,40783033,Sapelo,Spodosols,4.6,sandy,poor,wet,moderate,moderate,low,grey,95.9,3.5,0.6,2.0
14180212,40783037,Pelham,Ultisols,4.6,sandy,poor,wet,moderate,compacted,low,red,94.9,4.5,0.6,1.5
14180213,40783040,Pelham,Ultisols,4.6,sandy,poor,wet,moderate,compacted,low,red,94.9,4.5,0.6,1.5
14180214,40783046,Grifton,Alfisols,5.5,sandy,poor,wet,moderate,moderate,moderate,dark brown,70.9,12.5,16.6,3.0
14180215,40783047,Ocilla,Ultisols,5.0,sandy,poor,wet,moderate,moderate,low,red,83.8,7.0,9.2,1.5
14180217,40783053,Starke,Ultisols,4.8,sandy,poor,wet,high,moderate,high,black,92.7,6.0,1.3,14.5
14180218,40783056,Albany,Ultisols,5.1,sandy,poor,wet,moderate,moderate,low,red,78.1,5.5,16.4,1.5
14180220,40783063,Plummer,Ultisols,4.6,sandy,poor,wet,moderate,moderate,low,red,95.4,4.0,0.6,2.0
14180221,40783064,Surrency,Ultisols,4.6,sandy,poor,wet,high,compacted,low,black,94.4,5.0,0.6,5.5
14180222,40783068,Plummer,Ultisols,4.6,sandy,poor,wet,moderate,moderate,low,red,95.4,4.0,0.6,2.0
14180223,40783070,Mascotte,Spodosols,4.6,sandy,poor,wet,high,moderate,moderate,dark brown,96.8,2.5,0.7,4.5
14180224,40783076,Elloree,Alfisols,5.9,sandy,poor,wet,high,moderate,low,dark brown,78.6,5.0,16.4,5.0
14180225,40783081,Grifton,Alfisols,5.5,sandy,poor,wet,moderate,moderate,moderate,dark brown,70.9,12.5,16.6,3.0
14180226,40783085,Ousley,Entisols,5.3,sandy,moderate,moderate,low,moderate,low,brown,97.3,2.0,0.7,0.25
14180227,40783089,Meggett,Alfisols,5.5,sandy,poor,wet,high,moderate,moderate,dark brown,70.9,12.5,16.6,5.0
14180228,40783091,Fluvaquents,Entisols,6.7,clay,poor,wet,moderate,loose,moderate,brown,22.1,50.0,27.9,2.0
14180229,40783096,Albany,Ultisols,5.1,sandy,poor,wet,moderate,moderate,low,red,93.2,5.5,1.3,1.5
14180230,40783099,Blanton,Ultisols,5.3,sandy,moderate,dry,low,moderate,low,red,95.4,4.0,0.6,0.75
14180231,40783102,Leon,Spodosols,5.1,sandy,poor,wet,moderate,moderate,moderate,grey,96.3,3.0,0.7,2.25
14180232,40783106,Ocilla,Ultisols,5.0,sandy,poor,wet,moderate,moderate,low,red,83.8,7.0,9.2,1.5
14180233,40783109,Osier,Entisols,4.8,sandy,poor,wet,moderate,moderate,low,dark brown,78.1,5.5,16.4,3.5
14180234,40783112,Albany,Ultisols,5.1,sandy,poor,wet,moderate,moderate,low,red,93.2,5.5,1.3,1.5
14180235,40783115,Penney,Entisols,4.8,sandy,good,dry,low,moderate,low,brown,97.9,1.5,0.6,1.0
14180236,40783118,Hurricane,Spodosols,4.8,sandy,poor,wet,low,moderate,low,grey,96.8,2.5,0.7,1.25
14180237,40783122,Centenary,Spodosols,5.5,sandy,moderate,dry,low,moderate,low,grey,94.1,4.5,1.4,0.75
14180238,40783125,Leon,Spodosols,5.1,sandy,poor,wet,moderate,moderate,moderate,grey,96.3,3.0,0.7,2.25
14180239,40783129,Ridgewood,Entisols,5.9,sandy,poor,wet,low,moderate,low,brown,97.3,2.0,0.7,0.75
14180240,40783131,Mandarin,Spodosols,4.8,sandy,poor,wet,moderate,moderate,low,grey,97.9,1.5,0.6,1.75
14180241,40783135,Wesconnett,Spodosols,5.1,sandy,poor,wet,high,moderate,moderate,dark brown,95.4,4.0,0.6,5.0
14180242,40783141,Kingsferry,Spodosols,4.6,sandy,poor,wet,moderate,moderate,moderate,dark brown,95.4,4.0,0.6,3.0
14180243,40783142,Hurricane,Spodosols,4.8,sandy,poor,wet,low,moderate,low,grey,96.8,2.5,0.7,1.25
14180244,40783148,Boulogne,Spodosols,4.8,sandy,poor,wet,moderate,moderate,moderate,dark brown,95.4,4.0,0.6,3.0
14180245,40783151,Pottsburg,Spodosols,5.1,sandy,poor,wet,moderate,moderate,moderate,grey,96.8,2.5,0.7,1.75
14180246,40783155,Ridgeland,Spodosols,5.1,sandy,poor,wet,moderate,moderate,low,grey,94.4,5.0,0.6,2.5
14180247,40783158,Mandarin,Spodosols,4.8,sandy,poor,wet,moderate,moderate,low,grey,97.9,1.5,0.6,1.75
14180248,40783162,Goldhead,Alfisols,6.2,sandy,poor,wet,moderate,moderate,moderate,brown,96.3,3.0,0.7,2.5
14180249,40783167,Mascotte,Spodosols,4.6,sandy,poor,wet,high,moderate,moderate,dark brown,96.8,2.5,0.7,4.5
14180250,40783172,Sapelo,Spodosols,4.6,sandy,poor,wet,moderate,moderate,low,grey,95.9,3.5,0.6,2.0
14180251,40783176,Pelham,Ultisols,4.6,sandy,poor,wet,moderate,compacted,low,red,94.9,4.5,0.6,1.5
14180252,40783179,Chaires,Spodosols,4.6,sandy,poor,wet,moderate,moderate,moderate,dark brown,97.3,2.0,0.7,4.0
14180253,40783184,Hurricane,Spodosols,4.8,sandy,poor,wet,low,moderate,low,grey,96.8,2.5,0.7,1.25
14180254,40783188,Pelham,Ultisols,4.6,sandy,poor,wet,moderate,compacted,low,red,94.9,4.5,0.6,1.5
14180255,40783194,Meadowbrook,Alfisols,5.5,sandy,poor,wet,moderate,moderate,low,brown,97.9,1.5,0.6,2.0
14180260,40783203,Leon,Spodosols,5.1,sandy,poor,wet,moderate,moderate,moderate,grey,96.3,3.0,0.7,2.25
14180261,40783207,Resota,Entisols,5.1,sandy,moderate,dry,low,moderate,low,brown,97.9,1.5,0.6,0.75
14180262,40783208,Leon,Spodosols,5.1,sandy,poor,wet,moderate,moderate,moderate,grey,96.3,3.0,0.7,2.25
14180263,40783212,Fripp,Entisols,6.5,sandy,good,dry,low,moderate,low,brown,96.8,2.5,0.7,0.75
14180264,40783214,Kershaw,Entisols,5.3,sandy,good,dry,low,moderate,low,brown,95.5,3.0,1.5,0.75
14180265,40783215,Beaches,,6.5,sandy,poor,wet,low,compacted,low,brown,98.9,0.5,0.6,0.05
14180266,40783217,Kureb,Entisols,5.5,sandy,good,dry,low,compacted,low,brown,97.9,1.5,0.6,1.25
14180268,40783219,Ortega,Entisols,5.1,sandy,moderate,dry,moderate,moderate,low,brown,97.3,2.0,0.7,1.5
14180269,40783224,Mandarin,Spodosols,4.8,sandy,poor,wet,moderate,moderate,low,grey,97.9,1.5,0.6,1.75
14180270,40783225,Corolla,Entisols,6.7,sandy,poor,wet,low,compacted,low,brown,97.9,1.5,0.6,0.25
14180271,40783226,Goldhead,Alfisols,6.2,sandy,poor,wet,moderate,moderate,moderate,brown,96.3,3.0,0.7,2.5
14180272,40783230,Wesconnett,Spodosols,5.1,sandy,poor,wet,high,moderate,moderate,dark brown,95.4,4.0,0.6,5.0
14180273,40783234,Pelham,Ultisols,4.6,sandy,poor,wet,moderate,compacted,low,red,94.9,4.5,0.6,1.5
14180274,40783237,Hurricane,Spodosols,4.8,sandy,poor,wet,low,moderate,low,grey,96.8,2.5,0.7,1.25
14180275,40783241,Sapelo,Spodosols,4.6,sandy,poor,wet,moderate,moderate,low,grey,95.9,3.5,0.6,2.0
14180277,40783246,Olustee,Spodosols,4.6,sandy,poor,wet,moderate,moderate,low,dark brown,94.9,4.5,0.6,4.0
14180278,40783251,Leon,Spodosols,5.1,sandy,poor,wet,moderate,moderate,moderate,grey,96.3,3.0,0.7,2.25
14180279,40783255,Pelham,Ultisols,4.6,sandy,poor,wet,moderate,compacted,low,red,94.9,4.5,0.6,1.5
14180280,40783258,Fripp,Entisols,6.5,sandy,good,dry,low,moderate,low,brown,96.8,2.5,0.7,0.75
14180281,40783260,Resota,Entisols,5.1,sandy,moderate,dry,low,moderate,low,brown,97.9,1.5,0.6,0.75
14180282,40783261,Kershaw,Entisols,5.3,sandy,good,dry,low,moderate,low,brown,95.5,3.0,1.5,0.75
14180284,40783263,Kureb,Entisols,5.5,sandy,good,dry,low,compacted,low,brown,97.9,1.5,0.6,1.25
14180285,40783264,Ortega,Entisols,5.1,sandy,moderate,dry,moderate,moderate,low,brown,97.3,2.0,0.7,1.5
14180286,40783266,Mandarin,Spodosols,4.8,sandy,poor,wet,moderate,moderate,low,grey,97.9,1.5,0.6,1.75
14180288,40783271,Beaches,,6.5,sandy,poor,wet,low,compacted,low,brown,98.9,0.5,0.6,0.05
14180289,40783273,Leon,Spodosols,5.1,sandy,poor,wet,moderate,moderate,moderate,grey,96.3,3.0,0.7,2.25
14180290,40783277,Goldhead,Alfisols,6.2,sandy,poor,wet,moderate,moderate,moderate,brown,96.3,3.0,0.7,2.5
14180291,40783281,Kingsferry,Spodosols,4.6,sandy,poor,wet,moderate,moderate,moderate,dark brown,95.4,4.0,0.6,3.0
14180292,40783284,Goldhead,Alfisols,6.2,sandy,poor,wet,moderate,moderate,moderate,brown,96.3,3.0,0.7,2.5
14180293,40783288,Ocilla,Ultisols,5.0,sandy,poor,wet,moderate,moderate,low,red,83.8,7.0,9.2,1.5
14180294,40783291,Brookman,Alfisols,5.5,loamy,poor,wet,high,loose,high,black,44.3,15.0,40.7,15.0
14180295,40783294,Meggett,Alfisols,5.5,sandy,poor,wet,high,moderate,moderate,dark brown,70.9,12.5,16.6,5.0
14180296,40783298,Ousley,Entisols,5.3,sandy,moderate,moderate,low,moderate,low,brown,97.3,2.0,0.7,0.25
14180297,40783300,Mandarin,Spodosols,4.8,sandy,poor,wet,moderate,moderate,low,grey,97.9,1.5,0.6,1.75
14180298,40783305,Ellabelle,Ultisols,5.0,sandy,poor,wet,moderate,moderate,low,red,83.5,7.5,9.0,3.0
14180299,40783307,Buccaneer,Mollisols,6.2,clay,poor,wet,high,moderate,high,black,27.6,42.5,29.9,6.0
14180300,40783309,Osier,Entisols,4.8,sandy,poor,wet,moderate,moderate,low,dark brown,78.1,5.5,16.4,3.5
14180302,40783313,Leon,Spodosols,5.1,sandy,poor,wet,moderate,moderate,moderate,grey,96.3,3.0,0.7,2.25
14180304,40783319,Osier,Entisols,4.8,sandy,poor,wet,moderate,moderate,low,dark brown,78.1,5.5,16.4,3.5
14180305,40783322,Mandarin,Spodosols,4.8,sandy,poor,wet,moderate,moderate,low,grey,97.9,1.5,0.6,1.75
14180306,40783326,Wesconnett,Spodosols,5.1,sandy,poor,wet,high,moderate,moderate,dark brown,95.4,4.0,0.6,5.0
14180307,40783330,Stockade,Alfisols,5.5,sandy,poor,wet,high,moderate,high,black,70.9,12.5,16.6,10.5
14180308,40783333,Ousley,Entisols,5.3,sandy,moderate,moderate,low,moderate,low,brown,97.3,2.0,0.7,0.25
14180309,40783338,Sapelo,Spodosols,4.6,sandy,poor,wet,moderate,moderate,low,grey,95.9,3.5,0.6,2.0
14180310,40783339,Albany,Ultisols,5.1,sandy,poor,wet,moderate,moderate,low,red,93.2,5.5,1.3,1.5
14180311,40783342,Penney,Entisols,4.8,sandy,good,dry,low,moderate,low,brown,97.9,1.5,0.6,1.0
14180312,40783345,Surrency,Ultisols,4.6,sandy,poor,wet,high,compacted,low,black,94.4,5.0,0.6,5.5
14180314,40783352,Ortega,Entisols,5.1,sandy,moderate,dry,moderate,moderate,low,brown,97.3,2.0,0.7,1.5
14180315,40783354,Centenary,Spodosols,5.5,sandy,moderate,dry,low,moderate,low,grey,94.9,4.5,0.6,0.75
14180316,40783357,Goldhead,Alfisols,6.2,sandy,poor,wet,moderate,moderate,moderate,brown,96.3,3.0,0.7,2.5
14180317,40783361,Ellabelle,Ultisols,5.0,sandy,poor,wet,moderate,moderate,low,red,83.5,7.5,9.0,3.0
14180318,40783364,Leon,Spodosols,5.1,sandy,poor,wet,moderate,moderate,moderate,grey,96.3,3.0,0.7,2.25
14180319,40783368,Meadowbrook,Alfisols,5.5,sandy,poor,wet,moderate,moderate,low,brown,97.9,1.5,0.6,2.0
14180320,40783372,Sapelo,Spodosols,4.6,sandy,poor,wet,moderate,moderate,low,grey,95.9,3.5,0.6,2.0
14180321,40783376,Albany,Ultisols,5.1,sandy,poor,wet,moderate,moderate,low,red,93.2,5.5,1.3,1.5
14180322,40783379,Orangeburg,Ultisols,5.3,sandy-loam,good,dry,low,moderate,low,red,66.0,11.0,23.0,1.25
14180323,40783383,Dothan,Ultisols,5.3,sandy,good,dry,low,moderate,low,red,81.1,10.0,8.9,0.25
14180325,40783390,Lucy,Ultisols,5.6,sandy,good,dry,low,moderate,moderate,red,84.3,6.5,9.2,0.75
14180326,40783395,Orangeburg,Ultisols,5.3,sandy-loam,good,dry,low,moderate,low,red,66.0,11.0,23.0,1.25
14180327,40783397,Meggett,Alfisols,5.5,sandy,poor,wet,high,moderate,moderate,dark brown,70.9,12.5,16.6,5.0
14180328,40783400,Greenville,Ultisols,5.3,sandy-loam,good,dry,low,moderate,moderate,red,67.9,12.5,19.6,1.25
14180329,40783402,Bibb,Entisols,4.6,sandy-loam,poor,wet,moderate,compacted,moderate,brown,66.9,10.0,23.1,2.0
14180330,40783404,Orangeburg,Ultisols,5.3,sandy-loam,good,dry,low,moderate,low,red,66.0,11.0,23.0,1.25
14180331,40783408,Troup,Ultisols,5.3,sandy,good,dry,low,moderate,moderate,red,83.8,7.0,9.2,0.75
14180332,40783410,Lucy,Ultisols,5.6,sandy,good,dry,low,moderate,moderate,red,84.3,6.5,9.2,0.75
14180334,40783414,Albany,Ultisols,5.1,sandy,poor,wet,moderate,moderate,low,red,78.1,5.5,16.4,1.5
14180335,40783417,Lakeland,Entisols,5.3,sandy,good,dry,low,moderate,low,brown,93.6,5.0,1.4,0.75
14180336,40783419,Dothan,Ultisols,5.3,sandy,good,dry,low,moderate,low,red,81.1,10.0,8.9,0.25
14180338,40783424,Pantego,Ultisols,4.6,sandy-loam,poor,wet,high,moderate,moderate,black,66.9,10.0,23.1,7.0
14180340,40783430,Albany,Ultisols,5.1,sandy,poor,wet,moderate,moderate,low,red,78.1,5.5,16.4,1.5
14180341,40783433,Plummer,Ultisols,4.6,sandy,poor,wet,high,moderate,low,black,78.1,5.5,16.4,8.0
14180342,40783436,Plummer,Ultisols,4.6,sandy,poor,wet,moderate,moderate,low,red,78.1,5.5,16.4,2.0
14180343,40783438,Pickney,Inceptisols,4.6,sandy,poor,wet,high,moderate,low,black,77.7,6.0,16.3,9.0
14180344,40783440,Pickney,Inceptisols,4.6,sandy,poor,wet,high,moderate,low,black,77.7,6.0,16.3,9.0
14180345,40783442,Garcon,Ultisols,5.0,sandy,poor,wet,moderate,moderate,moderate,red,78.1,5.5,16.4,2.0
14180347,40783448,Ortega,Entisols,5.1,sandy,moderate,dry,moderate,moderate,low,brown,97.3,2.0,0.7,1.5
14180348,40783450,Bibb,Entisols,4.6,sandy-loam,poor,wet,moderate,compacted,moderate,brown,66.9,10.0,23.1,2.0
14180349,40783452,Meggett,Alfisols,5.5,sandy,poor,wet,high,moderate,moderate,dark brown,70.9,12.5,16.6,5.0
14180350,40783456,Brickyard,Inceptisols,6.5,clay,poor,wet,high,loose,high,black,15.2,49.0,35.8,14.0
14180352,40783462,Leon,Spodosols,5.1,sandy,poor,wet,moderate,moderate,moderate,grey,96.3,3.0,0.7,2.25
14180353,40783466,Pomello,Spodosols,5.3,sandy,moderate,dry,low,moderate,low,grey,98.4,1.0,0.6,0.75
14180354,40783472,Myakka,Spodosols,5.1,sandy,poor,wet,moderate,moderate,moderate,dark brown,97.3,2.0,0.7,3.5
14180355,40783475,Immokalee,Spodosols,4.8,sandy,poor,wet,moderate,moderate,low,grey,96.3,3.0,0.7,1.5
14180356,40783477,Tavares,Entisols,4.8,sandy,moderate,moderate,low,moderate,low,brown,97.3,2.0,0.7,1.25
14180357,40783479,Cassia,Spodosols,5.3,sandy,poor,wet,low,moderate,low,grey,96.8,2.5,0.7,0.75
14180359,40783483,Waveland,Spodosols,5.5,sandy,poor,wet,moderate,moderate,low,grey,98.9,0.5,0.6,2.0
14180360,40783489,Zolfo,Spodosols,5.9,sandy,poor,wet,low,moderate,moderate,grey,96.3,3.0,0.7,0.75
14180361,40783492,Immokalee,Spodosols,4.8,sandy,poor,wet,moderate,moderate,low,grey,96.3,3.0,0.7,1.5
14180362,40783496,Archbold,Entisols,5.1,sandy,moderate,dry,low,moderate,low,brown,98.9,0.5,0.6,0.75
14180363,40783498,Basinger,Entisols,5.5,sandy,poor,wet,high,moderate,low,dark brown,97.3,2.0,0.7,4.5
14180364,40783502,Myakka,Spodosols,5.1,sandy,poor,wet,moderate,moderate,moderate,dark brown,97.3,2.0,0.7,3.5
14180365,40783507,Paola,Entisols,5.5,sandy,good,dry,low,moderate,low,brown,98.4,1.0,0.6,0.25
14180367,40783509,Adamsville,Entisols,6.2,sandy,poor,wet,low,moderate,low,brown,94.9,4.5,0.6,1.25
14180368,40783511,Tavares,Entisols,4.8,sandy,moderate,moderate,low,moderate,low,brown,97.3,2.0,0.7,1.25
14180369,40783513,Astatula,Entisols,5.5,sandy,good,dry,low,moderate,low,brown,97.3,2.0,0.7,1.25
14180370,40783515,Pomello,Spodosols,5.3,sandy,moderate,dry,low,moderate,low,grey,98.4,1.0,0.6,0.75
14180371,40783518,Satellite,Entisols,6.2,sandy,poor,wet,low,moderate,low,brown,96.5,2.0,1.5,1.25
14180372,40783520,Salerno,Spodosols,5.5,sandy,poor,wet,moderate,moderate,low,grey,97.3,2.0,0.7,2.5
14180374,40783525,Palm Beach,Entisols,7.9,sandy,good,dry,moderate,moderate,low,pale,97.5,1.0,1.5,3.0
14180375,40783527,Kesson,Entisols,8.2,sandy,poor,wet,moderate,moderate,moderate,brown,96.8,2.5,0.7,2.0
14180376,40783531,St. Augustine,Entisols,7.3,sandy,poor,wet,moderate,moderate,low,brown,98.4,1.0,0.6,2.0
14180378,40783534,Canaveral,Entisols,7.5,sandy,moderate,dry,low,moderate,low,brown,97.5,1.0,1.5,1.0
14180381,40783537,Paola,Entisols,5.5,sandy,good,dry,low,moderate,low,brown,98.4,1.0,0.6,0.25
14180382,40783541,Beaches,,6.5,sandy,poor,wet,low,compacted,low,brown,97.9,0.5,1.6,0.05
14180383,40783542,Wauchula,Spodosols,4.6,sandy,poor,wet,moderate,moderate,moderate,grey,98.4,1.0,0.6,2.0
14180384,40783548,Wabasso,Spodosols,5.1,sandy,poor,wet,moderate,moderate,low,grey,96.3,3.0,0.7,2.5
14180385,40783554,Myakka,Spodosols,5.1,sandy,poor,wet,moderate,moderate,moderate,dark brown,97.3,2.0,0.7,3.5
14180386,40783561,Popash,Alfisols,5.1,sandy,poor,wet,high,moderate,high,black,90.9,8.0,1.1,9.0
14180387,40783562,Basinger,Entisols,6.0,sandy,poor,wet,low,moderate,low,brown,97.3,2.0,0.7,1.25
14180388,40783566,Malabar,Alfisols,6.8,sandy,poor,wet,moderate,moderate,low,brown,97.3,2.0,0.7,2.5
14180389,40783571,Pomona,Spodosols,4.8,sandy,poor,wet,moderate,moderate,moderate,grey,95.9,3.5,0.6,2.5
14180392,40783577,Newnan,Spodosols,4.8,sandy,poor,wet,moderate,moderate,low,grey,96.8,2.5,0.7,1.5
14180393,40783582,Popash,Alfisols,5.1,sandy,poor,wet,high,moderate,high,black,90.9,8.0,1.1,9.0
14180394,40783588,EauGallie,Spodosols,5.3,sandy,poor,wet,high,moderate,low,dark brown,96.8,2.5,0.7,5.0
14180396,40783592,Tuscawilla,Alfisols,7.0,sandy,poor,wet,moderate,moderate,low,brown,96.3,3.0,0.7,2.0
14180397,40783600,Winder,Alfisols,6.7,sandy,poor,wet,low,moderate,low,brown,95.9,3.5,0.6,1.05
14180398,40783601,Felda,Alfisols,6.5,sandy,poor,wet,moderate,moderate,low,brown,97.3,2.0,0.7,2.5
14180399,40783605,Chobee,Mollisols,6.2,sandy,poor,wet,high,moderate,high,black,94.4,5.0,0.6,15.0
14180400,40783608,Eureka,Alfisols,5.0,sandy,poor,wet,moderate,moderate,low,brown,95.9,3.5,0.6,2.5
14180401,40783611,EauGallie,Spodosols,5.3,sandy,poor,wet,high,moderate,low,dark brown,96.8,2.5,0.7,5.0
14180402,40783616,Paisley,Alfisols,5.5,sandy,poor,wet,moderate,moderate,moderate,brown,94.4,5.0,0.6,2.5
14180403,40783618,Bradenton,Alfisols,6.2,sandy,poor,wet,high,moderate,moderate,dark brown,95.9,3.5,0.6,5.0
14180404,40783623,Wabasso,Spodosols,5.1,sandy,poor,wet,moderate,moderate,low,grey,96.3,3.0,0.7,2.5
14180405,40783629,Moultrie,Entisols,7.3,sandy,poor,wet,moderate,moderate,low,brown,98.4,1.0,0.6,1.5
14180407,40783632,Pineda,Alfisols,5.9,sandy,poor,wet,moderate,moderate,low,dark brown,95.9,3.5,0.6,3.25
14180408,40783636,Floridana,Mollisols,6.5,sandy,poor,wet,high,moderate,moderate,black,92.2,6.5,1.3,10.5
14180409,40783639,Riviera,Alfisols,5.9,sandy,poor,wet,low,moderate,low,brown,95.9,3.5,0.6,1.05
14180410,40783643,Riviera,Alfisols,5.9,sandy,poor,wet,low,moderate,low,brown,95.9,3.5,0.6,1.05
14180411,40783647,Placid,Inceptisols,4.6,sandy,poor,wet,high,moderate,high,black,94.4,5.0,0.6,6.0
14180413,40783651,Delray,Mollisols,6.5,sandy,poor,wet,high,moderate,high,black,94.4,5.0,0.6,9.0
14180414,40783655,Malabar,Alfisols,6.8,sandy,poor,wet,moderate,moderate,low,brown,97.3,2.0,0.7,2.5
14180415,40783663,Basinger,Entisols,6.0,sandy,poor,wet,low,moderate,low,brown,97.3,2.0,0.7,1.25
14180416,40783664,St. Johns,Spodosols,4.6,sandy,poor,wet,moderate,moderate,moderate,dark brown,96.8,2.5,0.7,3.0
14180418,40783670,Winder,Alfisols,6.7,sandy,poor,wet,low,moderate,low,brown,95.9,3.5,0.6,1.05
14180420,40783678,Isles,Alfisols,6.2,sandy,poor,wet,moderate,moderate,low,brown,97.9,1.5,0.6,1.5
14180421,40783681,Pompano,Entisols,6.2,sandy,poor,wet,moderate,moderate,low,dark brown,96.8,2.5,0.7,3.0
14180422,40783682,Monteocha,Spodosols,4.6,sandy,poor,wet,high,loose,high,black,78.9,4.5,16.6,7.5
14180423,40783686,Floridana,Mollisols,6.5,sandy,poor,wet,high,moderate,moderate,black,92.2,6.5,1.3,5.0
14180424,40783690,Basinger,Entisols,5.5,sandy,poor,wet,high,loose,high,black,95.9,3.5,0.6,14.0
14180426,40783694,Placid,Inceptisols,4.6,sandy,poor,wet,high,moderate,high,black,94.4,5.0,0.6,6.0
14180427,40783697,Felda,Alfisols,6.5,sandy,poor,wet,moderate,moderate,low,brown,97.3,2.0,0.7,2.5
14180428,40783699,Ona,Spodosols,4.8,sandy,poor,wet,moderate,moderate,moderate,dark brown,95.4,4.0,0.6,3.0
14180429,40783702,Basinger,Entisols,6.0,sandy,poor,wet,low,moderate,low,brown,97.3,2.0,0.7,1.25
14180431,40783709,EauGallie,Spodosols,5.3,sandy,poor,wet,high,moderate,low,dark brown,96.8,2.5,0.7,5.0
14180432,40783712,Immokalee,Spodosols,4.8,sandy,poor,wet,moderate,moderate,low,grey,96.3,3.0,0.7,1.5
14180433,40783716,Adamsville,Entisols,6.2,sandy,poor,wet,low,moderate,low,brown,94.9,4.5,0.6,1.25
14180434,40783719,Smyrna,Spodosols,5.5,sandy,poor,wet,moderate,moderate,low,dark brown,95.9,3.5,0.6,3.0
14180435,40783721,Sellers,Inceptisols,4.6,sandy,poor,wet,high,moderate,high,black,93.2,5.5,1.3,7.5
14180436,40783724,Myakka,Spodosols,5.1,sandy,poor,wet,moderate,moderate,moderate,dark brown,97.3,2.0,0.7,3.5
14180447,40783749,Floridana,Mollisols,6.5,sandy,poor,wet,high,moderate,moderate,black,92.2,6.5,1.3,10.5
14180451,40783766,EauGallie,Spodosols,5.3,sandy,poor,wet,high,moderate,low,dark brown,96.8,2.5,0.7,5.0
14180452,40783769,EauGallie,Spodosols,5.3,sandy,poor,wet,high,moderate,low,dark brown,96.8,2.5,0.7,5.0
14180453,40783775,Boca,Alfisols,6.8,sandy,poor,wet,moderate,moderate,low,brown,96.3,3.0,0.7,2.0
14180454,40783780,Copeland,Mollisols,6.7,sandy,poor,wet,moderate,moderate,moderate,black,91.3,7.5,1.2,4.0
14180455,40783789,Wabasso,Spodosols,5.1,sandy,poor,wet,moderate,moderate,low,grey,95.9,3.5,0.6,2.5
14180458,40783794,Riviera,Alfisols,5.9,sandy,poor,wet,low,moderate,low,brown,95.9,3.5,0.6,1.05
14180459,40783800,Wabasso,Spodosols,5.1,sandy,poor,wet,moderate,moderate,low,grey,96.3,3.0,0.7,2.5
14180460,40783804,Hallandale,Entisols,5.8,sandy,poor,wet,moderate,moderate,low,brown,97.9,1.5,0.6,1.5
14180461,40783807,Pineda,Alfisols,5.9,sandy,poor,wet,moderate,moderate,low,dark brown,95.9,3.5,0.6,3.25
14180463,40783813,Pineda,Alfisols,6.1,sandy,poor,wet,moderate,moderate,low,brown,97.3,2.0,0.7,1.5
14180464,40783816,St. Lucie,Entisols,5.5,sandy,good,dry,low,moderate,low,brown,98.9,0.5,0.6,0.5
14180465,40783818,Udorthents,Entisols,7.9,sandy,poor,wet,unknown,moderate,low,brown,95.5,3.0,1.5,
14180467,40783821,Palm Beach,Entisols,7.9,sandy,good,dry,moderate,moderate,low,pale,97.5,1.0,1.5,3.0
14180470,40783829,Neilhurst,Entisols,5.3,sandy,unknown,dry,low,compacted,low,brown,97.0,1.5,1.5,0.5
14180472,40783830,Matlacha,Entisols,7.0,sandy,poor,wet,unknown,compacted,low,brown,92.9,5.5,1.6,
14180474,40783834,Arents,Entisols,7.5,sandy,poor,wet,unknown,moderate,low,brown,93.2,5.5,1.3,
14180475,40783837,Arents,Entisols,7.5,sandy,poor,wet,low,moderate,low,brown,92.9,5.5,1.6,0.25
14180476,40783840,Hydraquents,Entisols,8.2,clay,poor,wet,low,loose,high,brown,8.2,72.5,19.3,0.75
14180477,40783841,Matlacha,Entisols,7.0,sandy,poor,wet,unknown,compacted,low,brown,93.2,5.5,1.3,
14180479,40783846,Mckee,Entisols,7.3,clay,poor,wet,high,loose,moderate,black,24.1,47.0,28.9,17.5
14180480,40783849,Peckish,Entisols,6.0,sandy,poor,wet,unknown,moderate,high,brown,97.3,2.0,0.7,
14180481,40783853,Kesson,Entisols,8.2,sandy,poor,wet,moderate,moderate,moderate,brown,96.0,2.5,1.5,2.0
14180487,40783868,Pellicer,Entisols,7.3,silty,poor,wet,high,loose,high,black,16.9,35.0,48.1,20.0
14180488,40783871,Pomello,Spodosols,5.3,sandy,moderate,dry,low,moderate,low,grey,98.4,1.0,0.6,0.75
14180489,40783877,Wabasso,Spodosols,5.1,sandy,poor,wet,moderate,moderate,low,grey,96.3,3.0,0.7,2.5
14180490,40783880,St. Augustine,Entisols,7.3,sandy,poor,wet,moderate,moderate,low,brown,98.4,1.0,0.6,2.0
14180492,40783886,Basinger,Entisols,6.0,sandy,poor,wet,low,moderate,low,brown,97.3,2.0,0.7,1.25
14180493,40783887,Myakka,Spodosols,5.1,sandy,poor,wet,moderate,moderate,moderate,dark brown,97.3,2.0,0.7,3.5
14180494,40783891,Smyrna,Spodosols,5.5,sandy,poor,wet,moderate,moderate,low,dark brown,95.9,3.5,0.6,3.0
14180496,40783894,Orsino,Entisols,4.8,sandy,moderate,dry,low,moderate,low,brown,98.9,0.5,0.6,0.5
14180497,40783897,Millhopper,Ultisols,5.5,sandy,moderate,moderate,low,compacted,low,red,94.4,5.0,0.6,1.25
14180498,40783900,Astatula,Entisols,5.5,sandy,good,dry,low,moderate,low,brown,97.3,2.0,0.7,1.25
14180499,40783902,Lake,Entisols,5.0,sandy,good,dry,low,moderate,low,brown,97.3,2.0,0.7,0.75
14180500,40783903,Apopka,Ultisols,5.3,sandy,good,dry,low,moderate,low,red,97.9,1.5,0.6,1.0
14180501,40783906,Paola,Entisols,5.5,sandy,good,dry,low,moderate,low,brown,98.4,1.0,0.6,0.25
14180502,40783908,Satellite,Entisols,6.2,sandy,poor,wet,low,moderate,low,brown,97.3,2.0,0.7,1.25
14180503,40783910,Tavares,Entisols,4.8,sandy,moderate,moderate,low,moderate,low,brown,97.3,2.0,0.7,1.25
14180504,40783912,Candler,Entisols,5.3,sandy,good,dry,low,moderate,low,brown,97.0,1.5,1.5,1.25
14180505,40783916,Orsino,Entisols,4.8,sandy,moderate,dry,low,moderate,low,brown,98.9,0.5,0.6,0.5
14180506,40783919,Astatula,Entisols,5.5,sandy,good,dry,low,moderate,low,brown,97.3,2.0,0.7,1.25
14180507,40783921,Satellite,Entisols,6.2,sandy,poor,wet,low,moderate,low,brown,97.3,2.0,0.7,1.25
14180508,40783923,Placid,Inceptisols,4.6,sandy,poor,wet,high,moderate,high,black,94.4,5.0,0.6,6.0
14180509,40783925,Daytona,Spodosols,4.8,sandy,moderate,dry,low,moderate,low,grey,97.0,1.5,1.5,0.75
14180510,40783928,Apopka,Ultisols,5.3,sandy,good,dry,low,moderate,low,red,97.9,1.5,0.6,1.0
14180511,40783930,Myakka,Spodosols,5.1,sandy,poor,wet,moderate,moderate,moderate,dark brown,97.3,2.0,0.7,3.5
14180512,40783934,Immokalee,Spodosols,4.8,sandy,poor,wet,moderate,moderate,low,grey,96.3,3.0,0.7,1.5
14180513,40783939,Tavares,Entisols,4.8,sandy,moderate,moderate,low,moderate,low,brown,97.3,2.0,0.7,1.25
14180514,40783940,Pomello,Spodosols,5.3,sandy,moderate,dry,low,moderate,low,grey,98.4,1.0,0.6,0.75
14180515,40783944,Archbold,Entisols,5.1,sandy,moderate,dry,low,moderate,low,brown,98.9,0.5,0.6,0.75
14180517,40783945,Paola,Entisols,5.5,sandy,good,dry,low,moderate,low,brown,98.4,1.0,0.6,0.25
14180519,40783950,Manatee,Mollisols,6.7,sandy,poor,wet,high,moderate,high,black,78.6,5.0,16.4,7.0
14180520,40783956,Floridana,Mollisols,6.5,sandy,poor,wet,high,moderate,moderate,black,92.2,6.5,1.3,10.5
14180523,40783961,Bradenton,Alfisols,6.2,sandy,poor,wet,high,moderate,moderate,dark brown,95.9,3.5,0.6,5.0
14180524,40783966,Nittaw,Mollisols,6.5,sandy-loam,poor,wet,high,compacted,moderate,black,60.2,21.5,18.3,10.0
14180525,40783970,Bradenton,Alfisols,6.2,sandy,poor,wet,high,moderate,moderate,dark brown,95.9,3.5,0.6,5.0
14180526,40783975,Felda,Alfisols,6.5,sandy,poor,wet,moderate,moderate,low,brown,97.3,2.0,0.7,2.5
14180527,40783978,Astor,Mollisols,7.3,sandy,poor,wet,high,moderate,high,black,94.9,4.5,0.6,12.0
14180528,40783980,Bluff,Mollisols,6.5,sandy-loam,poor,wet,high,loose,high,black,55.5,30.0,14.5,8.0
14180529,40783984,Chobee,Mollisols,6.7,sandy,poor,wet,high,moderate,moderate,black,70.1,13.5,16.4,4.5
14180530,40783987,Bonneau,Ultisols,5.3,sandy,moderate,dry,low,moderate,low,red,94.4,5.0,0.6,1.25
14180531,40783990,Tavares,Entisols,4.8,sandy,moderate,moderate,low,moderate,low,brown,97.3,2.0,0.7,1.25
14180532,40783995,Lochloosa,Ultisols,5.0,sandy,poor,wet,moderate,moderate,moderate,red,91.7,7.0,1.3,2.5
14180533,40783997,Otela,Alfisols,5.9,sandy,moderate,moderate,low,moderate,low,brown,96.8,2.5,0.7,1.25
14180534,40784000,Kendrick,Ultisols,5.3,sandy,good,dry,low,moderate,low,red,95.4,4.0,0.6,1.0
14180535,40784004,Arredondo,Ultisols,5.3,sandy,good,dry,low,moderate,low,red,95.4,4.0,0.6,1.0
14180536,40784008,Kanapaha,Ultisols,5.3,sandy,poor,wet,moderate,moderate,low,red,95.4,4.0,0.6,2.25
14180538,40784013,Gainesville,Entisols,5.5,sandy,good,dry,moderate,moderate,low,dark brown,91.7,7.0,1.3,3.0
14180539,40784014,Ft. Green,Alfisols,5.5,sandy,poor,wet,high,moderate,moderate,dark brown,95.9,3.5,0.6,4.5
14180540,40784019,Sparr,Ultisols,5.1,sandy,poor,wet,moderate,moderate,moderate,red,96.3,3.0,0.7,1.75
14180541,40784024,Arredondo,Ultisols,5.3,sandy,good,dry,low,moderate,low,red,95.4,4.0,0.6,1.0
14180542,40784029,Bivans,Alfisols,5.1,sandy,poor,wet,moderate,moderate,moderate,brown,82.2,8.5,9.3,2.5
14180544,40784033,Millhopper,Ultisols,5.5,sandy,moderate,moderate,low,compacted,low,red,94.4,5.0,0.6,1.25
14180545,40784036,Arredondo,Ultisols,5.3,sandy,good,dry,low,moderate,low,red,95.4,4.0,0.6,1.0
14180546,40784040,Jonesville,Alfisols,5.8,sandy,good,dry,low,moderate,low,brown,95.4,4.0,0.6,1.25
14180547,40784044,Mabel,Alfisols,5.9,sandy,poor,wet,moderate,moderate,moderate,brown,94.4,5.0,0.6,2.5
14180548,40784049,Broward,Entisols,7.0,sandy,poor,wet,low,moderate,low,brown,94.4,5.0,0.6,0.75
14180549,40784052,Adamsville,Entisols,6.2,sandy,poor,wet,low,moderate,low,brown,94.9,4.5,0.6,1.25
14180550,40784056,Boca,Alfisols,6.8,sandy,poor,wet,moderate,moderate,low,brown,96.3,3.0,0.7,2.0
14180551,40784061,Aripeka,Alfisols,6.7,sandy,poor,wet,moderate,moderate,low,dark brown,95.4,4.0,0.6,3.0
14180552,40784064,Seaboard,Entisols,5.6,sandy,moderate,dry,low,moderate,low,brown,97.9,1.5,0.6,1.25
14180553,40784066,Shadeville,Alfisols,5.9,sandy,moderate,moderate,low,moderate,low,brown,92.7,6.0,1.3,1.25
14180554,40784071,Redlevel,Entisols,6.5,sandy,poor,wet,low,moderate,low,brown,97.9,1.5,0.6,1.25
14180555,40784074,Blichton,Ultisols,5.3,sandy,poor,wet,moderate,moderate,low,red,91.1,7.0,1.9,2.5
14180556,40784079,Myakka,Spodosols,5.1,sandy,poor,wet,moderate,moderate,moderate,dark brown,97.3,2.0,0.7,3.5
14180557,40784083,Pedro,Alfisols,5.8,sandy,good,dry,low,moderate,low,brown,96.3,3.0,0.7,1.25
14180558,40784091,Nobleton,Ultisols,5.3,sandy,poor,wet,moderate,moderate,low,red,91.3,7.5,1.2,2.0
14180559,40784092,Otela,Alfisols,5.3,sandy,moderate,moderate,low,moderate,low,brown,95.9,3.5,0.6,1.25
14180561,40784095,Chobee,Mollisols,6.7,sandy,poor,wet,high,moderate,moderate,black,70.1,13.5,16.4,4.5
14180562,40784098,Matmon,Alfisols,6.2,sandy,poor,wet,moderate,moderate,low,dark brown,95.9,3.5,0.6,3.5
14180563,40784101,Moriah,Alfisols,4.3,sandy,poor,wet,low,moderate,low,brown,96.3,3.0,0.7,1.25
14180564,40784106,Cracker,Mollisols,6.7,clay,poor,wet,high,loose,moderate,black,28.1,42.5,29.4,20.0
14180567,40784115,Homosassa,Entisols,7.0,sandy-loam,poor,wet,high,moderate,high,black,69.6,14.0,16.4,12.5
14180568,40784118,Tidewater,Entisols,6.7,clay,poor,wet,high,loose,moderate,black,28.1,42.5,29.4,20.0
14180570,40784122,Hallandale,Entisols,5.8,sandy,poor,wet,moderate,moderate,low,brown,97.9,1.5,0.6,1.5
14180571,40784125,Arents,Entisols,7.5,sandy,poor,wet,unknown,moderate,low,brown,92.9,5.5,1.6,
14180573,40784131,Waveland,Spodosols,5.5,sandy,poor,wet,moderate,moderate,low,grey,97.9,0.5,1.6,2.0
14180574,40784137,Lawnwood,Spodosols,5.1,sandy,poor,wet,moderate,moderate,low,grey,97.5,1.0,1.5,2.0
14180575,40784142,Basinger,Entisols,6.0,sandy,poor,wet,low,moderate,low,brown,96.5,2.0,1.5,1.25
14180576,40784146,Zolfo,Spodosols,5.9,sandy,poor,wet,low,moderate,moderate,grey,95.5,3.0,1.5,0.75
14180577,40784149,Immokalee,Spodosols,4.8,sandy,poor,wet,moderate,moderate,low,grey,95.5,3.0,1.5,1.5
14180578,40784153,Salerno,Spodosols,5.5,sandy,poor,wet,moderate,moderate,low,grey,96.5,2.0,1.5,2.5
14180579,40784157,Myakka,Spodosols,5.1,sandy,poor,wet,moderate,moderate,moderate,dark brown,96.5,2.0,1.5,3.5
14180580,40784161,Pepper,Spodosols,4.8,sandy,poor,wet,moderate,moderate,low,grey,97.5,1.0,1.5,2.5
14180581,40784166,Pepper,Spodosols,4.8,sandy,poor,wet,moderate,moderate,low,grey,97.5,1.0,1.5,2.5
14180582,40784171,Malabar,Alfisols,6.8,sandy,poor,wet,moderate,moderate,low,brown,96.5,2.0,1.5,2.5
14180583,40784176,Millhopper,Ultisols,5.5,sandy,moderate,moderate,low,compacted,low,red,94.4,5.0,0.6,1.25
14180584,40784179,Tavares,Entisols,4.8,sandy,moderate,moderate,low,moderate,low,brown,97.3,2.0,0.7,1.25
14180585,40784181,Candler,Entisols,5.3,sandy,good,dry,low,moderate,low,brown,97.9,1.5,0.6,1.25
14180586,40784185,Astatula,Entisols,5.5,sandy,good,dry,low,moderate,low,brown,97.3,2.0,0.7,1.25
14180587,40784187,Basinger,Entisols,6.0,sandy,poor,wet,low,moderate,low,brown,97.3,2.0,0.7,1.25
14180588,40784191,Lake,Entisols,5.0,sandy,good,dry,low,moderate,low,brown,97.3,2.0,0.7,0.75
14180589,40784192,Tavares,Entisols,4.8,sandy,moderate,moderate,low,moderate,low,brown,97.3,2.0,0.7,1.25
14180590,40784197,Arredondo,Ultisols,5.3,sandy,good,dry,low,moderate,low,red,95.4,4.0,0.6,1.0
14180591,40784201,Candler,Entisols,5.3,sandy,good,dry,low,moderate,low,brown,97.9,1.5,0.6,1.25
14180592,40784202,Adamsville,Entisols,6.2,sandy,poor,wet,low,moderate,low,brown,94.9,4.5,0.6,1.25
14180593,40784204,Apopka,Ultisols,5.3,sandy,good,dry,low,moderate,low,red,97.9,1.5,0.6,1.0
14180594,40784206,Sparr,Ultisols,5.1,sandy,poor,wet,moderate,moderate,moderate,red,96.3,3.0,0.7,1.75
14180595,40784211,Candler,Entisols,5.3,sandy,good,dry,low,moderate,low,brown,97.9,1.5,0.6,1.25
14180596,40784215,Myakka,Spodosols,5.1,sandy,poor,wet,moderate,moderate,moderate,dark brown,97.3,2.0,0.7,3.5
14180597,40784219,Kendrick,Ultisols,5.3,sandy,good,dry,low,moderate,low,red,95.4,4.0,0.6,1.0
14180598,40784223,Astatula,Entisols,5.5,sandy,good,dry,low,moderate,low,brown,97.3,2.0,0.7,1.25
14180600,40784226,Paola,Entisols,5.5,sandy,good,dry,low,moderate,low,brown,98.4,1.0,0.6,0.25
14180601,40784229,Placid,Inceptisols,4.6,sandy,poor,wet,high,moderate,high,black,94.4,5.0,0.6,6.0
14180602,40784233,Kendrick,Ultisols,5.3,sandy,good,dry,low,moderate,low,red,95.4,4.0,0.6,1.0
14180603,40784235,Kanapaha,Ultisols,5.3,sandy,poor,wet,moderate,moderate,low,red,95.4,4.0,0.6,2.25
14180604,40784240,Lochloosa,Ultisols,5.0,sandy,poor,wet,moderate,moderate,moderate,red,91.7,7.0,1.3,2.5
14180605,40784245,Gainesville,Entisols,5.5,sandy,good,dry,moderate,moderate,low,dark brown,91.7,7.0,1.3,3.0
14180606,40784246,Candler,Entisols,5.3,sandy,good,dry,low,moderate,low,brown,97.9,1.5,0.6,1.25
14180607,40784250,Kendrick,Ultisols,5.3,sandy,good,dry,low,moderate,low,red,95.4,4.0,0.6,1.0
14180608,40784254,Tavares,Entisols,4.8,sandy,moderate,moderate,low,moderate,low,brown,97.3,2.0,0.7,1.25
14180609,40784256,Millhopper,Ultisols,5.5,sandy,moderate,moderate,low,compacted,low,red,94.4,5.0,0.6,1.25
14180610,40784259,Jonesville,Alfisols,5.8,sandy,good,dry,low,moderate,low,brown,95.4,4.0,0.6,1.25
14180611,40784263,Arredondo,Ultisols,5.3,sandy,good,dry,low,moderate,low,red,95.4,4.0,0.6,1.0
14180612,40784267,Adamsville,Entisols,6.2,sandy,poor,wet,low,moderate,low,brown,94.9,4.5,0.6,1.25
14180613,40784269,Sparr,Ultisols,5.1,sandy,poor,wet,moderate,moderate,moderate,red,96.3,3.0,0.7,1.75
14180614,40784278,Blichton,Ultisols,5.3,sandy,poor,wet,moderate,moderate,low,red,91.1,7.0,1.9,2.5
14180615,40784279,Tavares,Entisols,4.8,sandy,moderate,moderate,low,moderate,low,brown,97.3,2.0,0.7,1.25
14180616,40784282,Myakka,Spodosols,5.1,sandy,poor,wet,moderate,moderate,moderate,dark brown,97.3,2.0,0.7,3.5
14180617,40784287,Arredondo,Ultisols,5.3,sandy,good,dry,low,moderate,low,red,95.4,4.0,0.6,1.0
14180618,40784289,Arredondo,Ultisols,5.3,sandy,good,dry,low,moderate,low,red,95.4,4.0,0.6,1.0
14180619,40784293,Millhopper,Ultisols,5.5,sandy,moderate,moderate,low,compacted,low,red,94.4,5.0,0.6,1.25
14180620,40784296,Wauchula,Spodosols,4.6,sandy,poor,wet,moderate,moderate,moderate,grey,98.4,1.0,0.6,2.0
14180621,40784302,Fellowship,Alfisols,5.3,sandy,poor,wet,moderate,moderate,moderate,dark brown,83.8,7.0,9.2,3.5
14180622,40784307,Boardman,Alfisols,5.3,sandy,poor,wet,low,moderate,low,brown,92.9,5.5,1.6,1.25
14180623,40784313,Flemington,Alfisols,4.8,sandy,poor,wet,moderate,moderate,moderate,dark brown,83.8,7.0,9.2,3.5
14180624,40784317,Kendrick,Ultisols,5.3,sandy,good,dry,low,moderate,low,red,95.4,4.0,0.6,1.0
14180625,40784325,Lochloosa,Ultisols,5.0,sandy,poor,wet,moderate,moderate,moderate,red,91.7,7.0,1.3,2.5
14180626,40784326,Sparr,Ultisols,5.1,sandy,poor,wet,moderate,moderate,moderate,red,96.3,3.0,0.7,1.75
14180627,40784331,Basinger,Entisols,6.0,sandy,poor,wet,low,moderate,low,brown,97.3,2.0,0.7,1.25
14180628,40784335,Flemington,Alfisols,4.8,sandy,poor,wet,moderate,moderate,moderate,dark brown,83.8,7.0,9.2,3.5
14180629,40784341,Flemington,Alfisols,4.8,sandy,poor,wet,moderate,moderate,moderate,dark brown,83.8,7.0,9.2,3.5
14180630,40784345,Fellowship,Alfisols,5.3,sandy,poor,wet,moderate,moderate,moderate,dark brown,83.8,7.0,9.2,3.5
14180631,40784349,Blichton,Ultisols,5.3,sandy,poor,wet,moderate,moderate,low,red,91.1,7.0,1.9,2.5
14180632,40784353,Arredondo,Ultisols,5.3,sandy,good,dry,low,moderate,low,red,95.4,4.0,0.6,1.0
14180633,40784358,Nobleton,Ultisols,5.3,sandy,poor,wet,moderate,moderate,low,red,91.3,7.5,1.2,2.0
14180634,40784362,Micanopy,Alfisols,4.8,sandy,poor,wet,moderate,compacted,low,dark brown,91.3,7.5,1.2,3.0
14180635,40784367,Blichton,Ultisols,5.3,sandy,poor,wet,moderate,moderate,low,red,91.1,7.0,1.9,2.5
14180636,40784372,Wauchula,Spodosols,4.6,sandy,poor,wet,moderate,moderate,moderate,grey,98.4,1.0,0.6,2.0
14180637,40784378,Kanapaha,Ultisols,5.3,sandy,poor,wet,moderate,moderate,low,red,95.4,4.0,0.6,2.25
14180638,40784384,Blichton,Ultisols,5.3,sandy,poor,wet,moderate,moderate,low,red,91.1,7.0,1.9,2.5
14180639,40784392,Micanopy,Alfisols,4.8,sandy,poor,wet,moderate,compacted,low,dark brown,91.3,7.5,1.2,3.0
14180640,40784393,Boardman,Alfisols,5.3,sandy,poor,wet,low,moderate,low,brown,92.9,5.5,1.6,1.25
14180642,40784401,Floridana,Mollisols,6.5,sandy,poor,wet,high,moderate,moderate,black,92.2,6.5,1.3,10.5
14180643,40784404,Eaton,Alfisols,5.0,sandy,poor,wet,high,loose,high,black,94.4,5.0,0.6,10.5
14180644,40784411,Lynne,Spodosols,4.6,sandy,poor,wet,moderate,moderate,moderate,dark brown,96.3,3.0,0.7,3.0
14180645,40784414,Felda,Alfisols,6.5,sandy,poor,wet,moderate,moderate,low,brown,97.3,2.0,0.7,2.5
14180646,40784417,Sellers,Inceptisols,4.6,sandy,poor,wet,high,moderate,high,black,93.2,5.5,1.3,7.5
14180647,40784420,Basinger,Entisols,6.0,sandy,poor,wet,low,moderate,low,brown,97.3,2.0,0.7,1.25
14180648,40784424,Pomona,Spodosols,4.8,sandy,poor,wet,moderate,moderate,moderate,grey,95.9,3.5,0.6,2.5
14180649,40784429,Malabar,Alfisols,6.8,sandy,poor,wet,moderate,moderate,low,brown,97.3,2.0,0.7,2.5
14180650,40784434,Placid,Inceptisols,4.6,sandy,poor,wet,high,moderate,high,black,94.4,5.0,0.6,6.0
14180651,40784436,Adamsville,Entisols,6.2,sandy,poor,wet,low,moderate,low,brown,94.9,4.5,0.6,1.25
14180652,40784438,Newnan,Spodosols,4.8,sandy,poor,wet,moderate,moderate,low,grey,96.8,2.5,0.7,1.5
14180653,40784447,EauGallie,Spodosols,5.3,sandy,poor,wet,high,moderate,low,dark brown,96.8,2.5,0.7,5.0
14180654,40784448,Pompano,Entisols,5.5,sandy,poor,wet,moderate,moderate,low,dark brown,96.8,2.5,0.7,3.0
14180655,40784450,Wauchula,Spodosols,4.6,sandy,poor,wet,moderate,moderate,moderate,grey,98.4,1.0,0.6,2.0
14180656,40784456,Myakka,Spodosols,5.1,sandy,poor,wet,moderate,moderate,moderate,dark brown,97.3,2.0,0.7,3.5
14180657,40784460,Wabasso,Spodosols,5.1,sandy,poor,wet,moderate,moderate,low,grey,96.3,3.0,0.7,2.5
14180659,40784467,Myakka,Spodosols,5.1,sandy,poor,wet,moderate,moderate,moderate,dark brown,97.3,2.0,0.7,3.5
14180660,40784471,St. Johns,Spodosols,4.6,sandy,poor,wet,moderate,moderate,moderate,dark brown,96.8,2.5,0.7,3.0
14180662,40784477,Placid,Inceptisols,4.6,sandy,poor,wet,high,moderate,high,black,94.4,5.0,0.6,6.0
14180663,40784479,Immokalee,Spodosols,4.8,sandy,poor,wet,moderate,moderate,low,grey,96.3,3.0,0.7,1.5
14180664,40784483,Pomello,Spodosols,5.3,sandy,moderate,dry,low,moderate,low,grey,98.4,1.0,0.6,0.75
14180665,40784486,Pompano,Entisols,5.5,sandy,poor,wet,moderate,moderate,low,dark brown,96.8,2.5,0.7,3.0
14180666,40784488,Tavares,Entisols,4.8,sandy,moderate,moderate,low,moderate,low,brown,97.3,2.0,0.7,1.25
14180667,40784490,Sellers,Inceptisols,4.6,sandy,poor,wet,high,moderate,high,black,93.2,5.5,1.3,7.5
14180668,40784493,Adamsville,Entisols,6.2,sandy,poor,wet,low,moderate,low,brown,94.9,4.5,0.6,1.25
14180669,40784495,Basinger,Entisols,6.0,sandy,poor,wet,low,moderate,low,brown,97.3,2.0,0.7,1.25
14180670,40784499,Felda,Alfisols,6.5,sandy,poor,wet,moderate,moderate,low,brown,97.3,2.0,0.7,2.5
14180671,40784504,Smyrna,Spodosols,5.5,sandy,poor,wet,moderate,moderate,low,dark brown,95.9,3.5,0.6,3.0
14180674,40784510,Delray,Mollisols,6.5,sandy,poor,wet,high,moderate,high,black,91.3,7.5,1.2,9.0
14180675,40784513,Adamsville,Entisols,6.2,sandy,poor,wet,low,moderate,low,brown,94.9,4.5,0.6,1.25
14180676,40784515,Aripeka,Alfisols,6.7,sandy,poor,wet,moderate,moderate,low,dark brown,95.4,4.0,0.6,3.0
14180677,40784519,Basinger,Entisols,6.0,sandy,poor,wet,low,moderate,low,brown,97.3,2.0,0.7,1.25
14180678,40784523,Myakka,Spodosols,6.5,sandy,poor,wet,moderate,moderate,low,grey,96.3,3.0,0.7,2.5
14180681,40784530,Anclote,Mollisols,6.8,sandy,poor,wet,high,loose,high,black,94.4,5.0,0.6,12.0
14180682,40784532,Wabasso,Spodosols,5.1,sandy,poor,wet,moderate,moderate,low,grey,95.9,3.5,0.6,2.5
14180683,40784537,Aripeka,Alfisols,6.7,sandy,poor,wet,moderate,moderate,low,dark brown,95.4,4.0,0.6,3.0
14180684,40784541,Lacoochee,Entisols,8.2,sandy-loam,poor,wet,moderate,compacted,high,dark brown,68.0,16.0,16.0,3.5
14180685,40784545,Vero,Spodosols,4.6,sandy,poor,wet,moderate,moderate,low,dark brown,95.9,3.5,0.6,3.5
14180686,40784553,Homosassa,Entisols,7.0,sandy-loam,poor,wet,high,moderate,high,black,69.6,14.0,16.4,12.5
14180689,40784560,Bluff,Mollisols,6.5,sandy-loam,poor,wet,high,loose,high,black,56.9,30.0,13.1,8.0
14180690,40784564,Eureka,Alfisols,5.0,sandy,poor,wet,moderate,moderate,moderate,brown,83.5,7.0,9.5,2.5
14180691,40784567,Basinger,Entisols,5.5,sandy,poor,wet,low,moderate,low,brown,97.3,2.0,0.7,0.6
14180694,40784574,Floridana,Mollisols,6.5,sandy,poor,wet,high,moderate,moderate,black,92.2,6.5,1.3,10.5
14180695,40784577,Delray,Mollisols,6.5,sandy,poor,wet,high,moderate,high,black,91.3,7.5,1.2,9.0
14180696,40784581,Emeralda,Alfisols,5.8,sandy,poor,wet,high,moderate,high,black,81.8,9.0,9.2,6.5
14180697,40784585,Anclote,Mollisols,7.0,sandy,poor,wet,high,moderate,moderate,black,94.4,5.0,0.6,6.0
14180698,40784587,Zolfo,Spodosols,5.9,sandy,poor,wet,low,moderate,moderate,grey,96.3,3.0,0.7,0.75
14180699,40784590,Sparr,Ultisols,5.1,sandy,poor,wet,moderate,moderate,moderate,red,96.3,3.0,0.7,1.75
14180700,40784595,Tavares,Entisols,4.8,sandy,moderate,moderate,low,moderate,low,brown,97.3,2.0,0.7,1.25
14180701,40784597,Pomello,Spodosols,5.3,sandy,moderate,dry,low,moderate,low,grey,97.5,1.0,1.5,0.75
14180702,40784600,Millhopper,Ultisols,5.5,sandy,moderate,moderate,low,compacted,low,red,94.4,5.0,0.6,1.25
14180704,40784603,Satellite,Entisols,6.2,sandy,poor,wet,low,moderate,low,brown,97.3,2.0,0.7,1.25
14180705,40784605,Seffner,Inceptisols,5.9,sandy,poor,wet,moderate,moderate,moderate,dark brown,94.9,4.5,0.6,3.0
14180706,40784611,Narcoossee,Spodosols,4.8,sandy,poor,wet,moderate,moderate,low,grey,95.4,4.0,0.6,1.5
14180707,40784612,Archbold,Entisols,5.1,sandy,moderate,dry,low,moderate,low,brown,98.9,0.5,0.6,0.75
14180708,40784614,Tavares,Entisols,4.8,sandy,moderate,moderate,low,moderate,low,brown,97.3,2.0,0.7,1.25
14180709,40784616,Candler,Entisols,5.3,sandy,good,dry,low,moderate,low,brown,97.9,1.5,0.6,1.25
14180710,40784620,Myakka,Spodosols,5.1,sandy,poor,wet,moderate,moderate,moderate,dark brown,96.5,2.0,1.5,3.5
14180712,40784625,Adamsville,Entisols,6.2,sandy,poor,wet,low,moderate,low,brown,94.9,4.5,0.6,1.25
14180713,40784627,Felda,Alfisols,6.5,sandy,poor,wet,moderate,moderate,low,brown,97.3,2.0,0.7,2.5
14180714,40784633,Bradenton,Alfisols,6.2,sandy,poor,wet,high,moderate,moderate,dark brown,95.9,3.5,0.6,5.0
14180715,40784636,Floridana,Mollisols,6.5,sandy,poor,wet,high,moderate,moderate,black,92.2,6.5,1.3,10.5
14180716,40784638,Winder,Alfisols,6.7,sandy,poor,wet,moderate,moderate,low,brown,95.9,3.5,0.6,1.5
14180717,40784646,Nittaw,Mollisols,6.5,sandy-loam,poor,wet,high,compacted,moderate,black,60.2,21.5,18.3,10.0
14180718,40784647,St. Johns,Spodosols,4.6,sandy,poor,wet,moderate,moderate,moderate,dark brown,96.8,2.5,0.7,3.0
14180719,40784652,Pompano,Entisols,6.2,sandy,poor,wet,moderate,moderate,low,brown,95.4,4.0,0.6,2.5
14180720,40784653,Felda,Alfisols,6.5,sandy,poor,wet,moderate,moderate,low,brown,97.3,2.0,0.7,2.5
14180723,40784660,Chobee,Mollisols,6.7,sandy,poor,wet,high,moderate,moderate,black,70.1,13.5,16.4,4.5
14180724,40784664,Placid,Inceptisols,4.6,sandy,poor,wet,high,moderate,high,black,94.4,5.0,0.6,6.0
14180725,40784665,Basinger,Entisols,5.5,sandy,poor,wet,high,loose,high,black,95.9,3.5,0.6,14.0
14180726,40784669,Immokalee,Spodosols,4.8,sandy,poor,wet,moderate,moderate,low,grey,96.3,3.0,0.7,1.5
14180728,40784673,Pompano,Entisols,6.2,sandy,poor,wet,moderate,moderate,low,brown,95.4,4.0,0.6,2.5
14180729,40784678,St. Johns,Spodosols,4.6,sandy,poor,wet,moderate,moderate,moderate,dark brown,96.8,2.5,0.7,3.0
14180730,40784679,Basinger,Entisols,6.0,sandy,poor,wet,low,moderate,low,brown,97.3,2.0,0.7,1.25
14180731,40784683,Floridana,Mollisols,6.5,sandy,poor,wet,high,moderate,moderate,black,92.2,6.5,1.3,10.5
14180732,40784686,EauGallie,Spodosols,5.3,sandy,poor,wet,high,moderate,low,dark brown,96.8,2.5,0.7,5.0
14180739,40784708,Placid,Inceptisols,4.6,sandy,poor,wet,high,moderate,high,black,94.4,5.0,0.6,6.0
14180749,40784732,Millhopper,Ultisols,6.1,sandy,moderate,moderate,low,moderate,low,red,96.3,3.0,0.7,1.25
14180750,40784735,Seffner,Inceptisols,5.9,sandy,poor,wet,moderate,moderate,moderate,dark brown,94.9,4.5,0.6,3.0
14180751,40784738,Ona,Spodosols,4.8,sandy,poor,wet,moderate,moderate,moderate,dark brown,95.4,4.0,0.6,3.0
14180752,40784741,Sparr,Ultisols,5.1,sandy,poor,wet,moderate,moderate,moderate,red,96.3,3.0,0.7,1.75
14180754,40784746,Sparr,Ultisols,5.5,sandy,poor,wet,moderate,moderate,moderate,red,96.3,3.0,0.7,1.75
14180755,40784750,Sumterville,Alfisols,5.5,sandy,poor,wet,moderate,moderate,moderate,brown,96.3,3.0,0.7,1.75
14180756,40784753,Mabel,Alfisols,5.9,sandy,poor,wet,moderate,moderate,moderate,brown,94.4,5.0,0.6,2.5
14180757,40784758,Hydraquents,Entisols,8.2,clay,poor,wet,low,loose,high,brown,8.2,72.5,19.3,0.75
14180759,40784759,Udorthents,Entisols,7.9,sandy,poor,wet,unknown,moderate,low,brown,95.5,3.0,1.5,
14180760,40784762,Neilhurst,Entisols,5.3,sandy,unknown,dry,low,compacted,low,brown,97.0,1.5,1.5,0.5
14180761,40784763,Arents,Entisols,7.5,sandy,poor,wet,low,moderate,low,brown,92.9,5.5,1.6,0.25
14180763,40784767,Hicoria,Alfisols,5.1,sandy,poor,wet,high,loose,high,black,94.4,5.0,0.6,15.0
14180764,40784771,Felda,Alfisols,6.5,sandy,poor,wet,moderate,moderate,low,brown,97.3,2.0,0.7,2.5
14180765,40784774,Goldhead,Alfisols,6.2,sandy,poor,wet,moderate,moderate,moderate,brown,96.3,3.0,0.7,2.5
14180766,40784778,Myakka,Spodosols,5.1,sandy,poor,wet,moderate,moderate,moderate,dark brown,97.3,2.0,0.7,3.5
14180768,40784782,Placid,Inceptisols,4.6,sandy,poor,wet,high,moderate,high,black,94.4,5.0,0.6,6.0
14180769,40784784,Mulat,Ultisols,4.8,sandy,poor,wet,moderate,moderate,moderate,red,95.9,3.5,0.6,2.5
14180770,40784788,Malabar,Alfisols,6.8,sandy,poor,wet,moderate,moderate,low,brown,97.3,2.0,0.7,2.5
14180771,40784793,Arredondo,Ultisols,5.3,sandy,good,dry,low,moderate,low,red,95.4,4.0,0.6,1.0
14180772,40784797,Astatula,Entisols,5.5,sandy,good,dry,low,moderate,low,brown,97.3,2.0,0.7,1.25
14180773,40784799,Candler,Entisols,5.3,sandy,good,dry,low,moderate,low,brown,97.9,1.5,0.6,1.25
14180774,40784803,Floridana,Mollisols,6.5,sandy,poor,wet,high,moderate,moderate,black,92.2,6.5,1.3,10.5
14180775,40784806,Placid,Inceptisols,4.6,sandy,poor,wet,high,moderate,high,black,94.4,5.0,0.6,6.0
14180776,40784808,Myakka,Spodosols,5.1,sandy,poor,wet,moderate,moderate,moderate,dark brown,97.3,2.0,0.7,3.5
14180779,40784813,Candler,Entisols,5.3,sandy,good,dry,low,moderate,low,brown,97.9,1.5,0.6,1.25
14180780,40784817,Candler,Entisols,5.3,sandy,good,dry,low,moderate,low,brown,97.9,1.5,0.6,1.25
14180781,40784821,Apopka,Ultisols,5.3,sandy,good,dry,low,moderate,low,red,97.9,1.5,0.6,1.0
14180782,40784823,Arredondo,Ultisols,5.3,sandy,good,dry,low,moderate,low,red,95.4,4.0,0.6,1.0
14180783,40784827,Paola,Entisols,5.5,sandy,good,dry,low,moderate,low,brown,98.4,1.0,0.6,0.25
14180784,40784830,St. Lucie,Entisols,5.5,sandy,good,dry,low,moderate,low,brown,98.9,0.5,0.6,0.5
14180787,40784833,Margate,Entisols,5.3,sandy,poor,wet,moderate,moderate,low,brown,96.0,2.5,1.5,2.5
14180788,40784838,Basinger,Entisols,6.0,sandy,poor,wet,low,moderate,low,brown,96.5,2.0,1.5,1.25
14180789,40784843,Dade,Entisols,7.3,sandy,good,dry,moderate,moderate,low,brown,98.4,1.0,0.6,2.5
14180790,40784845,Pomello,Spodosols,5.3,sandy,moderate,dry,low,moderate,low,grey,98.4,1.0,0.6,0.75
14180791,40784848,Immokalee,Spodosols,4.8,sandy,poor,wet,moderate,moderate,low,grey,95.5,3.0,1.5,1.5
14180792,40784852,Duette,Spodosols,5.8,sandy,moderate,dry,low,moderate,low,grey,97.5,1.0,1.5,0.75
14180793,40784858,Arents,Entisols,7.5,sandy,poor,wet,unknown,moderate,low,brown,92.9,5.5,1.6,
14180794,40784859,Immokalee,Spodosols,4.8,sandy,poor,wet,moderate,moderate,low,grey,96.3,3.0,0.7,1.5
14180796,40784864,Basinger,Entisols,6.0,sandy,poor,wet,low,moderate,low,brown,97.3,2.0,0.7,1.25
14180798,40784870,Myakka,Spodosols,5.1,sandy,poor,wet,moderate,moderate,moderate,dark brown,97.3,2.0,0.7,3.5
14180801,40784877,Pompano,Entisols,6.2,sandy,poor,wet,moderate,moderate,low,dark brown,96.8,2.5,0.7,3.0
14180802,40784878,Anclote,Mollisols,6.8,sandy,poor,wet,high,loose,high,black,94.4,5.0,0.6,12.0
14180804,40784880,Adamsville variant,Entisols,5.5,sandy,poor,wet,low,moderate,low,brown,94.4,5.0,0.6,0.75
14180805,40784883,Quartzipsaments,Entisols,5.9,sandy,unknown,dry,low,compacted,low,brown,97.3,2.0,0.7,0.25
14180806,40784886,Udorthents,Entisols,7.9,sandy,poor,wet,unknown,moderate,low,brown,96.3,3.0,0.7,
14180808,40784888,Basinger,Entisols,6.0,sandy,poor,wet,low,moderate,low,brown,97.3,2.0,0.7,1.25
14180810,40784892,Pompano,Entisols,5.5,sandy,poor,wet,moderate,moderate,low,dark brown,96.8,2.5,0.7,3.0
14180811,40784894,Margate,Entisols,5.3,sandy,poor,wet,moderate,moderate,low,brown,96.8,2.5,0.7,2.5
14180812,40784899,Basinger,Entisols,6.0,sandy,poor,wet,low,moderate,low,brown,97.3,2.0,0.7,1.25
14180813,40784903,Immokalee,Spodosols,6.5,sandy,poor,wet,moderate,moderate,low,grey,96.3,3.0,0.7,1.5
14180817,40784915,Basinger,Entisols,5.5,sandy,poor,wet,low,moderate,low,brown,97.3,2.0,0.7,0.6
14180818,40784916,Udorthents,Entisols,7.9,sandy,poor,wet,moderate,moderate,low,brown,95.5,3.0,1.5,1.5
14180828,40784933,Keyvaca,Mollisols,7.9,loamy,good,dry,moderate,moderate,low,black,48.2,5.5,46.3,4.0
14180832,40784944,Pennsuco,Entisols,8.2,silty,poor,wet,high,loose,high,dark brown,7.2,22.5,70.3,4.5
14180837,40784956,Pennsuco,Entisols,8.2,silty,poor,wet,high,loose,high,pale,7.2,22.5,70.3,4.5
14180840,40784962,Perrine,Entisols,8.2,silty,poor,wet,moderate,loose,high,dark brown,7.0,23.5,69.5,4.0
14180843,40784969,Udorthents,Entisols,7.9,sandy,poor,wet,moderate,moderate,low,brown,95.5,3.0,1.5,1.5
14180844,40784972,Captiva,Entisols,7.6,sandy,poor,wet,moderate,moderate,moderate,dark brown,97.3,2.0,0.7,4.0
14180847,40784977,Perrine,Entisols,8.2,silty,poor,wet,moderate,loose,high,dark brown,7.0,23.5,69.5,4.0
14180849,40784982,Beaches,,6.5,sandy,poor,wet,low,compacted,low,brown,98.9,0.5,0.6,0.05
14180850,40784984,Opalocka,Entisols,6.7,sandy,good,dry,high,moderate,low,dark brown,97.5,1.0,1.5,4.5
14180852,40784987,Udorthents,Entisols,7.9,sandy,poor,wet,moderate,moderate,low,brown,95.5,3.0,1.5,1.5
14180853,40784989,Krome,Entisols,7.9,loamy,moderate,moderate,high,moderate,moderate,pale,43.0,17.5,39.5,6.5
14180857,40784995,Opalocka,Entisols,6.7,sandy,good,dry,high,moderate,low,dark brown,97.5,1.0,1.5,4.5
14180859,40785000,Demory,Mollisols,6.7,sandy-loam,poor,wet,high,moderate,moderate,black,64.2,16.5,19.3,12.0
14180860,40785003,Chekika,Entisols,7.9,loamy,poor,wet,high,moderate,moderate,pale,43.0,17.5,39.5,6.5
14180861,40785005,Krome,Entisols,7.9,loamy,moderate,moderate,high,moderate,moderate,pale,43.0,17.5,39.5,6.5
14180865,40785014,Krome,Entisols,7.9,loamy,moderate,moderate,high,moderate,moderate,pale,43.0,17.5,39.5,6.5
14180866,40785015,Opalocka,Entisols,6.7,sandy,good,dry,high,moderate,low,dark brown,97.5,1.0,1.5,4.5
14180867,40785017,Chekika,Entisols,7.9,loamy,poor,wet,high,moderate,moderate,pale,43.0,17.5,39.5,6.5
14180889,40785067,Ochopee,Inceptisols,8.5,sandy-loam,poor,wet,moderate,moderate,moderate,dark brown,66.9,10.0,23.1,3.5
14180891,40785070,Pennsuco,Entisols,8.2,silty,poor,wet,high,loose,high,pale,7.2,22.5,70.3,4.5
14180892,40785074,Riviera,Alfisols,5.9,sandy,poor,wet,low,moderate,low,brown,95.9,3.5,0.6,1.05
14180894,40785081,Boca,Alfisols,6.5,sandy,poor,wet,moderate,moderate,low,brown,98.4,1.0,0.6,2.0
14180895,40785085,Basinger,Entisols,6.0,sandy,poor,wet,low,moderate,low,brown,97.3,2.0,0.7,1.25
14180896,40785091,Hallandale,Entisols,6.2,sandy,poor,wet,moderate,moderate,low,brown,97.9,1.5,0.6,1.5
14180897,40785096,Copeland,Mollisols,6.7,sandy,poor,wet,moderate,moderate,moderate,black,91.3,7.5,1.2,4.0
14180898,40785097,Ochopee,Inceptisols,8.5,sandy-loam,poor,wet,moderate,moderate,moderate,dark brown,66.9,10.0,23.1,3.5
14180899,40785100,Pineda,Alfisols,5.9,sandy,poor,wet,moderate,moderate,low,dark brown,95.9,3.5,0.6,3.25
14180900,40785104,Boca,Alfisols,6.5,sandy,poor,wet,moderate,moderate,low,brown,97.9,1.5,0.6,2.0
14180901,40785108,Basinger,Entisols,6.0,sandy,poor,wet,low,moderate,low,brown,97.3,2.0,0.7,1.25
14180902,40785112,Hallandale,Entisols,6.2,sandy,poor,wet,moderate,moderate,low,brown,97.9,1.5,0.6,1.5
14180903,40785118,Margate,Entisols,5.3,sandy,poor,wet,moderate,moderate,low,brown,96.8,2.5,0.7,2.5
14180904,40785120,Floridana,Mollisols,6.5,sandy,poor,wet,high,moderate,moderate,black,92.2,6.5,1.3,10.5
14180905,40785124,Riviera,Alfisols,5.9,sandy,poor,wet,low,moderate,low,brown,95.9,3.5,0.6,1.05
14180906,40785127,Riviera,Alfisols,5.9,sandy,poor,wet,low,moderate,low,brown,95.9,3.5,0.6,1.05
14180907,40785131,Felda,Alfisols,6.5,sandy,poor,wet,moderate,moderate,low,brown,97.3,2.0,0.7,2.5
14180908,40785134,Boca,Alfisols,6.8,sandy,poor,wet,moderate,moderate,low,brown,96.3,3.0,0.7,2.0
14180909,40785139,Chobee,Mollisols,6.2,sandy,poor,wet,high,moderate,high,black,94.4,5.0,0.6,15.0
14180910,40785143,Winder,Alfisols,6.7,sandy,poor,wet,low,moderate,low,brown,95.9,3.5,0.6,1.05
14180911,40785148,Pineda,Alfisols,5.9,sandy,poor,wet,moderate,moderate,low,dark brown,94.9,4.5,0.6,3.25
14180912,40785152,Pineda,Alfisols,5.9,sandy,poor,wet,moderate,moderate,low,dark brown,95.9,3.5,0.6,3.25
14180917,40785168,Felda,Alfisols,6.5,sandy,poor,wet,moderate,moderate,low,brown,97.3,2.0,0.7,2.5
14180918,40785171,Pineda,Alfisols,5.9,sandy,poor,wet,moderate,moderate,low,dark brown,94.9,4.5,0.6,3.25
14180919,40785174,Malabar,Alfisols,6.8,sandy,poor,wet,moderate,moderate,low,brown,97.3,2.0,0.7,2.5
14180920,40785179,Malabar,Alfisols,7.0,sandy,poor,wet,moderate,moderate,low,brown,97.3,2.0,0.7,2.5
14180921,40785182,Malabar,Alfisols,6.8,sandy,poor,wet,moderate,moderate,low,brown,97.3,2.0,0.7,1.5
14180922,40785187,Holopaw,Alfisols,6.2,sandy,poor,wet,moderate,moderate,low,brown,95.9,3.5,0.6,2.5
14180923,40785190,Floridana,Mollisols,6.5,sandy,poor,wet,high,moderate,moderate,black,92.2,6.5,1.3,10.5
14180926,40785201,Winder,Alfisols,6.7,sandy,poor,wet,moderate,moderate,low,brown,95.9,3.5,0.6,1.5
14180928,40785207,Gentry,Mollisols,6.2,sandy,poor,wet,moderate,moderate,moderate,black,95.9,3.5,0.6,4.0
14180929,40785210,Boca,Alfisols,6.5,sandy,poor,wet,moderate,moderate,low,brown,97.9,1.5,0.6,2.0
14180930,40785214,Riviera,Alfisols,5.9,sandy,poor,wet,low,moderate,low,brown,95.9,3.5,0.6,1.05
14180931,40785220,Hallandale,Entisols,6.2,sandy,poor,wet,moderate,moderate,low,brown,97.9,1.5,0.6,1.5
14180933,40785224,Margate,Entisols,5.3,sandy,poor,wet,moderate,moderate,low,brown,96.8,2.5,0.7,2.5
14180937,40785235,Margate,Entisols,5.3,sandy,poor,wet,moderate,moderate,low,brown,96.8,2.5,0.7,2.5
14180959,40785290,Riviera,Alfisols,5.9,sandy,poor,wet,low,moderate,low,brown,95.9,3.5,0.6,1.05
14180962,40785303,Basinger,Entisols,6.0,sandy,poor,wet,low,moderate,low,brown,97.3,2.0,0.7,1.25
14180963,40785304,Boca,Alfisols,6.5,sandy,poor,wet,moderate,moderate,low,brown,97.9,1.5,0.6,2.0
14180964,40785308,Margate,Entisols,5.3,sandy,poor,wet,moderate,moderate,low,brown,96.8,2.5,0.7,2.5
14180966,40785315,Hector,Inceptisols,5.8,sandy,good,dry,low,moderate,moderate,brown,70.9,12.5,16.6,1.25
14180967,40785318,Hector,Inceptisols,5.8,sandy,good,dry,low,moderate,moderate,brown,70.9,12.5,16.6,1.25
14180968,40785321,Hartsells,Ultisols,4.6,sandy-loam,good,dry,low,moderate,moderate,red,67.7,11.0,21.3,1.25
14180969,40785325,Hartsells,Ultisols,4.6,sandy-loam,good,dry,low,moderate,moderate,red,67.7,11.0,21.3,1.25
14180970,40785332,Lyerly,Alfisols,5.5,silty,good,dry,low,moderate,high,brown,20.5,25.0,54.5,1.25
14180971,40785333,Shack,Ultisols,5.3,silty,good,dry,moderate,moderate,moderate,red,27.1,18.5,54.4,1.5
14180972,40785337,Wax,Ultisols,5.3,loamy,moderate,moderate,moderate,moderate,moderate,red,42.4,19.5,38.1,2.0
14180973,40785340,Wax,Ultisols,5.3,loamy,moderate,moderate,moderate,moderate,moderate,red,42.4,19.5,38.1,2.0
14180974,40785343,Cunningham,Ultisols,5.3,loamy,good,dry,low,moderate,high,red,43.0,18.5,38.5,0.75
14180975,40785346,Shack,Ultisols,5.3,silty,good,dry,moderate,moderate,moderate,red,27.1,18.5,54.4,1.5
14180976,40785350,Chewacla,Inceptisols,5.5,silty,poor,wet,moderate,moderate,high,brown,22.4,22.5,55.1,2.5
14180977,40785356,Lyerly,Alfisols,5.5,silty,good,dry,low,moderate,high,brown,20.5,25.0,54.5,1.25
14180978,40785361,Shack,Ultisols,5.3,silty,good,dry,moderate,moderate,moderate,red,27.1,18.5,54.4,1.5
14180979,40785363,Tupelo,Alfisols,5.8,clay-loam,poor,wet,low,moderate,high,brown,35.4,31.0,33.6,1.25
14180980,40785366,Townley,Ultisols,4.6,silty,good,dry,low,moderate,moderate,red,27.1,18.5,54.4,1.25
14180981,40785370,Tupelo,Alfisols,5.8,silty,poor,wet,moderate,moderate,high,brown,22.4,22.5,55.1,2.0
14180982,40785373,Chewacla,Inceptisols,5.5,silty,poor,wet,moderate,moderate,high,brown,22.4,22.5,55.1,2.5
14180983,40785378,Dowellton,Alfisols,6.2,silty,poor,wet,low,moderate,high,brown,17.4,30.0,52.6,1.25
14180984,40785382,Wolftever,Ultisols,5.0,silty,moderate,moderate,moderate,moderate,high,red,15.7,31.0,53.3,2.0
14180985,40785386,Conasauga,Alfisols,4.8,silty,moderate,moderate,moderate,moderate,high,brown,30.1,15.0,54.9,2.0
14180986,40785392,Fullerton,Ultisols,5.0,silty,good,dry,low,moderate,moderate,red,26.3,21.0,52.7,1.25
14180987,40785396,Fullerton,Ultisols,5.0,silty,good,dry,low,moderate,moderate,red,26.3,21.0,52.7,1.25
14180988,40785397,Holston,Ultisols,5.0,sandy-loam,good,dry,low,moderate,high,red,68.1,17.5,14.4,1.25
14180989,40785400,Chewacla,Inceptisols,5.5,silty,poor,wet,moderate,moderate,high,brown,22.4,22.5,55.1,2.5
14180990,40785405,Shack,Ultisols,5.3,silty,good,dry,moderate,moderate,moderate,red,27.1,18.5,54.4,1.5
14180991,40785409,Decatur,Ultisols,5.3,loamy,good,dry,low,moderate,high,red,41.6,21.0,37.4,1.25
14180992,40785412,Aragon,Ultisols,5.0,sandy-loam,good,dry,low,moderate,moderate,red,68.8,15.0,16.2,1.25
14180993,40785417,Shack,Ultisols,5.3,silty,good,dry,moderate,moderate,moderate,red,27.1,18.5,54.4,1.5
14180994,40785421,Shack,Ultisols,5.3,silty,good,dry,moderate,moderate,moderate,red,27.1,18.5,54.4,1.5
14180995,40785426,Fullerton,Ultisols,5.0,silty,good,dry,low,moderate,moderate,red,26.3,21.0,52.7,1.25
14180996,40785428,Aragon,Ultisols,5.0,sandy-loam,good,dry,low,moderate,moderate,red,68.8,15.0,16.2,1.25
14180997,40785435,Rome,Ultisols,5.3,sandy-loam,good,dry,low,moderate,moderate,red,68.0,16.0,16.0,1.25
14180998,40785436,Roanoke,Ultisols,4.6,silty,poor,wet,low,moderate,moderate,red,27.1,18.5,54.4,1.25
14180999,40785440,Bodine,Ultisols,4.6,silty,good,dry,moderate,moderate,low,red,30.4,14.0,55.6,1.5
14181000,40785443,Fullerton,Ultisols,5.0,silty,good,dry,low,moderate,moderate,red,26.3,21.0,52.7,1.25
14181001,40785446,Subligna,Inceptisols,5.3,loamy,good,dry,low,moderate,low,brown,43.8,16.0,40.2,1.25
14181002,40785448,Minvale,Ultisols,5.0,silty,good,dry,low,moderate,moderate,red,22.4,22.5,55.1,1.25
14181003,40785451,Fullerton,Ultisols,5.0,silty,good,dry,low,moderate,moderate,red,26.3,21.0,52.7,1.25
14181004,40785454,Shack,Ultisols,5.3,silty,good,dry,moderate,moderate,moderate,red,27.1,18.5,54.4,1.5
14181005,40785460,Shack,Ultisols,5.3,silty,good,dry,moderate,moderate,moderate,red,27.1,18.5,54.4,1.5
14181006,40785463,Shack,Ultisols,5.3,silty,good,dry,moderate,moderate,moderate,red,27.1,18.5,54.4,1.5
14181007,40785466,Chewacla,Inceptisols,5.5,silty,poor,wet,moderate,moderate,high,brown,22.4,22.5,55.1,2.5
14181008,40785472,Fullerton,Ultisols,5.0,silty,good,dry,low,moderate,moderate,red,26.3,21.0,52.7,1.25
14181009,40785474,Talbott,Alfisols,5.6,clay,good,dry,low,moderate,moderate,brown,17.5,41.0,41.5,0.75
14181010,40785477,Shack,Ultisols,5.3,loamy,good,dry,moderate,moderate,moderate,red,43.0,18.5,38.5,1.5
14181011,40785481,Minvale,Ultisols,5.0,loamy,good,dry,low,moderate,moderate,red,39.8,22.5,37.7,1.25
14181012,40785484,Fullerton,Ultisols,5.0,silty,good,dry,low,moderate,moderate,red,26.3,21.0,52.7,1.25
14181013,40785487,Shack,Ultisols,5.3,loamy,good,dry,moderate,moderate,moderate,red,43.0,18.5,38.5,1.5
14181014,40785491,Minvale,Ultisols,5.0,loamy,good,dry,low,moderate,moderate,red,39.8,22.5,37.7,1.25
14181015,40785494,Cedarbluff,Ultisols,5.6,loamy,poor,wet,low,moderate,moderate,red,44.7,14.5,40.8,0.75
14181016,40785498,Cartecay,Entisols,5.8,silty,poor,wet,moderate,moderate,moderate,brown,18.4,27.5,54.1,2.5
14181017,40785501,Lyerly,Alfisols,5.5,silty,good,dry,low,moderate,high,brown,18.4,25.0,56.6,1.25
14181018,40785506,Dewey,Ultisols,5.0,silty,good,dry,moderate,moderate,high,red,26.0,22.0,52.0,2.0
14181019,40785509,Fullerton,Ultisols,5.0,silty,good,dry,low,moderate,moderate,red,26.3,21.0,52.7,1.25
14181020,40785512,Rome,Ultisols,5.3,sandy-loam,good,dry,low,moderate,moderate,red,68.0,16.0,16.0,1.25
14181021,40785517,Allen,Ultisols,5.0,sandy-loam,good,dry,moderate,moderate,moderate,red,68.4,15.5,16.1,1.75
14181022,40785518,Montevallo,Inceptisols,5.3,silty,good,dry,low,moderate,low,brown,29.3,17.0,53.7,1.25
14181023,40785522,Tupelo,Alfisols,5.8,clay-loam,poor,wet,low,moderate,high,brown,35.4,31.0,33.6,1.25
14181024,40785524,Etowah,Ultisols,5.0,loamy,good,dry,moderate,moderate,high,red,41.6,21.0,37.4,2.0
14181025,40785527,Tidings,Ultisols,5.3,silty,good,dry,low,moderate,moderate,red,29.3,17.0,53.7,1.25
14181026,40785531,Etowah,Ultisols,5.0,loamy,good,dry,moderate,moderate,high,red,41.6,21.0,37.4,2.0
14181027,40785534,Conasauga,Alfisols,4.8,silty,moderate,moderate,moderate,moderate,high,brown,30.1,15.0,54.9,2.0
14181028,40785539,Townley,Ultisols,4.6,silty,good,dry,low,moderate,moderate,red,27.1,18.5,54.4,1.25
14181029,40785543,Holston,Ultisols,5.0,sandy-loam,good,dry,low,moderate,high,red,68.1,17.5,14.4,1.25
14181030,40785546,Chewacla,Inceptisols,5.5,silty,poor,wet,moderate,moderate,high,brown,22.4,22.5,55.1,2.5
14181031,40785551,Albertville,Ultisols,5.0,sandy,good,dry,low,moderate,moderate,red,70.1,13.5,16.4,1.25
14181032,40785555,Cunningham,Ultisols,5.3,silty,good,dry,low,moderate,high,red,27.1,18.5,54.4,0.75
14181033,40785558,Wax,Ultisols,5.3,loamy,moderate,moderate,moderate,moderate,moderate,red,42.4,19.5,38.1,2.0
14181034,40785561,Minvale,Ultisols,5.0,loamy,good,dry,low,moderate,moderate,red,39.8,22.5,37.7,1.25
14181035,40785564,Dewey,Ultisols,5.0,silty,good,dry,moderate,moderate,high,red,26.0,22.0,52.0,2.0
14181036,40785568,Townley,Ultisols,4.6,silty,good,dry,low,moderate,moderate,red,27.1,18.5,54.4,1.25
14181037,40785572,Wolftever,Ultisols,5.0,silty,moderate,moderate,moderate,moderate,high,red,15.7,31.0,53.3,2.0
14181038,40785576,Conasauga,Alfisols,4.8,silty,moderate,moderate,moderate,moderate,high,brown,30.1,15.0,54.9,2.0
14181039,40785581,Montevallo,Inceptisols,5.3,silty,good,dry,low,moderate,moderate,brown,29.3,17.0,53.7,1.25
14181040,40785586,Chewacla,Inceptisols,5.5,silty,poor,wet,moderate,moderate,high,brown,22.4,22.5,55.1,2.5
14181041,40785589,Fullerton,Ultisols,5.0,silty,good,dry,low,moderate,moderate,red,26.3,21.0,52.7,1.25
14181042,40785592,Fullerton,Ultisols,5.0,silty,good,dry,low,moderate,moderate,red,26.3,21.0,52.7,1.25
14181043,40785595,Fullerton,Ultisols,5.0,silty,good,dry,low,moderate,moderate,red,26.3,21.0,52.7,1.25
14181044,40785598,Rome,Ultisols,5.3,sandy-loam,good,dry,low,moderate,moderate,red,68.0,16.0,16.0,1.25
14181045,40785601,Decatur,Ultisols,5.3,clay,good,dry,low,moderate,moderate,red,26.1,45.0,28.9,0.75
14181046,40785604,Townley,Ultisols,4.6,silty,good,dry,low,moderate,moderate,red,27.1,18.5,54.4,1.25
14181047,40785608,Tidings,Ultisols,5.3,loamy,good,dry,low,moderate,moderate,red,43.3,17.0,39.7,1.25
14181048,40785614,Allen,Ultisols,5.0,sandy-loam,good,dry,moderate,moderate,moderate,red,68.4,15.5,16.1,1.75
14181049,40785615,Fullerton,Ultisols,5.0,silty,good,dry,low,moderate,moderate,red,26.3,21.0,52.7,1.25
14181050,40785620,Cunningham,Ultisols,5.3,loamy,good,dry,low,moderate,high,red,43.0,18.5,38.5,0.75
14181051,40785621,Tidings,Ultisols,5.3,loamy,good,dry,low,moderate,moderate,red,43.3,17.0,39.7,1.25
14181052,40785625,Montevallo,Inceptisols,5.3,silty,good,dry,low,moderate,moderate,brown,29.3,17.0,53.7,1.25
14181053,40785628,Chewacla,Inceptisols,5.5,silty,poor,wet,moderate,moderate,high,brown,22.4,22.5,55.1,2.5
14181054,40785635,Tidings,Ultisols,5.3,loamy,good,dry,low,moderate,moderate,red,43.3,17.0,39.7,1.25
14181055,40785637,Townley,Ultisols,4.6,silty,good,dry,low,moderate,moderate,red,27.1,18.5,54.4,1.25
14181056,40785641,Etowah,Ultisols,5.0,loamy,good,dry,moderate,moderate,high,red,41.6,21.0,37.4,2.0
14181057,40785644,Wax,Ultisols,5.3,loamy,moderate,moderate,moderate,moderate,moderate,red,42.4,19.5,38.1,2.0
14181058,40785647,Wolftever,Ultisols,5.0,silty,moderate,moderate,moderate,moderate,high,red,15.7,31.0,53.3,2.0
14181059,40785651,Whitwell,Ultisols,5.3,silty,moderate,moderate,moderate,moderate,high,red,29.1,17.5,53.4,2.0
14181060,40785654,Etowah,Ultisols,5.0,loamy,good,dry,moderate,moderate,high,red,41.6,21.0,37.4,2.0
14181061,40785656,Townley,Ultisols,4.6,silty,good,dry,low,moderate,moderate,red,27.1,18.5,54.4,1.25
14181062,40785660,Etowah,Ultisols,5.0,loamy,good,dry,moderate,moderate,high,red,41.6,21.0,37.4,2.0
14181063,40785663,Cedarbluff,Ultisols,5.6,silty,poor,wet,low,moderate,high,red,29.5,16.5,54.0,0.75
14181064,40785669,Tupelo,Alfisols,5.8,clay-loam,poor,wet,low,moderate,high,brown,35.4,31.0,33.6,1.25
14181065,40785671,Roanoke,Ultisols,4.6,silty,poor,wet,low,moderate,moderate,red,27.1,18.5,54.4,1.25
14181066,40785674,Chewacla,Inceptisols,5.5,silty,poor,wet,moderate,moderate,high,brown,22.4,22.5,55.1,2.5
14181067,40785679,Transylvania,Inceptisols,5.3,silty,good,dry,moderate,moderate,high,dark brown,30.1,15.0,54.9,3.5
14181068,40785682,Dillard,Ultisols,5.6,sandy-loam,moderate,moderate,moderate,moderate,moderate,red,65.9,15.0,19.1,2.75
14181069,40785686,Drayke,Ultisols,5.0,loamy,good,dry,low,moderate,high,red,43.0,18.5,38.5,1.05
14181070,40785689,Toxaway,Inceptisols,5.8,silty,poor,wet,high,moderate,high,black,29.3,17.0,53.7,6.0
14181071,40785691,Hayesville,Ultisols,5.1,sandy-loam,good,dry,moderate,moderate,moderate,red,68.1,17.5,14.4,2.0
14181072,40785695,Bradson,Ultisols,5.3,sandy,good,dry,moderate,loose,moderate,red,70.1,13.5,16.4,2.5
14181073,40785698,Chatuge,Ultisols,5.3,loamy,poor,wet,moderate,moderate,moderate,red,43.0,17.5,39.5,1.5
14181074,40785701,Drayke,Ultisols,5.0,loamy,good,dry,low,moderate,high,red,43.0,18.5,38.5,1.05
14181075,40785704,Saluda,Ultisols,5.5,sandy,good,dry,low,moderate,moderate,red,70.9,12.5,16.6,1.25
14181076,40785707,Tusquitee,Inceptisols,5.5,loamy,good,dry,high,moderate,high,black,45.0,13.5,41.5,5.5
14181077,40785710,Bradson,Ultisols,5.3,sandy,good,dry,moderate,loose,moderate,red,70.1,13.5,16.4,2.5
14181078,40785713,Saluda,Ultisols,5.5,sandy,good,dry,low,moderate,moderate,red,70.9,12.5,16.6,1.25
14181079,40785716,Edneytown,Ultisols,5.3,sandy-loam,good,dry,moderate,moderate,moderate,red,68.5,10.0,21.5,2.0
14181080,40785721,Evard,Ultisols,5.3,sandy,good,dry,moderate,moderate,moderate,red,70.9,12.5,16.6,3.0
14181081,40785724,Evard,Ultisols,5.3,sandy,good,dry,moderate,moderate,moderate,red,70.9,12.5,16.6,3.0
14181082,40785728,Cartecay,Entisols,5.8,clay-loam,poor,wet,moderate,moderate,moderate,brown,37.2,27.5,35.3,2.5
14181083,40785732,Tusquitee,Inceptisols,5.5,loamy,good,dry,high,moderate,high,black,45.0,13.5,41.5,5.5
14181084,40785734,Brevard,Ultisols,5.3,sandy-loam,good,dry,moderate,moderate,moderate,red,68.5,10.0,21.5,3.0
14181085,40785737,Hayesville,Ultisols,5.1,sandy-loam,good,dry,moderate,moderate,moderate,red,68.1,17.5,14.4,2.0
14181086,40785741,Edneytown,Ultisols,5.3,sandy-loam,good,dry,moderate,moderate,moderate,red,68.5,10.0,21.5,2.0
14181087,40785747,Tallapoosa,Ultisols,4.8,sandy-loam,good,dry,low,moderate,moderate,red,68.3,12.0,19.7,0.75
14181088,40785749,Evard,Ultisols,5.3,sandy,good,dry,moderate,moderate,moderate,red,70.9,12.5,16.6,3.0
14181089,40785753,Bradson,Ultisols,5.3,sandy,good,dry,moderate,loose,moderate,red,70.1,13.5,16.4,2.5
14181090,40785756,Brevard,Ultisols,5.3,sandy-loam,good,dry,moderate,moderate,moderate,red,68.5,10.0,21.5,3.0
14181091,40785759,Transylvania,Inceptisols,5.3,loamy,good,dry,moderate,moderate,high,dark brown,44.3,15.0,40.7,3.5
14181092,40785762,Evard,Ultisols,5.3,sandy,good,dry,moderate,moderate,moderate,red,70.9,12.5,16.6,3.0
14181093,40785766,Saluda,Ultisols,5.5,sandy,good,dry,low,moderate,moderate,red,70.9,12.5,16.6,1.25
14181094,40785769,Hayesville,Ultisols,5.1,sandy-loam,good,dry,moderate,moderate,moderate,red,68.1,17.5,14.4,2.0
14181095,40785773,Hayesville,Ultisols,5.1,loamy,good,dry,moderate,moderate,moderate,red,43.0,17.5,39.5,2.0
14181096,40785777,Madison,Ultisols,5.5,sandy-loam,good,dry,low,moderate,moderate,red,55.5,30.0,14.5,1.25
14181097,40785781,Madison,Ultisols,5.5,sandy,good,dry,low,moderate,moderate,red,70.9,12.5,16.6,1.25
14181098,40785785,Madison,Ultisols,5.5,sandy,good,dry,low,moderate,moderate,red,70.9,12.5,16.6,1.25
14181099,40785789,Hayesville,Ultisols,5.1,sandy-loam,good,dry,moderate,moderate,moderate,red,68.1,17.5,14.4,2.0
14181100,40785793,Hayesville,Ultisols,5.1,sandy-loam,good,dry,moderate,moderate,moderate,red,68.1,17.5,14.4,2.0
14181101,40785798,Hayesville,Ultisols,5.1,sandy-loam,good,dry,moderate,moderate,moderate,red,68.1,17.5,14.4,2.0
14181102,40785801,Tallapoosa,Ultisols,4.8,sandy-loam,good,dry,low,moderate,moderate,red,68.3,12.0,19.7,0.75
14181103,40785805,Hayesville,Ultisols,5.1,loamy,good,dry,moderate,moderate,moderate,red,43.0,17.5,39.5,2.0
14181104,40785809,Tallapoosa,Ultisols,4.8,loamy,good,dry,low,moderate,moderate,red,43.8,16.0,40.2,0.25
14181105,40785814,Tallapoosa,Ultisols,4.8,sandy,good,dry,low,moderate,moderate,red,71.3,12.0,16.7,0.75
14181106,40785820,Chewacla,Inceptisols,5.5,loamy,poor,wet,moderate,moderate,high,brown,39.8,22.5,37.7,2.5
14181107,40785822,Chewacla,Inceptisols,5.5,loamy,poor,wet,moderate,moderate,high,brown,39.8,22.5,37.7,2.5
14181108,40785830,Talladega,Ultisols,5.0,loamy,good,dry,moderate,moderate,moderate,red,41.6,21.0,37.4,1.5
14181109,40785831,Wickham,Ultisols,5.3,sandy-loam,good,dry,low,moderate,moderate,red,67.5,11.5,21.0,1.25
14181110,40785834,Wickham,Ultisols,5.3,sandy-loam,good,dry,low,moderate,moderate,red,67.5,11.5,21.0,1.25
14181111,40785838,Tallapoosa,Ultisols,4.8,sandy,good,dry,low,moderate,moderate,red,71.3,12.0,16.7,0.75
14181112,40785841,Talladega,Ultisols,5.0,loamy,good,dry,moderate,moderate,moderate,red,41.6,21.0,37.4,1.5
14181113,40785845,Tallapoosa,Ultisols,4.8,sandy-loam,good,dry,low,moderate,moderate,red,68.3,12.0,19.7,0.75
14181114,40785852,Talladega,Ultisols,5.0,loamy,good,dry,moderate,moderate,moderate,red,41.6,21.0,37.4,1.5
14181115,40785853,Hayesville,Ultisols,5.1,sandy-loam,good,dry,moderate,moderate,moderate,red,68.1,17.5,14.4,2.0
14181116,40785857,Evard,Ultisols,5.3,sandy-loam,good,dry,moderate,moderate,moderate,red,67.9,12.5,19.6,3.0
14181117,40785861,Ashe,Inceptisols,5.3,loamy,good,dry,moderate,moderate,moderate,dark brown,43.0,17.5,39.5,3.0
14181118,40785866,Porters,Inceptisols,5.5,loamy,good,dry,high,moderate,high,black,43.0,17.5,39.5,5.5
14181119,40785868,Cartecay,Entisols,5.8,sandy-loam,poor,wet,moderate,moderate,moderate,brown,68.8,15.0,16.2,1.5
14181120,40785871,Saluda,Ultisols,5.5,sandy,good,dry,low,moderate,moderate,red,70.9,12.5,16.6,1.25
14181121,40785874,Tusquitee,Inceptisols,5.5,loamy,good,dry,high,moderate,moderate,black,45.7,12.5,41.8,5.5
14181122,40785877,Porters,Inceptisols,5.5,loamy,good,dry,high,moderate,moderate,black,44.3,15.0,40.7,5.5
14181123,40785880,Tallapoosa,Ultisols,4.8,sandy,good,dry,low,moderate,moderate,red,71.3,12.0,16.7,0.75
14181124,40785884,Edneyville,Inceptisols,5.3,sandy,good,dry,moderate,moderate,moderate,dark brown,70.9,12.5,16.6,3.5
14181125,40785889,Tusquitee,Inceptisols,5.5,loamy,good,dry,high,moderate,high,black,45.0,13.5,41.5,5.5
14181126,40785890,Edneyville,Inceptisols,5.3,loamy,good,dry,high,moderate,moderate,dark brown,45.3,11.5,43.2,4.5
14181127,40785893,Ashe,Inceptisols,5.3,sandy-loam,good,dry,moderate,moderate,moderate,dark brown,67.2,17.5,15.3,3.0
14181128,40785897,Dekalb,Inceptisols,4.0,sandy-loam,good,dry,moderate,moderate,moderate,dark brown,68.8,15.0,16.2,3.5
14181129,40785901,Tallapoosa,Ultisols,4.8,sandy-loam,good,dry,low,moderate,moderate,red,68.3,12.0,19.7,0.75
14181130,40785905,Tallapoosa,Ultisols,4.8,sandy,good,dry,low,moderate,moderate,red,71.3,12.0,16.7,0.75
14181131,40785911,Madison,Ultisols,5.5,sandy,good,dry,low,moderate,moderate,red,70.9,12.5,16.6,1.25
14181132,40785913,Hayesville,Ultisols,5.1,loamy,good,dry,moderate,moderate,moderate,red,43.0,17.5,39.5,2.0
14181133,40785917,Chewacla,Inceptisols,5.5,loamy,poor,wet,moderate,moderate,high,brown,39.8,22.5,37.7,2.5
14181134,40785922,Dekalb,Inceptisols,4.0,sandy-loam,good,dry,moderate,moderate,moderate,dark brown,68.8,15.0,16.2,3.5
14181135,40785929,Tallapoosa,Ultisols,4.8,loamy,good,dry,low,moderate,moderate,red,43.8,16.0,40.2,0.25
14181136,40785930,Evard,Ultisols,5.3,sandy-loam,good,dry,moderate,moderate,moderate,red,67.9,12.5,19.6,3.0
14181137,40785934,Lily,Ultisols,4.6,sandy,good,dry,moderate,moderate,moderate,red,70.9,12.5,16.6,2.25
14181138,40785938,Ramsey,Inceptisols,5.0,sandy-loam,good,dry,unknown,moderate,low,brown,64.8,16.5,18.7,
14181139,40785942,Hayesville,Ultisols,5.1,sandy-loam,good,dry,moderate,moderate,moderate,red,68.1,17.5,14.4,2.0
14181140,40785945,Toccoa,Entisols,5.8,sandy-loam,moderate,moderate,moderate,moderate,moderate,pale,69.7,8.5,21.8,1.5
14181141,40785947,Bradson,Ultisols,5.3,sandy,good,dry,moderate,loose,moderate,red,70.1,13.5,16.4,2.5
14181142,40785950,Pacolet,Ultisols,5.5,sandy-loam,good,dry,low,moderate,moderate,red,55.1,27.5,17.4,0.75
14181143,40785954,Madison,Ultisols,5.5,sandy-loam,good,dry,low,moderate,moderate,red,55.5,30.0,14.5,1.25
14181144,40785958,Cecil,Ultisols,5.5,sandy-loam,good,dry,low,moderate,moderate,red,55.1,27.5,17.4,0.75
14181145,40785962,Cecil,Ultisols,5.5,sandy-loam,good,dry,low,moderate,moderate,red,55.1,27.5,17.4,0.75
14181146,40785966,Pacolet,Ultisols,5.5,sandy-loam,good,dry,low,moderate,moderate,red,55.1,27.5,17.4,0.75
14181147,40785970,Hiwassee,Ultisols,5.5,loamy,good,dry,low,moderate,moderate,red,39.8,22.5,37.7,1.25
14181148,40785973,Louisa,Inceptisols,5.3,sandy-loam,good,dry,low,moderate,moderate,brown,68.1,17.5,14.4,1.25
14181149,40785977,Appling,Ultisols,5.5,sandy-loam,good,dry,low,moderate,moderate,red,67.9,12.5,19.6,1.25
14181150,40785981,Madison,Ultisols,5.5,sandy-loam,good,dry,low,moderate,moderate,red,67.9,12.5,19.6,1.25
14181151,40785985,Cecil,Ultisols,5.5,sandy-loam,good,dry,low,moderate,moderate,red,67.9,12.5,19.6,0.75
14181152,40785989,Riverview,Inceptisols,5.5,loamy,good,dry,low,moderate,high,brown,43.0,18.5,38.5,1.25
14181153,40785992,Pacolet,Ultisols,5.5,sandy-loam,good,dry,low,moderate,moderate,red,55.1,27.5,17.4,0.75
14181154,40785996,Madison,Ultisols,5.5,sandy-loam,good,dry,low,moderate,moderate,red,55.5,30.0,14.5,1.25
14181155,40786000,Madison,Ultisols,5.5,sandy-loam,good,dry,low,moderate,moderate,red,67.9,12.5,19.6,1.25
14181156,40786007,Cecil,Ultisols,5.5,sandy-loam,good,dry,low,moderate,moderate,red,67.9,12.5,19.6,0.75
14181157,40786009,Cecil,Ultisols,5.5,sandy-loam,good,dry,low,moderate,moderate,red,67.9,12.5,19.6,0.75
14181158,40786012,Pacolet,Ultisols,5.5,sandy-loam,good,dry,low,moderate,moderate,red,66.8,14.0,19.2,1.25
14181159,40786017,Madison,Ultisols,5.5,sandy-loam,good,dry,low,moderate,moderate,red,67.9,12.5,19.6,1.25
14181160,40786020,Madison,Ultisols,5.5,sandy-loam,good,dry,low,moderate,moderate,red,55.5,30.0,14.5,1.25
14181161,40786024,Davidson,Ultisols,5.5,clay-loam,good,dry,low,moderate,moderate,red,34.7,27.5,37.8,1.25
14181162,40786028,Cartecay,Entisols,5.8,sandy-loam,poor,wet,moderate,moderate,low,brown,68.3,12.0,19.7,1.5
14181163,40786031,Cecil,Ultisols,5.5,sandy-loam,good,dry,low,moderate,moderate,red,67.9,12.5,19.6,0.75
14181164,40786035,Madison,Ultisols,5.5,sandy-loam,good,dry,low,moderate,moderate,red,67.9,12.5,19.6,1.25
14181165,40786039,Musella,Ultisols,5.8,loamy,good,dry,low,moderate,moderate,red,35.8,25.0,39.2,1.25
14181166,40786046,Pacolet,Ultisols,5.5,sandy-loam,good,dry,low,moderate,moderate,red,66.8,14.0,19.2,1.25
14181167,40786050,Cecil,Ultisols,5.5,sandy-loam,good,dry,low,moderate,moderate,red,67.9,12.5,19.6,0.75
14181168,40786051,Cecil,Ultisols,5.5,sandy-loam,good,dry,low,moderate,moderate,red,55.1,27.5,17.4,0.75
14181169,40786056,Tusquitee,Inceptisols,5.5,loamy,good,dry,high,moderate,high,black,45.0,13.5,41.5,5.5
14181170,40786058,Pacolet,Ultisols,5.5,sandy-loam,good,dry,low,moderate,moderate,red,66.8,14.0,19.2,1.25
14181171,40786062,Tusquitee,Inceptisols,5.5,loamy,good,dry,high,moderate,moderate,black,45.7,12.5,41.8,5.5
14181172,40786065,Pacolet,Ultisols,5.5,sandy-loam,good,dry,low,moderate,low,red,66.8,14.0,19.2,1.25
14181173,40786069,Porters,Inceptisols,5.5,loamy,good,dry,high,moderate,high,black,43.0,17.5,39.5,5.5
14181174,40786072,Cecil,Ultisols,5.5,sandy-loam,good,dry,low,moderate,moderate,red,67.9,12.5,19.6,0.75
14181175,40786076,Madison,Ultisols,5.5,clay-loam,good,dry,low,moderate,moderate,red,33.5,30.0,36.5,1.25
14181176,40786080,Hayesville,Ultisols,5.1,sandy-loam,good,dry,moderate,moderate,moderate,red,68.1,17.5,14.4,2.0
14181177,40786084,Grover,Ultisols,5.5,sandy-loam,good,dry,low,moderate,moderate,red,67.7,11.0,21.3,1.25
14181178,40786087,Tusquitee,Inceptisols,5.5,loamy,good,dry,high,moderate,high,black,45.0,13.5,41.5,5.5
14181179,40786090,Fannin,Ultisols,5.5,sandy-loam,good,dry,moderate,moderate,moderate,red,68.8,15.0,16.2,3.0
14181180,40786093,Tallapoosa,Ultisols,4.8,sandy,good,dry,low,moderate,moderate,red,71.3,12.0,16.7,0.75
14181181,40786097,Tallapoosa,Ultisols,4.8,sandy,good,dry,low,moderate,moderate,red,71.3,12.0,16.7,0.75
14181182,40786104,Chewacla,Inceptisols,5.5,sandy-loam,poor,wet,moderate,moderate,moderate,brown,67.9,12.5,19.6,2.5
14181183,40786106,Edneyville,Inceptisols,5.3,loamy,good,dry,high,moderate,moderate,dark brown,45.3,11.5,43.2,4.5
14181184,40786110,Madison,Ultisols,5.5,clay-loam,good,dry,low,moderate,moderate,red,33.5,30.0,36.5,1.25
14181185,40786116,Tallapoosa,Ultisols,4.8,sandy,good,dry,low,moderate,moderate,red,71.3,12.0,16.7,0.75
14181186,40786117,Wilkes,Alfisols,5.8,sandy-loam,good,dry,low,moderate,moderate,brown,67.9,12.5,19.6,1.25
14181187,40786120,Iredell,Alfisols,6.2,sandy-loam,moderate,moderate,low,moderate,moderate,brown,65.9,15.0,19.1,1.25
14181188,40786124,Davidson,Ultisols,5.5,clay-loam,good,dry,low,moderate,moderate,red,34.7,27.5,37.8,1.25
14181189,40786131,Mecklenburg,Alfisols,6.5,sandy-loam,good,dry,low,moderate,moderate,brown,55.1,27.5,17.4,0.75
14181190,40786132,Enon,Alfisols,5.8,sandy-loam,good,dry,low,moderate,moderate,brown,66.9,10.0,23.1,1.25
14181191,40786136,Enon,Alfisols,5.8,sandy-loam,good,dry,low,moderate,moderate,brown,59.6,22.5,17.9,0.75
14181192,40786140,Mecklenburg,Alfisols,6.5,sandy-loam,good,dry,low,moderate,moderate,brown,55.1,27.5,17.4,0.75
14181193,40786144,Iredell,Alfisols,6.2,sandy-loam,moderate,moderate,low,moderate,moderate,brown,65.9,15.0,19.1,1.25
14181194,40786148,Cartecay,Entisols,5.8,sandy-loam,poor,wet,moderate,moderate,moderate,brown,68.8,15.0,16.2,1.5
14181195,40786151,Davidson,Ultisols,5.5,loamy,good,dry,low,moderate,moderate,red,41.6,21.0,37.4,1.25
14181196,40786155,Mecklenburg,Alfisols,6.5,sandy-loam,good,dry,low,moderate,moderate,brown,67.7,16.5,15.8,1.25
14181197,40786159,Wilkes,Alfisols,5.8,sandy-loam,good,dry,low,moderate,moderate,brown,67.9,12.5,19.6,1.25
14181198,40786162,Wilkes,Alfisols,5.8,sandy-loam,good,dry,low,moderate,moderate,brown,67.9,12.5,19.6,1.25
14181199,40786165,Ashlar,Inceptisols,5.3,sandy-loam,good,dry,low,moderate,moderate,brown,66.9,10.0,23.1,0.75
14181200,40786168,Enon,Alfisols,5.8,sandy-loam,good,dry,low,moderate,moderate,brown,66.9,10.0,23.1,1.25
14181201,40786172,Toccoa,Entisols,5.8,sandy-loam,moderate,moderate,moderate,moderate,moderate,pale,69.7,8.5,21.8,1.5
14181202,40786174,Vance,Ultisols,5.3,sandy-loam,good,dry,low,moderate,moderate,red,55.1,27.5,17.4,0.75
14181203,40786178,Mecklenburg,Alfisols,6.5,sandy-loam,good,dry,low,moderate,moderate,brown,55.1,27.5,17.4,0.75
14181204,40786181,Davidson,Ultisols,5.5,loamy,good,dry,low,moderate,moderate,red,41.6,21.0,37.4,1.25
14181205,40786185,Davidson,Ultisols,5.5,clay-loam,good,dry,low,moderate,moderate,red,34.7,27.5,37.8,1.25
14181206,40786189,Mecklenburg,Alfisols,6.5,sandy-loam,good,dry,low,moderate,moderate,brown,55.1,27.5,17.4,0.75
14181207,40786193,Appling,Ultisols,5.5,sandy-loam,good,dry,low,moderate,moderate,red,67.9,12.5,19.6,1.25
14181208,40786197,Georgeville,Ultisols,5.3,sandy-loam,good,dry,low,moderate,high,red,61.3,16.0,22.7,1.25
14181209,40786201,Wedowee,Ultisols,4.6,sandy-loam,good,dry,moderate,moderate,moderate,red,67.9,12.5,19.6,1.75
14181210,40786205,Georgeville,Ultisols,5.3,clay-loam,good,dry,low,moderate,moderate,red,35.4,31.0,33.6,0.25
14181211,40786209,Georgeville,Ultisols,5.3,clay-loam,good,dry,low,moderate,moderate,red,35.4,31.0,33.6,0.25
14181212,40786213,Wedowee,Ultisols,4.6,sandy-loam,good,dry,moderate,moderate,moderate,red,67.9,12.5,19.6,1.75
14181213,40786217,Toccoa,Entisols,5.8,loamy,moderate,moderate,moderate,moderate,moderate,pale,45.0,12.0,43.0,1.5
14181214,40786219,Georgeville,Ultisols,5.3,clay-loam,good,dry,low,moderate,moderate,red,35.4,31.0,33.6,0.25
14181215,40786223,Toccoa,Entisols,5.8,loamy,moderate,moderate,moderate,moderate,moderate,pale,45.0,12.0,43.0,1.5
14181216,40786225,Georgeville,Ultisols,5.3,clay-loam,good,dry,low,moderate,moderate,red,35.4,31.0,33.6,0.25
14181217,40786230,Georgeville,Ultisols,5.3,sandy-loam,good,dry,low,moderate,high,red,61.3,16.0,22.7,1.25
14181218,40786233,Wedowee,Ultisols,4.6,sandy-loam,good,dry,moderate,moderate,moderate,red,67.9,12.5,19.6,1.75
14181219,40786237,Mountainburg,Ultisols,5.3,sandy-loam,good,dry,moderate,moderate,low,red,67.5,11.5,21.0,2.0
14181220,40786244,Pacolet,Ultisols,5.5,sandy-loam,good,dry,low,moderate,low,red,66.8,14.0,19.2,1.25
14181221,40786245,Holston,Ultisols,5.0,sandy-loam,good,dry,low,moderate,high,red,67.2,17.5,15.3,1.25
14181222,40786248,Madison,Ultisols,5.5,sandy-loam,good,dry,low,moderate,moderate,red,55.5,30.0,14.5,1.25
14181223,40786252,Wehadkee,Inceptisols,5.5,sandy-loam,poor,wet,moderate,moderate,moderate,dark brown,67.9,12.5,19.6,3.5
14181224,40786255,Cecil,Ultisols,5.5,sandy-loam,good,dry,low,moderate,moderate,red,67.9,12.5,19.6,0.75
14181225,40786259,Ashlar,Inceptisols,5.3,sandy-loam,good,dry,low,moderate,moderate,brown,66.9,10.0,23.1,0.75
14181226,40786262,Pacolet,Ultisols,5.5,sandy-loam,good,dry,low,moderate,moderate,red,66.8,14.0,19.2,1.25
14181227,40786266,Cecil,Ultisols,5.5,sandy-loam,good,dry,low,moderate,moderate,red,55.1,27.5,17.4,0.75
14181228,40786270,Ashlar,Inceptisols,5.3,sandy-loam,good,dry,low,moderate,moderate,brown,66.9,10.0,23.1,0.75
14181229,40786273,Appling,Ultisols,5.5,sandy-loam,good,dry,low,moderate,moderate,red,67.9,12.5,19.6,1.25
14181230,40786277,Cartecay,Entisols,5.8,silty,poor,wet,moderate,moderate,moderate,brown,18.4,27.5,54.1,2.5
14181231,40786282,Pacolet,Ultisols,5.5,sandy-loam,good,dry,low,moderate,moderate,red,66.8,14.0,19.2,1.25
14181232,40786284,Appling,Ultisols,5.5,sandy-loam,good,dry,low,moderate,moderate,red,67.9,12.5,19.6,1.25
14181233,40786288,Ashlar,Inceptisols,5.3,sandy-loam,good,dry,low,moderate,moderate,brown,66.9,10.0,23.1,0.75
14181234,40786291,Cecil,Ultisols,5.5,sandy-loam,good,dry,low,moderate,moderate,red,67.9,12.5,19.6,0.75
14181235,40786295,Ashlar,Inceptisols,5.3,sandy-loam,good,dry,low,moderate,moderate,brown,66.9,10.0,23.1,0.75
14181236,40786298,Wedowee,Ultisols,4.6,sandy-loam,good,dry,moderate,moderate,moderate,red,67.9,12.5,19.6,1.75
14181237,40786302,Ashlar,Inceptisols,5.3,sandy-loam,good,dry,low,moderate,moderate,brown,66.9,10.0,23.1,0.75
14181238,40786305,Cecil,Ultisols,5.5,sandy-loam,good,dry,low,moderate,moderate,red,67.9,12.5,19.6,0.75
14181239,40786309,Appling,Ultisols,5.5,sandy-loam,good,dry,low,moderate,moderate,red,67.9,12.5,19.6,1.25
14181240,40786313,Wedowee,Ultisols,4.6,sandy-loam,good,dry,moderate,moderate,moderate,red,67.9,12.5,19.6,1.75
14181241,40786317,Appling,Ultisols,5.5,sandy-loam,good,dry,low,moderate,moderate,red,67.9,12.5,19.6,1.25
14181242,40786321,Norfolk,Ultisols,4.8,sandy,good,dry,low,compacted,low,red,78.5,5.0,16.5,1.25
14181243,40786325,Wagram,Ultisols,5.3,sandy,good,dry,low,compacted,low,red,77.7,6.0,16.3,1.25
14181244,40786327,Wedowee,Ultisols,4.6,sandy-loam,good,dry,moderate,moderate,moderate,red,67.9,12.5,19.6,1.75
14181245,40786331,Wagram,Ultisols,5.3,sandy,good,dry,low,compacted,low,red,77.7,6.0,16.3,1.25
14181246,40786333,Nankin,Ultisols,5.0,sandy-loam,good,dry,low,moderate,moderate,red,67.0,13.5,19.5,0.75
14181247,40786337,Ailey,Ultisols,5.5,sandy,good,dry,low,moderate,low,red,83.5,7.5,9.0,0.75
14181248,40786341,Lakeland,Entisols,5.3,sandy,good,dry,low,moderate,low,brown,93.6,5.0,1.4,0.75
14181249,40786343,Vaucluse,Ultisols,5.3,sandy,good,dry,low,moderate,low,red,77.7,6.0,16.3,0.75
14181250,40786347,Wagram,Ultisols,5.3,sandy,good,dry,low,compacted,low,red,77.7,6.0,16.3,1.25
14181251,40786349,Chewacla,Inceptisols,5.5,sandy-loam,poor,wet,moderate,moderate,moderate,brown,67.9,12.5,19.6,2.5
14181252,40786354,Vaucluse,Ultisols,5.3,sandy,good,dry,low,moderate,low,red,77.7,6.0,16.3,0.75
14181253,40786359,Bibb,Entisols,4.6,sandy-loam,poor,wet,moderate,compacted,moderate,brown,66.9,10.0,23.1,2.0
14181254,40786360,Orangeburg,Ultisols,5.3,sandy,good,dry,low,moderate,low,red,83.8,7.0,9.2,0.75
14181255,40786364,Cowarts,Ultisols,5.0,sandy-loam,good,dry,moderate,moderate,moderate,red,67.9,12.5,19.6,2.0
14181256,40786368,Troup,Ultisols,5.3,sandy,good,dry,low,moderate,low,red,92.9,5.5,1.6,0.75
14181257,40786370,Ailey,Ultisols,5.5,sandy,good,dry,low,moderate,low,red,83.5,7.5,9.0,0.75
14181258,40786376,Lucy,Ultisols,5.6,sandy,good,dry,low,moderate,moderate,red,84.3,6.5,9.2,0.75
14181259,40786378,Cowarts,Ultisols,5.0,sandy,good,dry,low,moderate,low,red,84.3,6.5,9.2,1.25
14181260,40786381,Orangeburg,Ultisols,5.3,sandy,good,dry,low,moderate,low,red,83.8,7.0,9.2,0.75
14181261,40786385,Norfolk,Ultisols,4.8,sandy,good,dry,low,compacted,low,red,78.5,5.0,16.5,1.25
14181262,40786389,Vaucluse,Ultisols,5.3,sandy,good,dry,low,moderate,low,red,77.7,6.0,16.3,0.75
14181263,40786393,Fuquay,Ultisols,5.3,sandy,good,dry,low,compacted,low,red,77.7,6.0,16.3,1.25
14181264,40786397,Lakeland,Entisols,5.3,sandy,good,dry,low,moderate,low,brown,93.6,5.0,1.4,0.75
14181265,40786399,Ailey,Ultisols,5.5,sandy,good,dry,low,moderate,low,red,83.5,7.5,9.0,0.75
14181266,40786403,Bibb,Entisols,4.6,sandy-loam,poor,wet,moderate,compacted,moderate,brown,66.9,10.0,23.1,2.0
14181267,40786405,Vaucluse,Ultisols,5.3,sandy,good,dry,low,moderate,low,red,77.7,6.0,16.3,0.75
14181268,40786412,Nankin,Ultisols,5.0,sandy,good,dry,low,moderate,low,red,82.5,8.5,9.0,0.75
14181269,40786413,Lakeland,Entisols,5.3,sandy,good,dry,low,moderate,low,brown,93.6,5.0,1.4,0.75
14181270,40786415,Orangeburg,Ultisols,5.3,sandy-loam,good,dry,low,moderate,low,red,66.0,11.0,23.0,1.25
14181271,40786419,Vaucluse,Ultisols,5.3,sandy,good,dry,low,moderate,low,red,77.7,6.0,16.3,0.75
14181272,40786423,Lakeland,Entisols,5.3,sandy,good,dry,low,moderate,low,brown,93.6,5.0,1.4,0.75
14181273,40786425,Lucy,Ultisols,5.6,sandy,good,dry,low,moderate,moderate,red,84.3,6.5,9.2,0.75
14181274,40786428,Orangeburg,Ultisols,5.3,sandy,good,dry,low,moderate,low,red,83.8,7.0,9.2,0.75
14181275,40786432,Vaucluse,Ultisols,5.3,sandy,good,dry,low,moderate,low,red,77.7,6.0,16.3,0.75
14181276,40786436,Ailey,Ultisols,5.5,sandy,good,dry,low,moderate,low,red,83.5,7.5,9.0,0.75
14181277,40786440,Susquehanna,Alfisols,5.0,sandy-loam,poor,wet,low,moderate,moderate,brown,69.1,7.0,23.9,1.25
14181278,40786442,Orangeburg,Ultisols,5.3,sandy,good,dry,low,moderate,low,red,83.8,7.0,9.2,0.75
14181279,40786446,Lakeland,Entisols,5.3,sandy,good,dry,low,moderate,low,brown,93.6,5.0,1.4,0.75
14181280,40786448,Lucy,Ultisols,5.6,sandy,good,dry,low,moderate,moderate,red,84.3,6.5,9.2,0.75
14181281,40786451,Bibb,Entisols,4.6,sandy-loam,poor,wet,moderate,compacted,moderate,brown,66.9,10.0,23.1,2.0
14181282,40786456,Ailey,Ultisols,5.5,sandy,good,dry,low,moderate,low,red,83.5,7.5,9.0,0.75
14181283,40786457,Chewacla,Inceptisols,5.5,sandy-loam,poor,wet,moderate,moderate,moderate,brown,67.9,12.5,19.6,2.5
14181284,40786465,Red Bay,Ultisols,5.3,sandy,good,dry,low,moderate,low,red,83.0,8.0,9.0,1.25
14181285,40786466,Ailey,Ultisols,5.5,sandy,good,dry,low,moderate,low,red,83.5,7.5,9.0,0.75
14181286,40786470,Faceville,Ultisols,5.0,sandy-loam,good,dry,low,moderate,low,red,67.9,12.5,19.6,1.25
14181287,40786473,Faceville,Ultisols,5.0,sandy-loam,good,dry,low,moderate,low,red,67.9,12.5,19.6,1.25
14181288,40786476,Ailey,Ultisols,5.5,sandy,good,dry,low,moderate,low,red,83.5,7.5,9.0,0.75
14181289,40786480,Cecil,Ultisols,5.5,sandy-loam,good,dry,low,moderate,moderate,red,55.1,27.5,17.4,0.75
14181290,40786484,Carnegie,Ultisols,5.3,sandy-loam,good,dry,moderate,moderate,low,red,65.4,5.5,29.1,1.5
14181291,40786488,Orangeburg,Ultisols,5.3,sandy-loam,good,dry,low,moderate,low,red,66.0,11.0,23.0,1.25
14181292,40786492,Norfolk,Ultisols,4.8,sandy,good,dry,low,compacted,low,red,78.5,5.0,16.5,1.25
14181293,40786498,Orangeburg,Ultisols,5.3,sandy,good,dry,low,moderate,low,red,83.8,7.0,9.2,0.75
14181294,40786500,Lakeland,Entisols,5.3,sandy,good,dry,low,moderate,low,brown,93.6,5.0,1.4,0.75
14181295,40786502,Norfolk,Ultisols,4.8,sandy,good,dry,low,compacted,low,red,78.5,5.0,16.5,1.25
14181296,40786508,Orangeburg,Ultisols,5.3,sandy-loam,good,dry,low,moderate,low,red,66.0,11.0,23.0,1.25
14181297,40786510,Hornsville,Ultisols,4.8,sandy-loam,moderate,moderate,moderate,moderate,moderate,red,68.1,10.5,21.4,2.5
14181298,40786513,Buncombe,Entisols,5.5,sandy,good,dry,low,compacted,low,brown,83.5,7.5,9.0,0.75
14181299,40786516,Meggett,Alfisols,5.5,loamy,poor,wet,high,moderate,high,dark brown,42.1,20.0,37.9,5.0
14181300,40786520,Kolomoki,Ultisols,5.5,sandy,good,dry,moderate,moderate,low,red,71.3,12.0,16.7,1.75
14181302,40786525,Riverview,Inceptisols,5.5,loamy,good,dry,low,moderate,high,brown,43.0,18.5,38.5,1.25
14181303,40786528,Wahee,Ultisols,5.3,sandy,poor,wet,moderate,moderate,moderate,red,70.9,12.5,16.6,2.75
14181304,40786531,Lakeland,Entisols,5.3,sandy,good,dry,low,moderate,low,brown,93.6,5.0,1.4,0.75
14181305,40786533,Esto,Ultisols,4.6,sandy-loam,good,dry,low,moderate,moderate,red,66.8,14.0,19.2,1.25
14181306,40786536,Norfolk,Ultisols,4.8,sandy,good,dry,low,compacted,low,red,78.5,5.0,16.5,1.25
14181307,40786540,Susquehanna,Alfisols,5.0,sandy-loam,poor,wet,low,moderate,moderate,brown,69.1,7.0,23.9,1.25
14181308,40786542,Norfolk,Ultisols,4.8,sandy,good,dry,low,compacted,low,red,78.5,5.0,16.5,1.25
14181309,40786546,Norfolk,Ultisols,4.8,sandy,good,dry,low,compacted,low,red,78.5,5.0,16.5,1.25
14181310,40786551,Alapaha,Ultisols,5.0,sandy,poor,wet,moderate,moderate,low,red,83.8,7.0,9.2,1.5
14181311,40786555,Dothan,Ultisols,5.3,sandy,good,dry,low,moderate,low,red,81.1,10.0,8.9,0.25
14181312,40786556,Susquehanna,Alfisols,5.0,sandy-loam,poor,wet,low,moderate,moderate,brown,69.1,7.0,23.9,1.25
14181313,40786558,Esto,Ultisols,4.6,sandy-loam,good,dry,low,moderate,moderate,red,66.8,14.0,19.2,1.25
14181314,40786564,Cowarts,Ultisols,5.0,sandy,good,dry,low,moderate,low,red,84.3,6.5,9.2,1.25
14181315,40786565,Dunbar,Ultisols,5.0,sandy-loam,poor,wet,moderate,moderate,moderate,red,68.0,16.0,16.0,3.0
14181316,40786570,Meggett,Alfisols,5.5,loamy,poor,wet,high,moderate,high,dark brown,42.1,20.0,37.9,5.0
14181317,40786572,Bladen,Ultisols,4.6,sandy-loam,poor,wet,moderate,moderate,moderate,red,68.8,15.0,16.2,2.0
14181318,40786576,Ocilla,Ultisols,5.0,sandy,poor,wet,moderate,moderate,low,red,83.8,7.0,9.2,1.5
14181319,40786579,Kershaw,Entisols,5.3,sandy,good,dry,low,moderate,low,brown,95.5,3.0,1.5,0.75
14181320,40786580,Meggett,Alfisols,5.5,loamy,poor,wet,high,moderate,high,dark brown,42.1,20.0,37.9,5.0
14181321,40786586,Dunbar,Ultisols,5.0,sandy-loam,poor,wet,moderate,moderate,moderate,red,68.0,16.0,16.0,3.0
14181322,40786587,Faceville,Ultisols,5.0,sandy-loam,good,dry,low,moderate,low,red,67.9,12.5,19.6,1.25
14181323,40786590,Tifton,Ultisols,5.3,sandy,good,dry,low,moderate,low,red,78.1,5.5,16.4,0.75
14181324,40786595,Albany,Ultisols,5.1,sandy,poor,wet,moderate,moderate,low,red,92.9,5.5,1.6,1.5
14181325,40786598,Orangeburg,Ultisols,5.3,sandy,good,dry,low,moderate,low,red,83.8,7.0,9.2,0.75
14181326,40786604,Orangeburg,Ultisols,5.3,sandy,good,dry,low,moderate,low,red,83.8,7.0,9.2,0.75
14181327,40786606,Lakeland,Entisols,5.3,sandy,good,dry,low,moderate,low,brown,93.6,5.0,1.4,0.75
14181328,40786608,Greenville,Ultisols,5.3,sandy-loam,good,dry,low,moderate,moderate,red,67.9,12.5,19.6,1.25
14181329,40786610,Grady,Ultisols,4.6,sandy-loam,poor,wet,moderate,moderate,moderate,red,68.1,17.5,14.4,2.5
14181330,40786613,Herod,Entisols,5.6,sandy-loam,poor,wet,moderate,moderate,moderate,dark brown,65.9,15.0,19.1,4.0
14181331,40786616,Faceville,Ultisols,5.0,sandy-loam,good,dry,low,moderate,low,red,67.9,12.5,19.6,1.25
14181332,40786619,Greenville,Ultisols,5.3,sandy-loam,good,dry,low,moderate,moderate,red,67.9,12.5,19.6,1.25
14181333,40786621,Red Bay,Ultisols,5.3,sandy-loam,good,dry,low,moderate,moderate,red,67.0,13.5,19.5,1.25
14181334,40786625,Lucy,Ultisols,5.6,sandy,good,dry,low,moderate,moderate,red,84.3,6.5,9.2,0.75
14181335,40786628,Bonneau,Ultisols,5.3,sandy,good,dry,low,moderate,low,red,81.1,10.0,8.9,1.25
14181336,40786631,Orangeburg,Ultisols,5.3,sandy-loam,good,dry,low,moderate,low,red,66.0,11.0,23.0,1.25
14181337,40786635,Dothan,Ultisols,5.3,sandy,good,dry,low,moderate,low,red,81.1,10.0,8.9,0.25
14181338,40786638,Chastain,Inceptisols,5.3,loamy,poor,wet,moderate,moderate,moderate,dark brown,38.5,25.0,36.5,3.5
14181339,40786641,Riverview,Inceptisols,5.5,loamy,good,dry,low,moderate,high,brown,43.0,18.5,38.5,1.25
14181340,40786644,Chewacla,Inceptisols,5.5,loamy,poor,wet,moderate,moderate,high,brown,39.8,22.5,37.7,2.5
14181341,40786649,Esto,Ultisols,4.6,sandy-loam,good,dry,low,moderate,moderate,red,66.8,14.0,19.2,1.25
14181342,40786654,Nankin,Ultisols,5.0,sandy-loam,good,dry,unknown,moderate,moderate,red,57.0,25.0,18.0,
14181343,40786656,Troup,Ultisols,5.3,sandy,good,dry,low,moderate,low,red,92.9,5.5,1.6,0.75
14181344,40786658,Bibb,Entisols,4.6,sandy-loam,poor,wet,moderate,compacted,moderate,brown,66.9,10.0,23.1,2.0
14181345,40786660,Vaucluse,Ultisols,5.3,sandy,good,dry,low,moderate,low,red,77.7,6.0,16.3,0.75
14181346,40786664,Wagram,Ultisols,5.3,sandy,good,dry,low,compacted,low,red,77.7,6.0,16.3,1.25
14181347,40786666,Ochlockonee,Entisols,5.5,sandy-loam,good,dry,low,moderate,moderate,brown,66.3,10.5,23.2,1.25
14181348,40786669,Lucy,Ultisols,5.6,sandy,good,dry,low,moderate,moderate,red,84.3,6.5,9.2,0.75
14181349,40786673,Esto,Ultisols,4.6,sandy-loam,good,dry,low,moderate,moderate,red,66.8,14.0,19.2,1.25
14181350,40786675,Orangeburg,Ultisols,5.3,sandy-loam,good,dry,low,moderate,low,red,66.0,11.0,23.0,1.25
14181351,40786680,Ailey,Ultisols,5.5,sandy,good,dry,low,moderate,low,red,83.5,7.5,9.0,0.75
14181352,40786683,Troup,Ultisols,5.3,sandy,good,dry,low,moderate,low,red,92.9,5.5,1.6,0.75
14181353,40786685,Tifton,Ultisols,5.3,sandy,good,dry,low,moderate,low,red,78.1,5.5,16.4,0.75
14181354,40786690,Nankin,Ultisols,5.0,sandy-loam,good,dry,low,moderate,moderate,red,67.0,13.5,19.5,0.75
14181355,40786694,Dothan,Ultisols,5.3,sandy,good,dry,low,moderate,low,red,81.1,10.0,8.9,0.25
14181356,40786697,Dothan,Ultisols,5.3,sandy,good,dry,low,moderate,low,red,81.1,10.0,8.9,0.25
14181357,40786700,Sunsweet,Ultisols,5.0,sandy-loam,good,dry,low,moderate,moderate,red,66.9,10.0,23.1,0.75
14181358,40786703,Cowarts,Ultisols,5.0,sandy,good,dry,low,moderate,low,red,84.3,6.5,9.2,1.25
14181359,40786707,Fuquay,Ultisols,5.3,sandy,good,dry,low,compacted,low,red,77.7,6.0,16.3,1.25
14181360,40786711,Troup,Ultisols,5.3,sandy,good,dry,low,moderate,low,red,92.9,5.5,1.6,0.75
14181361,40786713,Pelham,Ultisols,4.6,sandy,poor,wet,moderate,compacted,low,red,83.5,7.5,9.0,1.5
14181362,40786716,Fuquay,Ultisols,5.3,sandy,good,dry,low,compacted,low,red,77.7,6.0,16.3,1.25
14181363,40786720,Cowarts,Ultisols,5.0,sandy,good,dry,low,moderate,low,red,84.3,6.5,9.2,1.25
14181364,40786724,Dothan,Ultisols,5.3,sandy,good,dry,low,moderate,low,red,81.1,10.0,8.9,0.25
14181365,40786727,Grady,Ultisols,4.6,sandy-loam,poor,wet,moderate,moderate,moderate,red,67.2,17.5,15.3,2.5
14181366,40786730,Tifton,Ultisols,5.3,sandy,good,dry,low,moderate,low,red,78.1,5.5,16.4,0.75
14181367,40786736,Goldsboro,Ultisols,4.6,sandy,moderate,moderate,low,compacted,low,red,78.5,5.0,16.5,1.25
14181368,40786739,Plummer,Ultisols,4.6,sandy,poor,wet,moderate,moderate,low,red,78.1,5.5,16.4,2.0
14181369,40786741,Fuquay,Ultisols,5.3,sandy,good,dry,low,compacted,low,red,77.7,6.0,16.3,1.25
14181370,40786745,Dothan,Ultisols,5.3,sandy,good,dry,low,moderate,low,red,81.1,10.0,8.9,0.25
14181371,40786748,Carnegie,Ultisols,5.3,sandy-loam,good,dry,moderate,moderate,low,red,65.4,5.5,29.1,1.5
14181372,40786752,Dothan,Ultisols,5.3,sandy,good,dry,low,moderate,low,red,81.1,10.0,8.9,0.25
14181373,40786755,Tifton,Ultisols,5.3,sandy,good,dry,low,moderate,low,red,78.1,5.5,16.4,0.75
14181374,40786761,Clarendon,Ultisols,5.5,sandy,moderate,moderate,moderate,moderate,moderate,red,77.7,6.0,16.3,1.75
14181375,40786763,Dothan,Ultisols,5.3,sandy,good,dry,low,moderate,low,red,81.1,10.0,8.9,0.25
14181376,40786766,Blanton,Ultisols,5.3,sandy,moderate,dry,low,moderate,low,red,95.4,4.0,0.6,0.75
14181377,40786769,Ousley,Entisols,5.3,sandy,moderate,moderate,low,moderate,low,brown,97.3,2.0,0.7,0.25
14181379,40786773,Rains,Ultisols,5.1,sandy-loam,poor,wet,moderate,moderate,moderate,red,67.9,12.5,19.6,3.5
14181380,40786777,Bayboro,Ultisols,4.6,loamy,poor,wet,high,moderate,high,black,39.8,22.5,37.7,7.0
14181381,40786781,Kinston,Inceptisols,5.3,sandy-loam,poor,wet,moderate,moderate,moderate,dark brown,67.5,11.5,21.0,3.5
14181382,40786782,Osier,Entisols,4.8,sandy,poor,wet,moderate,moderate,low,dark brown,92.9,5.5,1.6,3.5
14181383,40786785,Bibb,Entisols,4.6,sandy-loam,poor,wet,moderate,compacted,moderate,brown,66.9,10.0,23.1,2.0
14181385,40786789,Albany,Ultisols,5.1,sandy,poor,wet,moderate,moderate,low,red,78.1,5.5,16.4,1.5
14181386,40786794,Ocilla,Ultisols,5.0,sandy,poor,wet,moderate,moderate,low,red,83.8,7.0,9.2,1.5
14181387,40786795,Pelham,Ultisols,5.0,sandy,poor,wet,moderate,compacted,low,red,83.5,7.5,9.0,1.5
14181388,40786798,Troup,Ultisols,5.3,sandy,good,dry,low,moderate,low,red,92.9,5.5,1.6,0.75
14181389,40786800,Grady,Ultisols,4.6,sandy-loam,poor,wet,moderate,moderate,moderate,red,67.2,17.5,15.3,2.5
14181390,40786803,Troup,Ultisols,5.3,sandy,good,dry,low,moderate,moderate,red,83.8,7.0,9.2,0.75
14181391,40786805,Johnston,Inceptisols,5.0,sandy-loam,poor,wet,high,moderate,moderate,black,67.5,11.5,21.0,5.5
14181392,40786808,Lucy,Ultisols,5.6,sandy,good,dry,low,moderate,moderate,red,84.3,6.5,9.2,0.75
14181393,40786815,Tifton,Ultisols,5.3,sandy,good,dry,low,moderate,low,red,78.1,5.5,16.4,0.75
14181394,40786816,Duplin,Ultisols,5.0,sandy,moderate,moderate,low,moderate,low,red,83.3,12.5,4.2,1.25
14181395,40786818,Bonifay,Ultisols,5.5,sandy,good,dry,moderate,moderate,low,red,82.2,9.0,8.8,1.75
14181396,40786821,Leefield,Ultisols,5.3,sandy,poor,wet,moderate,moderate,low,red,84.3,6.5,9.2,1.5
14181397,40786824,Americus,Ultisols,5.0,sandy,good,dry,low,moderate,low,red,83.5,7.5,9.0,0.75
14181398,40786828,Cowarts,Ultisols,5.0,sandy,good,dry,low,moderate,low,red,84.3,6.5,9.2,1.25
14181399,40786831,Goldsboro,Ultisols,4.6,sandy,moderate,moderate,low,compacted,low,red,78.5,5.0,16.5,1.25
14181400,40786835,Red Bay,Ultisols,5.3,sandy-loam,good,dry,low,moderate,moderate,red,67.0,13.5,19.5,1.25
14181401,40786839,Wicksburg,Ultisols,5.3,sandy,good,dry,low,moderate,low,red,91.5,4.5,4.0,0.75
14181402,40786842,Lakeland,Entisols,5.3,sandy,good,dry,low,moderate,low,brown,93.6,5.0,1.4,0.75
14181403,40786844,Pelham,Ultisols,5.0,sandy,poor,wet,moderate,compacted,low,red,83.5,7.5,9.0,1.5
14181404,40786849,Fuquay,Ultisols,5.3,sandy,good,dry,low,compacted,low,red,77.7,6.0,16.3,1.25
14181405,40786851,Rains,Ultisols,5.5,sandy-loam,poor,wet,moderate,moderate,moderate,red,67.9,12.5,19.6,3.5
14181406,40786855,Susquehanna,Alfisols,5.0,sandy,poor,wet,low,moderate,low,brown,77.7,6.0,16.3,0.75
14181407,40786857,Ocilla,Ultisols,5.0,sandy,poor,wet,moderate,moderate,low,red,83.8,7.0,9.2,1.5
14181408,40786860,Wagram,Ultisols,5.3,sandy,good,dry,low,compacted,low,red,77.7,6.0,16.3,1.25
14181409,40786862,Pelham,Ultisols,4.6,sandy,poor,wet,moderate,compacted,low,red,83.5,7.5,9.0,1.5
14181410,40786865,Grady,Ultisols,4.6,loamy,poor,wet,moderate,moderate,moderate,red,38.5,25.0,36.5,2.5
14181411,40786868,Orangeburg,Ultisols,5.3,sandy,good,dry,low,moderate,low,red,83.8,7.0,9.2,0.75
14181412,40786872,Rains,Ultisols,5.1,sandy,poor,wet,moderate,moderate,low,red,77.7,6.0,16.3,3.5
14181413,40786876,Tifton,Ultisols,5.3,sandy,good,dry,low,moderate,low,red,78.1,5.5,16.4,0.75
14181414,40786882,Irvington,Ultisols,5.5,sandy-loam,moderate,moderate,low,moderate,moderate,red,67.0,13.5,19.5,1.25
14181415,40786885,Tifton,Ultisols,5.3,sandy-loam,good,dry,moderate,moderate,low,red,65.9,15.0,19.1,1.5
14181416,40786890,Norfolk,Ultisols,4.8,sandy,good,dry,low,compacted,low,red,78.5,5.0,16.5,1.25
14181417,40786897,Goldsboro,Ultisols,4.6,sandy,moderate,moderate,low,compacted,low,red,78.5,5.0,16.5,1.25
14181418,40786898,Bonifay,Ultisols,5.5,sandy,good,dry,low,moderate,low,red,92.7,6.0,1.3,1.25
14181419,40786901,Rains,Ultisols,5.1,sandy-loam,poor,wet,moderate,moderate,moderate,red,67.9,12.5,19.6,3.5
14181420,40786905,Tifton,Ultisols,5.3,sandy,good,dry,low,moderate,low,red,78.1,5.5,16.4,0.75
14181421,40786910,Grady,Ultisols,4.6,sandy-loam,poor,wet,moderate,moderate,moderate,red,67.2,17.5,15.3,2.5
14181422,40786913,Susquehanna,Alfisols,5.0,sandy-loam,poor,wet,low,moderate,moderate,brown,69.1,7.0,23.9,1.25
14181423,40786915,Cowarts,Ultisols,5.0,sandy,good,dry,low,moderate,low,red,84.3,6.5,9.2,1.25
14181424,40786919,Fuquay,Ultisols,5.3,sandy,good,dry,low,compacted,low,red,77.7,6.0,16.3,1.25
14181425,40786923,Osier,Entisols,4.8,sandy,poor,wet,moderate,moderate,low,dark brown,78.1,5.5,16.4,3.5
14181426,40786926,Cowarts,Ultisols,5.0,sandy,good,dry,low,moderate,low,red,84.3,6.5,9.2,1.25
14181427,40786930,Troup,Ultisols,5.3,sandy,good,dry,low,moderate,low,red,92.9,5.5,1.6,0.75
14181428,40786932,Esto,Ultisols,4.6,sandy,good,dry,low,moderate,low,red,81.7,9.5,8.8,0.75
14181429,40786935,Dothan,Ultisols,5.3,sandy,good,dry,low,moderate,low,red,81.1,10.0,8.9,0.25
14181430,40786938,Fuquay,Ultisols,5.3,sandy,good,dry,low,compacted,low,red,77.7,6.0,16.3,1.25
14181431,40786942,Troup,Ultisols,5.3,sandy,good,dry,low,moderate,low,red,92.9,5.5,1.6,0.75
14181432,40786944,Pelham,Ultisols,5.0,sandy,poor,wet,moderate,compacted,low,red,83.5,7.5,9.0,1.5
14181433,40786948,Ocilla,Ultisols,5.0,sandy,poor,wet,moderate,moderate,low,red,83.8,7.0,9.2,1.5
14181434,40786950,Pelham,Ultisols,4.6,sandy,poor,wet,moderate,compacted,low,red,83.5,7.5,9.0,1.5
14181435,40786954,Osier,Entisols,4.8,sandy,poor,wet,moderate,moderate,low,dark brown,78.1,5.5,16.4,3.5
14181436,40786956,Alapaha,Ultisols,5.0,sandy,poor,wet,moderate,moderate,low,red,83.8,7.0,9.2,1.5
14181437,40786959,Stilson,Ultisols,5.0,sandy,moderate,moderate,low,moderate,low,red,78.1,5.5,16.4,0.75
14181438,40786962,Tifton,Ultisols,5.3,sandy,good,dry,low,moderate,low,red,78.1,5.5,16.4,0.75
14181439,40786967,Tifton,Ultisols,5.3,sandy,good,dry,low,moderate,low,red,78.1,5.5,16.4,0.75
14181440,40786972,Fuquay,Ultisols,5.3,sandy,good,dry,low,compacted,low,red,77.7,6.0,16.3,1.25
14181441,40786976,Leefield,Ultisols,5.3,sandy,poor,wet,moderate,moderate,low,red,84.3,6.5,9.2,1.5
14181442,40786979,Dothan,Ultisols,5.3,sandy,good,dry,low,moderate,low,red,81.1,10.0,8.9,0.25
14181443,40786982,Clarendon,Ultisols,5.5,sandy,moderate,moderate,moderate,moderate,moderate,red,77.7,6.0,16.3,1.75
14181444,40786985,Ardilla,Ultisols,5.3,sandy,poor,wet,low,moderate,low,red,82.5,8.5,9.0,0.75
14181445,40786988,Irvington,Ultisols,5.5,sandy-loam,moderate,moderate,low,moderate,moderate,red,67.0,13.5,19.5,1.25
14181446,40786992,Orangeburg,Ultisols,5.3,sandy,good,dry,low,moderate,low,red,83.8,7.0,9.2,0.75
14181447,40786996,Bibb,Entisols,4.6,sandy-loam,poor,wet,moderate,compacted,moderate,brown,66.9,10.0,23.1,2.0
14181448,40786998,Orangeburg,Ultisols,5.3,sandy,good,dry,low,moderate,low,red,83.8,7.0,9.2,0.75
14181449,40787002,Orangeburg,Ultisols,5.3,sandy-loam,good,dry,low,moderate,low,red,66.0,11.0,23.0,1.25
14181450,40787006,Lucy,Ultisols,5.6,sandy,good,dry,low,moderate,moderate,red,84.3,6.5,9.2,0.75
14181451,40787009,Udorthents,Entisols,6.2,sandy-loam,unknown,moderate,low,moderate,moderate,brown,55.5,30.0,14.5,0.5
14181452,40787010,Lakeland,Entisols,5.3,sandy,good,dry,low,moderate,low,brown,93.6,5.0,1.4,0.75
14181453,40787012,Vaucluse,Ultisols,5.3,sandy,good,dry,low,moderate,low,red,77.7,6.0,16.3,0.75
14181454,40787016,Orangeburg,Ultisols,5.3,sandy-loam,good,dry,low,moderate,low,red,66.0,11.0,23.0,1.25
14181455,40787020,Ailey,Ultisols,5.5,sandy,good,dry,low,moderate,low,red,83.5,7.5,9.0,0.75
14181456,40787024,Tifton,Ultisols,5.3,sandy-loam,good,dry,moderate,moderate,low,red,65.9,15.0,19.1,1.5
14181457,40787029,Fuquay,Ultisols,5.3,sandy,good,dry,low,compacted,low,red,77.7,6.0,16.3,1.25
14181458,40787033,Alapaha,Ultisols,5.0,sandy,poor,wet,moderate,moderate,low,red,83.8,7.0,9.2,1.5
14181459,40787036,Leefield,Ultisols,5.3,sandy,poor,wet,moderate,moderate,low,red,84.3,6.5,9.2,1.5
14181460,40787039,Stilson,Ultisols,5.0,sandy,moderate,moderate,low,moderate,low,red,78.1,5.5,16.4,0.75
14181461,40787042,Tifton,Ultisols,5.3,sandy,good,dry,low,moderate,low,red,78.1,5.5,16.4,0.75
14181462,40787051,Tifton,Ultisols,5.3,sandy,good,dry,low,moderate,low,red,78.1,5.5,16.4,0.75
14181463,40787053,Irvington,Ultisols,5.5,sandy-loam,moderate,moderate,low,moderate,moderate,red,67.0,13.5,19.5,1.25
14181464,40787056,Dothan,Ultisols,5.3,sandy,good,dry,low,moderate,low,red,81.1,10.0,8.9,0.25
14181465,40787061,Cowarts,Ultisols,5.0,sandy-loam,good,dry,moderate,moderate,moderate,red,67.9,12.5,19.6,2.0
14181466,40787066,Orangeburg,Ultisols,5.3,sandy-loam,good,dry,low,moderate,low,red,66.0,11.0,23.0,1.25
14181467,40787067,Pelham,Ultisols,5.0,sandy,poor,wet,moderate,compacted,low,red,83.5,7.5,9.0,1.5
14181468,40787070,Hornsville,Ultisols,4.8,sandy-loam,moderate,moderate,moderate,moderate,moderate,red,68.1,10.5,21.4,2.5
14181469,40787074,Bibb,Entisols,4.6,sandy-loam,poor,wet,moderate,compacted,moderate,brown,68.5,10.0,21.5,2.0
14181470,40787075,Maxton,Ultisols,5.3,sandy,good,dry,low,compacted,low,red,79.2,4.0,16.8,1.25
14181471,40787078,Esto,Ultisols,4.6,sandy-loam,good,dry,low,moderate,moderate,red,66.8,14.0,19.2,1.25
14181472,40787081,Wahee,Ultisols,5.3,sandy,poor,wet,moderate,moderate,moderate,red,70.9,12.5,16.6,2.75
14181473,40787084,Henderson,Ultisols,5.0,sandy-loam,good,dry,low,moderate,moderate,red,66.5,18.5,15.0,1.25
14181474,40787087,Bibb,Entisols,4.6,sandy-loam,poor,wet,moderate,compacted,moderate,brown,66.9,10.0,23.1,2.0
14181475,40787089,Lucy,Ultisols,5.6,sandy,good,dry,low,moderate,moderate,red,84.3,6.5,9.2,0.75
14181476,40787092,Carnegie,Ultisols,5.3,sandy-loam,good,dry,moderate,moderate,low,red,65.4,5.5,29.1,1.5
14181477,40787096,Esto,Ultisols,4.6,sandy-loam,good,dry,low,moderate,moderate,red,66.8,14.0,19.2,1.25
14181478,40787099,Carnegie,Ultisols,5.3,sandy-loam,good,dry,moderate,moderate,low,red,65.4,5.5,29.1,1.5
14181479,40787103,Lucy,Ultisols,5.6,sandy,good,dry,low,moderate,moderate,red,84.3,6.5,9.2,0.75
14181480,40787107,Tifton,Ultisols,5.3,sandy-loam,good,dry,moderate,moderate,low,red,65.9,15.0,19.1,1.5
14181481,40787111,Henderson,Ultisols,5.0,sandy-loam,good,dry,low,moderate,moderate,red,66.5,18.5,15.0,1.25
14181482,40787114,Orangeburg,Ultisols,5.3,sandy,good,dry,low,moderate,low,red,83.8,7.0,9.2,0.75
14181483,40787118,Pelham,Ultisols,5.0,sandy,poor,wet,moderate,compacted,low,red,83.5,7.5,9.0,1.5
14181484,40787121,Bonneau,Ultisols,5.3,sandy,good,dry,low,moderate,low,red,93.6,5.0,1.4,1.25
14181485,40787124,Plummer,Ultisols,4.6,sandy,poor,wet,moderate,moderate,low,red,95.4,4.0,0.6,2.0
14181486,40787126,Troup,Ultisols,5.3,sandy,good,dry,low,moderate,low,red,92.9,5.5,1.6,0.75
14181487,40787128,Esto,Ultisols,4.6,sandy-loam,good,dry,low,moderate,moderate,red,66.8,14.0,19.2,1.25
14181488,40787131,Blanton,Ultisols,5.3,sandy,moderate,dry,low,moderate,low,red,94.6,4.0,1.4,0.75
14181489,40787134,Fuquay,Ultisols,5.3,sandy,good,dry,low,compacted,low,red,94.6,4.0,1.4,1.25
14181490,40787138,Ocilla,Ultisols,5.0,sandy,poor,wet,moderate,moderate,low,red,83.8,7.0,9.2,1.5
14181491,40787141,Albany,Ultisols,5.1,sandy,poor,wet,moderate,moderate,low,red,78.1,5.5,16.4,1.5
14181492,40787144,Pelham,Ultisols,5.0,sandy,poor,wet,moderate,compacted,low,red,83.5,7.5,9.0,1.5
14181493,40787147,Iuka,Entisols,5.6,sandy-loam,moderate,moderate,low,unknown,moderate,brown,66.3,10.5,23.2,1.25
14181494,40787150,Muckalee,Entisols,6.2,sandy,poor,wet,moderate,moderate,moderate,dark brown,70.9,12.5,16.6,4.0
14181495,40787152,Meggett,Alfisols,5.5,sandy,poor,wet,high,moderate,moderate,dark brown,70.9,12.5,16.6,5.0
14181496,40787156,Pickney,Inceptisols,4.6,sandy,poor,wet,high,moderate,low,black,77.7,6.0,16.3,9.0
14181497,40787158,Herod,Entisols,5.6,sandy-loam,poor,wet,moderate,moderate,moderate,dark brown,65.9,15.0,19.1,4.0
14181498,40787161,Blanton,Ultisols,5.3,sandy,moderate,moderate,low,moderate,low,red,82.2,9.0,8.8,1.25
14181499,40787164,Rains,Ultisols,5.1,sandy-loam,poor,wet,moderate,moderate,moderate,red,67.9,12.5,19.6,3.5
14181500,40787168,Grady,Ultisols,4.6,loamy,poor,wet,moderate,moderate,moderate,red,38.5,25.0,36.5,2.5
14181501,40787171,Escambia,Ultisols,4.6,sandy-loam,poor,wet,low,moderate,moderate,red,68.9,9.5,21.6,1.25
14181502,40787174,Clarendon,Ultisols,5.5,sandy-loam,moderate,moderate,moderate,moderate,moderate,red,66.9,10.0,23.1,1.75
14181503,40787178,Fuquay,Ultisols,5.3,sandy,good,dry,low,compacted,low,red,77.7,6.0,16.3,1.25
14181504,40787181,Orangeburg,Ultisols,5.3,sandy,good,dry,low,moderate,low,red,83.8,7.0,9.2,0.75
14181505,40787185,Lynchburg,Ultisols,4.6,sandy,poor,wet,moderate,moderate,moderate,red,70.9,12.5,16.6,2.75
14181506,40787188,Goldsboro,Ultisols,4.8,sandy-loam,moderate,moderate,low,moderate,moderate,red,66.9,10.0,23.1,1.25
14181507,40787191,Clarendon,Ultisols,5.5,sandy-loam,moderate,moderate,moderate,moderate,moderate,red,66.9,10.0,23.1,1.75
14181508,40787194,Chipley,Entisols,4.8,sandy,poor,wet,moderate,moderate,low,dark brown,96.3,3.0,0.7,3.5
14181509,40787196,Johnston,Inceptisols,5.0,loamy,poor,wet,high,moderate,moderate,black,45.3,11.5,43.2,5.5
14181510,40787201,Leon,Spodosols,5.1,sandy,poor,wet,moderate,moderate,moderate,grey,96.3,3.0,0.7,2.25
14181511,40787203,Troup,Ultisols,5.3,sandy,good,dry,low,moderate,low,red,92.9,5.5,1.6,0.75
14181512,40787205,Wahee,Ultisols,5.3,sandy-loam,poor,wet,moderate,moderate,moderate,red,67.9,12.5,19.6,2.75
14181513,40787208,Lakeland,Entisols,5.3,sandy,good,dry,low,moderate,low,brown,93.6,5.0,1.4,0.75
14181514,40787210,Cape Fear,Ultisols,5.5,loamy,poor,wet,high,moderate,high,black,46.0,10.0,44.0,10.0
14181515,40787213,Kershaw,Entisols,5.3,sandy,good,dry,low,moderate,low,brown,95.5,3.0,1.5,0.75
14181516,40787216,Olustee,Spodosols,4.6,sandy,poor,wet,moderate,moderate,low,dark brown,94.1,4.5,1.4,4.0
14181517,40787219,Tifton,Ultisols,5.3,sandy,good,dry,low,moderate,low,red,78.1,5.5,16.4,0.75
14181518,40787225,Albany,Ultisols,5.1,sandy,poor,wet,moderate,moderate,low,red,92.9,5.5,1.6,1.5
14181519,40787227,Leefield,Ultisols,5.3,sandy,poor,wet,moderate,moderate,low,red,84.3,6.5,9.2,1.5
14181520,40787230,Pelham,Ultisols,4.6,sandy,poor,wet,moderate,compacted,low,red,83.5,7.5,9.0,1.5
14181521,40787233,Johnston,Inceptisols,5.0,loamy,poor,wet,high,moderate,moderate,black,45.3,11.5,43.2,5.5
14181522,40787236,Irvington,Ultisols,5.5,sandy-loam,moderate,moderate,low,moderate,moderate,red,67.0,13.5,19.5,1.25
14181523,40787240,Hazlehurst,Ultisols,5.0,sandy,poor,wet,low,moderate,low,red,82.9,13.0,4.1,1.25
14181524,40787244,Robertsdale,Ultisols,5.3,sandy,poor,wet,low,moderate,moderate,red,70.1,13.5,16.4,0.75
14181525,40787247,Alapaha,Ultisols,5.0,sandy,poor,wet,moderate,moderate,low,red,91.1,7.0,1.9,1.5
14181526,40787250,Stilson,Ultisols,5.0,sandy,moderate,moderate,low,moderate,low,red,78.1,5.5,16.4,0.75
14181527,40787253,Chipley,Entisols,4.8,sandy,poor,wet,moderate,moderate,low,dark brown,95.5,3.0,1.5,3.5
14181528,40787255,Osier,Entisols,4.8,sandy,poor,wet,moderate,moderate,low,dark brown,78.1,5.5,16.4,3.5
14181529,40787258,Pelham,Ultisols,4.6,sandy,poor,wet,moderate,compacted,low,red,83.5,7.5,9.0,1.5
14181530,40787261,Leefield,Ultisols,5.3,sandy,poor,wet,moderate,moderate,low,red,84.3,6.5,9.2,1.5
14181531,40787264,Dothan,Ultisols,5.3,sandy,good,dry,low,moderate,low,red,81.1,10.0,8.9,0.25
14181532,40787267,Lakeland,Entisols,5.3,sandy,good,dry,low,moderate,low,brown,93.6,5.0,1.4,0.75
14181533,40787269,Fuquay,Ultisols,5.3,sandy,good,dry,low,compacted,low,red,77.7,6.0,16.3,1.25
14181534,40787273,Blanton,Ultisols,5.3,sandy,moderate,dry,low,moderate,low,red,94.6,4.0,1.4,0.75
14181535,40787276,Johnston,Inceptisols,5.0,loamy,poor,wet,high,moderate,moderate,black,45.3,11.5,43.2,5.5
14181536,40787279,Ellabelle,Ultisols,5.0,sandy,poor,wet,moderate,moderate,low,red,83.5,7.5,9.0,3.0
14181537,40787282,Pooler,Ultisols,4.6,sandy-loam,poor,wet,moderate,moderate,moderate,red,66.9,19.0,14.1,2.5
14181538,40787286,Albany,Ultisols,5.1,sandy,poor,wet,moderate,moderate,low,red,92.9,5.5,1.6,1.5
14181539,40787289,Bladen,Ultisols,4.6,sandy-loam,poor,wet,moderate,moderate,moderate,red,68.8,15.0,16.2,2.0
14181540,40787293,Osier,Entisols,4.8,sandy,poor,wet,moderate,moderate,low,dark brown,78.1,5.5,16.4,3.5
14181541,40787296,Pelham,Ultisols,5.0,sandy,poor,wet,moderate,compacted,low,red,83.5,7.5,9.0,1.5
14181542,40787299,Rutlege,Inceptisols,4.6,sandy,poor,wet,high,moderate,low,black,92.1,6.0,1.9,6.0
14181543,40787301,Mascotte,Spodosols,4.6,sandy,poor,wet,high,moderate,moderate,dark brown,96.8,2.5,0.7,4.5
14181544,40787310,Mandarin,Spodosols,4.8,sandy,poor,wet,moderate,moderate,low,grey,97.9,1.5,0.6,1.75
14181545,40787311,Pottsburg,Spodosols,5.1,sandy,poor,wet,moderate,moderate,moderate,grey,96.0,2.5,1.5,1.75
14181546,40787314,Brookman,Alfisols,5.5,loamy,poor,wet,high,moderate,high,black,39.4,17.5,43.1,6.5
14181547,40787317,Pelham,Ultisols,4.6,sandy,poor,wet,moderate,compacted,low,red,83.5,7.5,9.0,1.5
14181548,40787320,Olustee,Spodosols,4.6,sandy,poor,wet,moderate,moderate,low,dark brown,94.1,4.5,1.4,4.0
14181549,40787325,Leon,Spodosols,5.1,sandy,poor,wet,moderate,moderate,moderate,grey,95.5,3.0,1.5,2.25
14181551,40787332,Meggett,Alfisols,5.5,loamy,poor,wet,high,moderate,high,dark brown,42.1,20.0,37.9,5.0
14181552,40787336,Olustee,Spodosols,4.6,sandy,poor,wet,moderate,moderate,low,dark brown,94.9,4.5,0.6,4.0
14181553,40787341,Ellabelle,Ultisols,5.0,sandy,poor,wet,moderate,moderate,low,red,83.5,7.5,9.0,3.0
14181554,40787344,Pelham,Ultisols,4.6,sandy,poor,wet,moderate,compacted,low,red,83.5,7.5,9.0,1.5
14181555,40787347,Albany,Ultisols,5.1,sandy,poor,wet,moderate,moderate,low,red,93.2,5.5,1.3,1.5
14181556,40787350,Ogeechee,Ultisols,5.0,sandy,poor,wet,moderate,moderate,low,red,83.1,7.5,9.4,1.5
14181557,40787354,Ocilla,Ultisols,5.0,sandy,poor,wet,moderate,moderate,low,red,83.8,7.0,9.2,1.5
14181558,40787357,Brookman,Alfisols,5.5,loamy,poor,wet,high,moderate,high,black,39.4,17.5,43.1,6.5
14181559,40787361,Cape Fear,Ultisols,5.5,sandy-loam,poor,wet,high,moderate,moderate,black,68.5,10.0,21.5,10.0
14181560,40787363,Pooler,Ultisols,4.6,sandy-loam,poor,wet,moderate,moderate,moderate,red,66.9,19.0,14.1,2.5
14181561,40787367,Meggett,Alfisols,5.5,sandy,poor,wet,high,moderate,moderate,dark brown,70.9,12.5,16.6,5.0
14181562,40787372,Ocilla,Ultisols,5.0,sandy,poor,wet,moderate,moderate,low,red,83.5,7.0,9.5,1.5
14181563,40787374,Pelham,Ultisols,5.0,sandy,poor,wet,moderate,compacted,low,red,83.5,7.5,9.0,1.5
14181564,40787378,Bladen,Ultisols,4.6,loamy,poor,wet,moderate,moderate,moderate,red,41.6,21.0,37.4,2.5
14181565,40787385,Olustee,Spodosols,4.6,sandy,poor,wet,moderate,moderate,low,dark brown,94.1,4.5,1.4,4.0
14181566,40787386,Rains,Ultisols,5.1,sandy,poor,wet,moderate,moderate,moderate,red,70.9,12.5,16.6,3.5
14181567,40787390,Bayboro,Ultisols,4.6,loamy,poor,wet,high,moderate,high,black,39.8,22.5,37.7,7.0
14181568,40787392,Pelham,Ultisols,4.6,sandy,poor,wet,moderate,compacted,low,red,83.5,7.5,9.0,1.5
14181569,40787395,Ellabelle,Ultisols,5.0,sandy,poor,wet,moderate,moderate,low,red,83.5,7.5,9.0,3.0
14181570,40787398,Ocilla,Ultisols,5.0,sandy,poor,wet,moderate,moderate,low,red,83.8,7.0,9.2,1.5
14181571,40787401,Wahee,Ultisols,5.3,sandy-loam,poor,wet,moderate,moderate,moderate,red,67.9,12.5,19.6,2.75
14181572,40787404,Cape Fear,Ultisols,5.5,loamy,poor,wet,high,moderate,high,black,46.0,10.0,44.0,10.0
14181573,40787407,Albany,Ultisols,5.1,sandy,poor,wet,moderate,moderate,low,red,93.2,5.5,1.3,1.5
14181574,40787410,Craven,Ultisols,5.1,sandy-loam,moderate,moderate,low,moderate,moderate,red,68.5,17.0,14.5,1.25
14181575,40787413,Pooler,Ultisols,4.6,sandy-loam,poor,wet,moderate,moderate,moderate,red,66.9,19.0,14.1,2.5
14181576,40787417,Ogeechee,Ultisols,5.0,sandy,poor,wet,moderate,moderate,low,red,83.1,7.5,9.4,1.5
14181577,40787421,Goldhead,Alfisols,6.2,sandy,poor,wet,moderate,moderate,moderate,brown,96.3,3.0,0.7,2.5
14181578,40787425,Kingsferry,Spodosols,4.6,sandy,poor,wet,moderate,moderate,moderate,dark brown,95.4,4.0,0.6,3.0
14181579,40787428,Osier,Entisols,4.8,sandy,poor,wet,moderate,moderate,low,dark brown,93.2,5.5,1.3,3.5
14181580,40787431,Mandarin,Spodosols,4.8,sandy,poor,wet,moderate,moderate,low,grey,97.9,1.5,0.6,1.75
14181581,40787435,Ousley,Entisols,5.3,sandy,moderate,moderate,low,moderate,low,brown,97.3,2.0,0.7,0.25
14181582,40787437,Ellabelle,Ultisols,5.0,sandy,poor,wet,moderate,moderate,low,red,83.5,7.5,9.0,3.0
14181583,40787440,Mandarin,Spodosols,4.8,sandy,poor,wet,moderate,moderate,low,grey,97.9,1.5,0.6,1.75
14181584,40787444,Leefield,Ultisols,5.3,sandy,poor,wet,moderate,moderate,low,red,84.3,6.5,9.2,1.5
14181585,40787447,Bibb,Entisols,4.6,sandy-loam,poor,wet,moderate,compacted,moderate,brown,68.5,10.0,21.5,2.0
14181586,40787449,Pelham,Ultisols,4.6,sandy,poor,wet,moderate,compacted,low,red,83.5,7.5,9.0,1.5
14181587,40787452,Mascotte,Spodosols,4.6,sandy,poor,wet,high,moderate,moderate,dark brown,96.0,2.5,1.5,4.5
14181588,40787461,Surrency,Ultisols,4.6,sandy,poor,wet,high,compacted,low,black,78.5,5.0,16.5,5.5
14181589,40787462,Stilson,Ultisols,5.0,sandy,moderate,moderate,low,moderate,low,red,78.1,5.5,16.4,0.75
14181590,40787465,Olustee,Spodosols,4.6,sandy,poor,wet,moderate,moderate,low,dark brown,94.1,4.5,1.4,4.0
14181591,40787470,Ellabelle,Ultisols,5.0,sandy,poor,wet,moderate,moderate,low,red,83.5,7.5,9.0,3.0
14181592,40787473,Johnston,Inceptisols,5.0,sandy-loam,poor,wet,high,moderate,moderate,black,67.5,11.5,21.0,5.5
14181593,40787476,Albany,Ultisols,5.1,sandy,poor,wet,moderate,moderate,low,red,93.2,5.5,1.3,1.5
14181594,40787479,Chipley,Entisols,4.8,sandy,poor,wet,moderate,moderate,low,dark brown,96.3,3.0,0.7,3.5
14181595,40787481,Ocilla,Ultisols,5.0,sandy,poor,wet,moderate,moderate,low,red,83.8,7.0,9.2,1.5
14181596,40787484,Leon,Spodosols,5.1,sandy,poor,wet,moderate,moderate,moderate,grey,96.3,3.0,0.7,2.25
14181597,40787488,Kershaw,Entisols,5.3,sandy,good,dry,low,moderate,low,brown,90.6,3.0,6.4,0.75
14181598,40787489,Ellabelle,Ultisols,5.0,sandy,poor,wet,moderate,moderate,low,red,83.5,7.5,9.0,3.0
14181599,40787492,Lakeland,Entisols,5.3,sandy,good,dry,low,moderate,low,brown,93.6,5.0,1.4,0.75
14181600,40787494,Rutlege,Inceptisols,4.6,sandy,poor,wet,high,moderate,low,black,92.7,6.0,1.3,6.0
14181601,40787496,Fripp,Entisols,6.5,sandy,good,dry,low,moderate,low,brown,96.8,2.5,0.7,0.75
14181602,40787499,Mandarin,Spodosols,4.8,sandy,poor,wet,moderate,moderate,low,grey,97.9,1.5,0.6,1.75
14181603,40787502,Cainhoy,Entisols,5.5,sandy,good,dry,low,moderate,low,brown,90.3,8.5,1.2,0.75
14181604,40787504,Duckston,Entisols,6.0,sandy,poor,wet,moderate,compacted,low,brown,96.5,2.0,1.5,1.75
14181605,40787509,Bladen,Ultisols,4.6,sandy-loam,poor,wet,moderate,moderate,moderate,red,68.8,15.0,16.2,2.0
14181606,40787510,Meggett,Alfisols,5.5,sandy,poor,wet,high,moderate,moderate,dark brown,70.9,12.5,16.6,5.0
14181607,40787514,Cape Fear,Ultisols,5.5,sandy-loam,poor,wet,high,moderate,moderate,black,68.5,10.0,21.5,10.0
14181608,40787517,Pooler,Ultisols,4.6,sandy-loam,poor,wet,moderate,moderate,moderate,red,66.9,19.0,14.1,2.5
14181609,40787521,Bayboro,Ultisols,4.6,loamy,poor,wet,high,moderate,high,black,39.8,22.5,37.7,7.0
14181610,40787523,Capers,Entisols,7.2,silty,poor,wet,high,moderate,low,black,18.4,25.0,56.6,15.0
14181611,40787525,Centenary,Spodosols,5.5,sandy,good,dry,low,moderate,low,grey,94.9,4.5,0.6,0.75
14181612,40787528,Bibb,Entisols,4.6,sandy-loam,poor,wet,moderate,compacted,moderate,brown,66.9,10.0,23.1,2.0
14181613,40787531,Echaw,Spodosols,5.3,sandy,moderate,dry,low,moderate,low,grey,94.9,4.5,0.6,0.75
14181614,40787534,Chipley,Entisols,4.8,sandy,poor,wet,moderate,moderate,low,dark brown,95.5,3.0,1.5,3.5
14181615,40787536,Albany,Ultisols,5.1,sandy,poor,wet,moderate,moderate,low,red,78.2,5.5,16.3,1.5
14181616,40787539,Rutlege,Inceptisols,4.6,sandy,poor,wet,high,moderate,low,black,92.7,6.0,1.3,6.0
14181617,40787541,Mandarin,Spodosols,4.8,sandy,poor,wet,moderate,moderate,low,grey,97.9,1.5,0.6,1.75
14181618,40787546,Blanton,Ultisols,5.3,sandy,moderate,dry,low,moderate,low,red,94.6,4.0,1.4,0.75
14181619,40787548,Ellabelle,Ultisols,5.0,sandy,poor,wet,moderate,moderate,low,red,83.5,7.5,9.0,3.0
14181620,40787551,Johnston,Inceptisols,5.0,loamy,poor,wet,high,moderate,high,black,45.7,12.5,41.8,13.0
14181623,40787560,Albany,Ultisols,5.1,sandy,poor,wet,moderate,moderate,low,red,78.2,5.5,16.3,1.5
14181624,40787563,Surrency,Ultisols,4.6,sandy,poor,wet,high,compacted,low,black,78.5,5.0,16.5,5.5
14181625,40787567,Grifton,Alfisols,5.5,sandy,poor,wet,moderate,moderate,moderate,dark brown,70.9,12.5,16.6,3.0
14181628,40787574,Pelham,Ultisols,4.6,sandy,poor,wet,moderate,compacted,low,red,94.9,4.5,0.6,1.5
14181629,40787578,Plummer,Ultisols,4.6,sandy,poor,wet,high,moderate,low,black,95.4,4.0,0.6,5.5
14181630,40787579,Sapelo,Spodosols,4.6,sandy,poor,wet,moderate,moderate,low,grey,95.9,3.5,0.6,2.0
14181634,40787586,Bayboro,Ultisols,4.6,loamy,poor,wet,high,moderate,high,black,39.8,22.5,37.7,7.0
14181635,40787588,Satilla,Entisols,5.0,loamy,poor,wet,high,moderate,high,black,41.4,21.5,37.1,27.5
14181636,40787591,Eulonia,Ultisols,5.5,sandy,moderate,moderate,low,moderate,low,red,80.8,10.0,9.2,1.25
14181637,40787595,Coxville,Ultisols,4.6,sandy-loam,poor,wet,moderate,moderate,moderate,red,68.0,16.0,16.0,3.0
14181638,40787598,Bladen,Ultisols,4.6,sandy-loam,poor,wet,moderate,moderate,moderate,red,68.8,15.0,16.2,2.0
14181639,40787602,Rains,Ultisols,5.1,sandy,poor,wet,moderate,moderate,low,red,77.9,6.0,16.1,3.5
14181640,40787606,Eulonia,Ultisols,5.5,sandy,moderate,moderate,low,moderate,low,red,80.8,10.0,9.2,1.25
14181641,40787610,Pelham,Ultisols,4.6,sandy,poor,wet,moderate,compacted,low,red,83.1,7.5,9.4,1.5
14181642,40787613,Lynchburg,Ultisols,4.8,sandy,poor,wet,moderate,moderate,low,red,77.9,6.0,16.1,2.75
14181643,40787615,Olustee,Spodosols,4.6,sandy,poor,wet,moderate,moderate,low,dark brown,94.9,4.5,0.6,4.0
14181644,40787620,Wahee,Ultisols,5.3,sandy,poor,wet,moderate,moderate,moderate,red,70.9,12.5,16.6,2.75
14181645,40787623,Johnston,Inceptisols,5.0,sandy-loam,poor,wet,high,moderate,moderate,black,65.7,11.5,22.8,5.5
14181646,40787626,Myatt,Ultisols,5.3,sandy-loam,poor,wet,moderate,moderate,moderate,red,67.0,13.5,19.5,2.25
14181647,40787631,Pelham,Ultisols,5.0,sandy,poor,wet,moderate,compacted,low,red,83.5,7.5,9.0,1.5
14181648,40787632,Osier,Entisols,4.8,sandy,poor,wet,moderate,moderate,low,dark brown,78.1,5.5,16.4,3.5
14181649,40787635,Ousley,Entisols,5.3,sandy,moderate,moderate,low,moderate,low,brown,81.1,2.0,16.9,0.25
14181650,40787637,Bibb,Entisols,4.6,sandy-loam,poor,wet,moderate,compacted,moderate,brown,66.9,10.0,23.1,2.0
14181651,40787639,Kershaw,Entisols,5.3,sandy,good,dry,low,moderate,low,brown,95.5,3.0,1.5,0.75
14181652,40787640,Norfolk,Ultisols,4.8,sandy,good,dry,low,compacted,low,red,78.5,5.0,16.5,1.25
14181653,40787644,Tifton,Ultisols,5.3,sandy,good,dry,low,moderate,low,red,78.1,5.5,16.4,0.75
14181654,40787649,Johnston,Inceptisols,5.0,sandy-loam,poor,wet,high,moderate,moderate,black,65.7,11.5,22.8,5.5
14181655,40787652,Rains,Ultisols,5.5,sandy-loam,poor,wet,moderate,moderate,moderate,red,67.9,12.5,19.6,3.5
14181656,40787656,Irvington,Ultisols,5.5,sandy-loam,moderate,moderate,low,moderate,moderate,red,67.0,13.5,19.5,1.25
14181657,40787660,Leefield,Ultisols,5.3,sandy,poor,wet,moderate,moderate,low,red,84.3,6.5,9.2,1.5
14181658,40787663,Carnegie,Ultisols,5.3,sandy,good,dry,moderate,moderate,low,red,78.1,5.5,16.4,1.5
14181659,40787667,Lakeland,Entisols,5.3,sandy,good,dry,low,moderate,low,brown,93.6,5.0,1.4,0.75
14181660,40787672,Tifton,Ultisols,5.3,sandy,good,dry,low,moderate,low,red,78.1,5.5,16.4,0.75
14181661,40787674,Pelham,Ultisols,4.6,sandy,poor,wet,moderate,compacted,low,red,83.5,7.5,9.0,1.5
14181662,40787677,Albany,Ultisols,5.1,sandy,poor,wet,moderate,moderate,low,red,78.1,5.5,16.4,1.5
14181663,40787680,Fuquay,Ultisols,5.3,sandy,good,dry,low,compacted,low,red,77.7,6.0,16.3,1.25
14181664,40787685,Stilson,Ultisols,5.0,sandy,moderate,moderate,low,moderate,low,red,78.1,5.5,16.4,0.75
14181666,40787687,Valdosta,Ultisols,5.3,sandy,good,dry,low,moderate,low,red,92.9,5.5,1.6,0.75
